# OBJ Exporter v1.2 by Jaden Seungwoo Oh at CLO Virtual Fashion Inc.
mtllib flower-1.mtl
v 10.297863 552.561462 -0.336279
v 9.085251 550.108704 -2.922372
v 7.872627 547.655945 -5.508486
v 6.311355 548.780762 -8.527274
v 4.750092 549.905579 -11.546038
v 0.778229 548.745117 -10.354074
v -2.673620 547.096008 -8.771708
v -5.367303 544.648193 -6.675508
v -7.212852 541.572571 -4.236341
v -8.586611 538.175415 -1.818009
v -9.220911 534.760925 0.934177
v -10.509780 531.568726 3.607598
v -12.099055 528.357422 6.074543
v -11.567336 525.359680 7.989955
v -10.572521 522.491028 9.806385
v -8.813386 519.966614 11.720045
v -5.271613 518.054932 11.772824
v -2.186690 517.128906 13.909624
v 1.449957 516.342163 15.067500
v 5.083457 516.922607 15.017999
v 8.774643 518.011108 14.132903
v 12.556818 519.390747 13.689390
v 15.368428 521.018799 12.115017
v 17.348295 523.348389 9.152249
v 19.145157 526.027954 6.298532
v 20.522360 528.510315 3.018719
v 20.799723 530.687256 -1.218396
v 20.277830 533.921265 -3.683326
v 19.041174 537.901917 -4.240393
v 16.831707 540.335938 -5.551347
v 14.112379 542.304260 -6.090004
v 10.799236 543.482361 -6.765816
v 6.694551 542.996948 -6.284972
v 2.778303 541.634277 -5.739792
v -0.660311 539.618591 -4.388844
v -3.576415 537.101501 -2.847982
v -5.559260 534.583740 -0.645366
v -5.266704 531.333435 2.095957
v -3.746712 528.540527 4.448460
v -1.427025 525.778870 6.185036
v 0.650544 524.314331 8.772165
v 3.744931 523.432373 9.487391
v 7.324632 524.387451 8.089172
v 10.822454 525.589417 6.374307
v 14.047812 527.158203 4.382226
v 16.453163 529.318420 1.048338
v 15.460985 532.773743 -1.180232
v 13.481449 536.287109 -2.845974
v 9.454643 537.249390 -2.489146
v 5.587632 536.693359 -2.344023
v 2.039819 535.100159 -1.655178
v 0.221700 531.777954 -0.817285
v 1.306859 530.579041 1.157682
v 3.934619 528.791809 2.748841
v 6.600724 529.598328 2.588629
v 9.290863 531.976440 0.978358
v 9.979162 535.329468 1.162607
v 10.667451 538.682556 1.346854
v 10.232666 541.169922 2.497206
v 9.797882 543.657288 3.647558
v 8.883482 545.220703 6.744203
v 8.263445 546.906738 10.050206
v 8.060434 548.766479 13.652766
v 7.180499 551.390320 13.306801
v 7.193341 553.105164 12.681591
v 10.455241 551.463013 13.764061
v 10.651155 548.205994 15.335073
v 9.117794 544.108887 17.055019
v 6.024313 540.143982 17.314259
v 3.504941 535.989868 18.016672
v 1.600702 531.632874 19.193916
v -0.808760 529.447998 19.494696
v -3.091652 529.042969 19.048496
v -4.963679 532.036316 17.167095
v -3.116200 535.626892 16.897505
v -0.150110 539.546936 17.026400
v 0.951418 544.104309 15.808285
v 1.411012 548.663452 14.179976
v 1.349037 553.224182 12.218372
v 4.871710 556.020020 10.342143
v 8.894898 557.768982 9.366460
v 13.527664 557.907837 9.859420
v 17.202213 556.242188 11.990746
v 19.971138 553.825439 14.746014
v 20.226727 550.334106 18.254753
v 20.020281 546.620239 21.670929
v 19.537809 542.755981 25.007835
v 19.232368 538.487305 27.708508
v 17.503511 536.061157 29.050823
v 14.022875 535.902893 28.721376
v 11.620365 538.262329 25.708723
v 8.842045 540.566406 23.311363
v 4.624317 541.668091 23.656067
v 0.455388 542.115356 25.443192
v -3.537132 542.402039 27.322983
v -6.191054 543.847656 24.380617
v -6.254464 544.560303 20.899309
v -3.900104 544.588562 16.915058
v -2.617433 544.415710 14.138128
v -2.924575 545.109314 11.681927
v -6.101594 547.477783 9.665239
v -5.689153 550.547729 7.049933
v -3.616911 553.293762 4.452123
v 0.940344 553.413635 2.852556
v 5.587373 553.130005 1.256806
v 8.269053 533.002075 3.778929
v -3.659893 526.382019 21.369505
v 15.264609 527.590576 20.267395
v -1.079395 549.619507 -2.938596
v -5.126849 546.536255 -3.929756
v -0.191697 551.635193 -0.071068
v 12.595903 540.266418 6.814394
v -0.005424 542.981323 4.099830
v -1.166102 533.936340 10.104776
v 4.747849 530.649414 15.162768
v 8.136860 540.674805 9.545099
v 9.032568 543.113770 8.769372
v 9.734930 542.204285 6.365147
v 9.200229 537.939331 5.758333
v 6.226743 532.268555 5.085330
v -4.698885 535.039612 23.990299
v 5.014237 524.074280 18.433020
v -1.484624 522.896118 20.230343
v 19.084019 536.333679 2.322585
v 16.629976 538.616638 17.748409
v 15.863485 525.577881 16.813416
v -6.213442 546.348938 1.120063
v -7.232759 540.616943 0.619266
v -5.573820 540.682678 6.112715
v -6.415465 545.258545 6.672856
v -3.842685 541.747620 11.523561
v -11.360132 531.540771 9.399659
v -6.163055 543.183716 3.416438
v -6.494468 548.335083 4.168424
v 11.979962 535.298706 10.180669
v 10.446790 544.791504 7.480409
v -2.351874 535.966614 4.632253
v 1.373067 549.508423 6.636255
v -2.019978 532.861572 13.056376
v -1.991531 531.514893 7.657589
v -3.750964 532.207275 5.198517
v -1.583736 529.133545 9.235550
v 0.470079 538.580505 10.600206
v 4.483446 527.125244 12.956300
v 8.945207 533.881470 12.584988
v 7.786832 527.418884 10.477806
v 7.873374 530.875977 11.997977
v 1.404735 527.725586 15.948589
v 15.341370 551.599731 4.377428
v 7.137912 546.692566 12.847012
v 1.524887 534.258545 1.728356
v 9.885569 540.389893 7.827959
v 7.046853 534.550537 7.624504
v 5.676677 538.799500 8.433811
v 6.284045 544.288086 11.309849
v 6.033617 545.934326 9.800233
v -1.626258 538.419678 25.247234
v 5.083694 520.306946 16.908628
v 1.797272 519.186829 18.676287
v -4.577579 521.597595 15.897792
v -7.080331 523.221924 14.562680
v 19.742502 534.983643 -1.153303
v 19.974869 533.375061 0.873863
v 19.635351 531.456421 4.419517
v 18.286940 537.294067 7.147812
v 16.710897 534.352661 10.482120
v 17.691111 540.609253 8.688457
v 17.187157 531.579651 8.543532
v 17.374594 543.353027 4.090502
v 16.185104 537.865845 13.029072
v 14.232539 545.392273 -1.479166
v 12.739274 543.998230 -4.029663
v 16.324617 547.348511 1.894639
v 10.852641 545.280640 -4.824183
v 17.184822 549.310852 5.980738
v 18.076799 540.557434 21.489006
v 17.205858 543.227173 15.544744
v 18.333483 549.434326 10.759528
v 18.073864 546.852051 13.156950
v 13.943454 533.467407 25.539083
v 11.423586 535.633179 23.121876
v 18.735292 535.920837 24.013697
v -11.628380 528.954346 8.950302
v -7.817674 541.355591 19.246742
v 12.989373 538.674316 -0.363218
v 14.942490 533.133179 4.160688
v 9.141421 539.441711 -0.624294
v 12.776407 530.794434 6.168724
v 8.662058 538.328613 14.685061
v 10.126741 545.133911 10.993081
v 7.014805 550.487061 9.947858
v 1.318809 544.328308 10.481755
v -3.655653 536.267334 1.235730
v 0.110271 542.978210 -2.497322
v 0.963376 546.664490 2.419142
v 0.625394 544.889465 -0.787235
v 1.575619 551.940308 9.842918
v 4.408173 552.815186 7.323678
v 13.197029 537.740601 8.610933
v 10.999525 541.854492 9.034997
v 5.626951 538.816162 -0.627940
v 4.640856 540.805786 6.885712
v 5.341447 541.551819 1.815620
v 5.619496 544.090393 5.294221
v 13.025087 555.327637 6.505437
v 18.346903 553.744690 10.187567
v 5.310024 538.120728 22.265341
v -9.782593 525.103333 13.122346
v -11.313712 527.131775 11.167665
v 15.866708 525.602600 12.092475
v 11.779599 547.427368 -2.343157
v 12.689023 549.943298 1.272946
v 17.837528 548.331848 9.109856
v 18.366570 544.752991 18.745607
v 16.492546 529.800842 23.346697
v 16.514500 528.449768 18.719196
v 13.557724 530.933533 22.635748
v 17.522961 532.903198 19.963730
v -6.331040 541.919434 15.085886
v -8.854390 537.470093 17.679266
v -9.612918 533.397522 15.806921
v 12.574716 541.123047 2.373600
v 11.476438 543.140320 5.461165
v 9.150065 544.942627 4.151572
v 8.925130 542.133606 1.646716
v 6.302874 547.625488 7.513665
v 9.641001 547.605957 6.654438
v 0.401422 541.123291 7.706803
v 0.405226 546.080688 5.845391
v 6.787822 544.958191 -4.137055
v -2.312271 537.400330 2.601719
v -1.078698 536.337708 8.611980
v -2.642686 534.087952 6.926656
v 10.304037 552.555115 3.757872
v 2.993083 536.436951 1.029693
v -8.555897 531.106995 20.212465
v 8.423183 524.377991 16.911236
v 12.745616 522.525879 15.099257
v 1.714610 522.952271 20.059288
v -1.242145 525.594971 21.898758
v 0.123702 528.844238 22.978575
v -5.988753 528.009155 20.539707
v 17.311636 526.942017 8.895906
v 16.081293 532.780579 15.613924
v 16.170731 529.623474 16.332466
v 10.575634 532.816772 21.464792
v 7.251047 547.142883 -1.573305
v 3.161135 546.304321 -0.510284
v 7.968022 534.910278 20.110653
v 9.657314 530.377991 19.509382
v 8.755835 527.703918 17.604645
v 4.944002 528.329346 20.063324
v 14.061540 525.268372 17.683712
v 16.052402 530.861633 12.753123
v 4.445585 551.310059 -1.725802
v 2.152453 548.134399 -7.403214
v 3.279565 549.046631 -4.377962
v 10.105103 540.409790 5.211726
v -1.662244 547.968628 -5.849335
v -7.265565 543.885559 -1.556981
v -7.610469 537.726135 3.739931
v -1.979297 519.786743 17.977943
v 8.788607 521.199890 15.466901
v 15.370892 522.951355 14.542462
v 18.244177 529.046082 7.136424
v 19.212879 537.710754 -0.875133
v 18.379459 540.641174 -1.294504
v 3.091388 544.150574 -3.421582
v -2.266783 538.290527 -0.183417
v -1.494271 540.191650 -1.634825
v -3.576641 533.843567 3.056422
v -1.215473 528.743225 12.814992
v 10.012496 529.066040 7.739802
v 14.326620 535.805176 1.708697
v 1.698449 533.700928 4.280292
v 3.808124 531.886658 6.321004
v 8.560257 535.194580 4.583107
v 7.362811 545.739319 10.662628
v 6.829049 548.812439 11.195954
v 10.287587 549.612732 9.812629
v 10.418873 541.775208 13.741055
v 6.383559 534.721680 15.100939
v 2.697887 529.718506 16.804529
v -0.152492 526.357178 14.558924
v 1.077758 540.783264 12.836405
v 1.047795 548.645874 10.296640
v 9.062361 554.976379 6.411772
v 16.049393 555.326782 8.692701
v 19.170134 551.584778 12.788121
v 19.217039 548.418091 15.749224
v 17.268591 532.646240 26.432966
v 8.519637 537.623291 21.419399
v -4.300196 538.869446 25.327274
v -7.181867 539.999451 23.021727
v -3.746379 542.888000 8.706795
v -4.383075 551.112427 1.639062
v -0.121502 536.150513 12.675557
v -8.211078 535.532715 6.935490
v 16.361158 543.013000 -1.465821
v 16.531460 528.699951 10.541890
v -5.006593 548.805420 -1.180281
v -10.782855 529.919434 13.409613
v -9.635802 527.676941 16.573019
v -6.649616 525.744995 17.717659
v -4.172205 524.079102 19.077259
v 11.090769 524.349182 16.061104
v -1.262789 542.318787 -0.378542
v -1.399675 540.019653 2.205710
v 9.869771 531.853638 9.544920
v 12.124434 533.501587 8.037659
v 14.108374 535.763000 6.513916
v 15.031919 538.804382 4.252865
v 3.247514 537.682312 4.541947
v 4.705490 535.416016 7.222058
v 7.709705 543.484497 9.962185
v -1.272908 531.853088 10.894917
v 15.973427 553.794617 6.594762
v 17.978359 551.559021 8.198624
v -7.931976 535.855103 21.633072
v -8.163145 538.584106 13.288404
v -5.803987 538.680237 9.339748
v 18.989698 539.913269 3.051388
v 18.433285 534.176392 5.456149
v 11.370972 539.394043 11.054749
v 10.931633 536.681946 12.421004
v 6.102448 551.165955 3.696306
v 7.683536 537.591553 8.794120
v -9.656394 534.827393 11.376685
v 10.870501 543.210327 7.329454
v 12.963873 553.389832 4.648661
v 15.998251 527.853638 14.506303
v 5.934885 535.626709 21.629009
v -2.226252 530.552368 23.812958
v 2.511089 537.186462 23.594975
v -0.777029 534.443542 24.104532
v 10.239230 533.703552 10.760633
v 3.156101 548.952881 3.488497
v 6.007278 541.526001 10.144707
v 5.503575 543.080444 8.120465
v -0.919558 538.381958 5.799210
v -0.667508 544.720215 1.116064
v 17.474216 545.968872 10.574654
v 7.680604 549.328979 0.967354
v 4.447359 548.388794 1.206314
v 1.648978 526.240295 21.889076
v 11.748390 526.106995 17.908787
v 12.678843 528.279602 20.290916
v 6.780914 532.158020 19.805716
v 16.629950 542.760193 12.419812
v 17.072144 543.062805 9.622090
v 17.173933 545.873169 7.568851
v -2.990019 528.394043 22.670101
v 4.483820 534.002563 22.174803
v 2.425120 531.326172 22.759418
v -4.701166 529.298035 21.986946
v -5.092528 531.452209 22.581491
v -1.407086 527.425781 23.012711
v 3.348206 570.953552 14.725822
v 7.025368 569.430176 12.505114
v 10.457358 567.674561 10.059193
v 13.526706 565.694458 7.321673
v 15.876594 562.862000 4.614982
v 17.329210 559.841675 1.524748
v 17.558701 556.798340 -1.887115
v 16.797407 554.871338 -6.032742
v 15.202480 554.095947 -10.238741
v 13.072338 554.334473 -14.322399
v 8.275566 554.543274 -14.140027
v 3.544443 554.150452 -13.573581
v -1.088192 552.855164 -12.431015
v -5.227007 550.812561 -10.711191
v -9.025223 548.406372 -8.729706
v -11.954875 545.294128 -6.278854
v -14.459050 541.905029 -3.642411
v -16.679565 538.331238 -0.882244
v -17.321609 536.627930 3.237987
v -17.541531 535.825806 7.648090
v -16.487398 536.874634 11.732227
v -15.759169 540.407776 14.446073
v -14.854690 544.377197 16.332083
v -14.381925 548.460938 18.179523
v -14.270506 552.249451 20.647793
v -13.726159 555.752625 23.616558
v -12.838352 559.575745 26.043022
v -11.406157 563.732910 27.361712
v -9.005504 567.555725 26.771774
v -6.236545 570.225647 24.313604
v -3.120953 571.477234 21.160925
v 0.094652 571.579834 17.934544
v 4.386975 560.671448 -0.148930
v -10.785619 550.118591 5.469424
v 9.442940 564.590698 5.333747
v 10.885586 558.709045 -3.181054
v 1.156909 556.679871 -5.968958
v -3.397594 566.062744 13.414017
v -10.704842 548.309021 1.087648
v 11.530049 562.550415 2.616972
v 12.967840 556.534790 -5.723208
v 12.970557 560.173523 -0.053543
v 4.146202 555.810303 -10.398266
v -12.764036 553.447876 17.562052
v -11.020579 560.475220 21.609831
v -6.990396 567.482239 21.480053
v -0.831366 566.411804 10.675234
v -13.876246 542.867432 1.729657
v -13.037134 547.684326 11.290398
v -15.203352 540.283203 9.367156
v 7.785924 561.874146 1.052669
v 0.645512 563.138550 5.470930
v 11.052563 555.369751 -11.486180
v 8.612640 556.604553 -8.074099
v 6.013823 559.005676 -3.468483
v -6.528970 551.421509 -7.302557
v -4.572045 568.469482 18.538574
v 5.801663 563.385986 3.756057
v -2.284214 563.947998 8.715529
v -9.908409 563.848083 23.031689
v -5.571691 556.166138 0.360798
v -9.284271 561.499268 17.870209
v -7.203597 562.464844 14.494699
v -8.398903 559.204102 12.727649
v -5.990599 565.577026 16.408934
v -4.769534 563.197632 11.471397
v -6.175620 560.182617 9.373343
v -7.955290 556.737671 7.847109
v -10.819510 552.326538 9.771837
v -12.085655 548.887634 8.313170
v -11.953047 546.534180 3.794707
v -13.112008 545.162354 6.850499
v -6.908662 555.114746 2.381092
v -7.302731 551.834167 -3.362341
v -6.452823 554.076050 -1.360691
v -9.390898 553.394653 6.803111
v -1.007645 559.676697 1.429483
v -12.265160 551.195190 12.717184
v -8.988583 550.056091 -1.249324
v -4.037451 556.869202 -0.854262
v -1.596579 558.159912 -1.999436
v -3.512571 561.431091 5.478868
v 2.301100 561.994629 2.463289
v 1.745892 558.463379 -3.066839
v 1.195825 568.644287 12.703382
v 4.250931 567.415405 10.544356
v -1.620162 568.630249 15.681848
v -8.665270 566.319092 23.747858
v -11.940453 556.945679 19.725000
v -13.469181 549.919250 15.590022
v -13.873796 546.387024 14.027976
v -14.529379 543.662109 12.843039
v 6.930621 566.290344 7.964107
v 13.584330 557.983704 -2.671452
v 11.907583 555.470093 -8.811124
v 7.991218 555.608521 -11.062459
v 0.162319 554.827759 -9.094023
v -10.534809 547.636658 -3.590713
v -8.408854 549.870728 -5.776308
v -14.770808 541.168884 5.302492
v -12.412868 545.248291 -1.167936
v -13.943236 544.178711 10.067132
v -11.230072 554.640320 14.379986
v -10.242819 558.096313 16.163551
v -8.088443 564.631348 19.680672
v -3.283922 553.985352 -7.597677
v 9.418085 559.901611 -1.396786
v 9.649453 557.895996 -5.201035
v 3.729543 564.875427 6.333188
v 1.705664 565.966736 8.654278
v 4.938483 556.936646 -6.950374
v -9.636252 555.741943 11.173774
v -5.403563 553.088379 -5.325711
v -0.073979 564.489624 7.528230
v -2.211609 556.175354 -4.757594
v -7.958590 552.708496 0.659360
v 1.577033 559.796082 -0.717213
v -9.390870 551.389465 2.828014
v -4.624696 555.212219 -3.170547
v -7.960769 554.282043 4.057239
v -6.320235 557.229248 4.099564
v -4.292614 557.538879 1.223980
v 14.905980 566.421997 15.251677
v 11.090915 565.295349 13.031165
v 7.500035 563.762756 10.671188
v 4.254397 561.832825 8.096167
v 1.624356 559.348877 5.300598
v -0.202970 556.900696 1.907480
v -0.881534 554.602844 -2.005915
v -0.161996 552.743530 -6.154335
v 1.498201 552.426331 -10.139570
v 3.764928 553.562256 -13.835527
v 8.881832 553.191650 -13.725078
v 13.957095 552.211731 -13.167317
v 18.969397 550.295715 -11.938069
v 22.753433 546.913147 -9.708232
v 25.780420 543.022522 -7.051404
v 27.007467 538.565613 -3.687121
v 27.360859 534.122253 -0.144704
v 27.131809 529.687866 3.516477
v 24.347496 528.144104 6.720057
v 21.443317 527.672852 10.089202
v 18.021053 529.773071 12.711276
v 18.466518 533.239746 15.451468
v 19.577850 537.136780 17.564823
v 21.307331 540.823303 19.634918
v 23.050804 544.075928 22.317717
v 23.820932 547.456787 25.405218
v 24.393341 551.294922 27.902346
v 24.575069 555.694519 29.200968
v 23.986708 560.132141 28.407911
v 22.926086 563.578308 25.655552
v 20.753511 565.634338 22.159185
v 18.005833 566.431885 18.669048
v 12.640285 556.033020 0.648712
v 23.317253 542.806030 6.751505
v 8.137887 560.600037 5.947471
v 6.171953 555.008667 -2.634946
v 15.646603 551.685547 -5.268391
v 20.457047 560.353394 14.109644
v 23.921747 541.088318 2.629873
v 5.881850 558.807861 3.194972
v 3.905436 553.512390 -5.447953
v 4.192817 556.732605 0.405830
v 12.972608 552.633362 -9.902041
v 23.271685 545.717896 18.999428
v 24.328758 552.794189 23.174591
v 23.282593 560.746094 22.793646
v 18.203449 561.356018 11.271067
v 24.773252 535.278503 4.293102
v 21.758043 540.431213 12.641983
v 20.509277 532.896545 10.899496
v 9.462261 557.681274 1.712915
v 16.140987 558.593018 6.159823
v 5.847010 553.412598 -10.987940
v 8.341910 553.213257 -7.556099
v 10.986762 554.620483 -2.759255
v 23.263256 546.072632 -6.190170
v 21.719303 562.383789 19.552767
v 11.509516 559.151855 4.369985
v 19.180763 559.090881 9.183678
v 24.396969 556.346069 24.611225
v 22.323053 549.452820 1.330244
v 24.186865 554.374329 19.083708
v 23.205048 555.966797 15.226824
v 23.672176 552.472290 13.118752
v 22.567913 559.249573 17.355822
v 21.180084 557.315918 11.770561
v 22.232931 554.033813 8.422823
v 23.640806 549.467834 7.996403
v 23.080360 545.077271 10.790864
v 22.598866 541.577759 9.638227
v 23.314100 539.189697 5.429845
v 22.662336 537.765869 8.554087
v 23.360107 546.123047 2.000667
v 22.843760 545.458923 -2.294219
v 22.555470 547.671204 -0.318692
v 22.945959 548.843567 4.029861
v 21.540323 552.685059 3.555009
v 17.770721 554.880371 2.537587
v 22.550880 543.847656 13.944013
v 25.170574 540.758972 -1.567275
v 20.871689 551.131165 0.414757
v 18.361343 552.857727 -0.994837
v 19.226482 556.992554 6.352120
v 14.673457 557.382263 3.289354
v 15.090156 553.488037 -2.218372
v 16.637770 563.814148 13.280334
v 13.485527 562.915649 11.148176
v 19.137140 563.181030 16.443930
v 23.980988 559.103882 25.255919
v 24.078758 549.209961 21.216507
v 22.071243 542.353149 16.972971
v 20.797592 539.128113 15.353811
v 20.443108 536.362549 14.228266
v 10.752404 562.121826 8.540392
v 3.338312 554.840515 -2.372804
v 4.920693 552.825256 -8.500679
v 9.099868 553.180420 -10.609011
v 17.209835 550.981201 -8.516710
v 24.385845 543.860413 -4.318975
v 25.453606 537.978882 1.125246
v 23.091803 533.413330 7.639289
v 21.604443 536.796387 11.676968
v 23.486603 547.316223 15.504589
v 23.970840 550.867432 17.225401
v 23.695250 557.695496 20.950743
v 20.240288 549.277344 -6.918121
v 7.688455 555.865356 -0.754638
v 7.355037 554.271973 -4.644165
v 13.611370 560.536438 6.899012
v 15.661896 561.240662 9.279408
v 23.437017 543.252258 0.090071
v 11.948405 552.615295 -6.327799
v 23.872398 548.528625 11.872344
v 21.694767 547.384399 -4.413275
v 17.046694 559.705078 8.165479
v 18.960934 550.887451 -3.939862
v 23.939985 544.077759 4.206763
v 15.284016 554.946106 0.223344
v 21.306305 549.544495 -2.223370
v 23.622633 545.946411 7.699809
v 23.822201 546.302246 5.291897
v -15.054864 547.019775 32.104610
v -13.908154 548.142212 27.830627
v -12.420470 548.771057 23.562057
v -10.724386 548.790955 19.319199
v -9.967561 548.278625 14.857815
v -9.587942 546.920044 10.535154
v -9.678163 544.548096 6.666479
v -10.287323 541.377380 3.458457
v -12.598411 538.669861 1.191782
v -16.412128 536.638000 -0.264255
v -17.045506 532.266296 3.078226
v -17.024900 527.983398 6.408541
v -16.023323 523.833984 9.720613
v -13.596753 520.264160 12.760693
v -10.507341 517.096863 15.506598
v -6.191569 514.960327 17.347809
v -1.488840 513.488159 18.537846
v 3.471860 512.458923 19.293772
v 7.273137 514.816895 19.459925
v 10.234593 517.986023 19.663801
v 11.123048 522.217529 20.417917
v 9.282011 526.195740 21.094664
v 7.672535 529.401550 23.815634
v 6.154863 532.591370 26.622957
v 5.257225 536.156738 29.242556
v 4.617964 540.028564 31.697935
v 3.366290 543.575378 34.378712
v 1.093462 546.352356 37.247673
v -2.544808 547.495850 39.749016
v -6.813445 546.958069 40.951912
v -11.180655 546.342712 39.673035
v -13.724333 546.436218 36.482357
v -0.541541 523.231262 24.628700
v -5.668255 538.040161 34.191277
v -14.172612 532.048584 19.548405
v -2.241405 531.382813 29.957447
v -0.025447 517.539673 21.423744
v -0.537191 538.385681 33.624920
v -15.676003 528.080994 11.834822
v -13.206341 536.980103 11.034893
v -12.979191 541.192993 19.252829
v -13.039679 538.717590 28.457460
v 0.909037 531.442322 29.386799
v 7.086668 521.744202 21.323130
v -6.001419 543.655334 38.466644
v -13.245858 544.061768 33.117455
v -3.321806 544.650757 38.516289
v -1.502940 543.215393 36.790432
v -16.109560 530.736206 8.633994
v -13.324662 522.422424 15.215266
v -11.281818 540.727600 8.973603
v -12.054596 544.630005 19.295309
v -13.220897 544.512085 22.838640
v -11.269963 544.093140 15.792697
v 2.337047 526.815063 26.328548
v 2.878158 515.778442 21.157658
v -10.796450 538.389771 32.393742
v -4.329625 536.051575 32.987022
v -14.545549 536.031677 4.077759
v -13.814297 540.094543 25.199348
v -12.443835 539.457520 14.011795
v -3.335319 533.340820 31.225494
v -14.177317 542.670837 29.848061
v -13.817843 535.279907 22.517292
v -12.698069 541.740479 31.956608
v -7.987746 535.228271 31.973457
v -9.237017 529.880554 26.588985
v -13.386044 535.578735 26.047367
v -10.653084 536.451721 30.265343
v 2.379543 520.312805 23.782578
v -14.652666 533.274292 10.417031
v -14.268207 535.148071 14.707862
v -15.100327 531.459412 14.478618
v -13.683751 538.621826 18.971266
v -13.845642 540.924255 22.133942
v -8.572454 540.334656 35.517738
v -14.635253 528.726746 15.805550
v -12.322217 529.736206 22.735361
v -13.785177 533.455994 23.527935
v -2.754413 520.323669 22.149055
v -12.354966 540.883240 16.592131
v -4.412067 540.484924 36.111603
v -13.216117 536.279724 7.153827
v -6.733184 522.972839 22.187386
v -13.597756 543.886597 26.403347
v -11.153272 542.803101 12.319726
v -11.585974 538.836487 5.810280
v -12.607644 537.564087 3.684072
v -15.554564 533.241516 5.875953
v -14.835515 524.235779 13.135558
v -10.506023 520.527832 17.466217
v 5.064223 518.025146 21.856400
v 4.862526 524.514404 23.871140
v 0.605636 534.689514 31.116537
v 0.427076 541.748474 34.884171
v -9.703901 543.204712 37.558865
v -12.286671 543.343140 35.593468
v -6.729119 518.988586 19.259428
v -14.541053 526.531189 14.421038
v -13.430829 525.164063 17.004292
v -10.693971 523.820801 19.532099
v -3.830044 517.428650 20.167904
v -11.276673 540.778442 34.075272
v -14.465667 534.189270 7.759706
v -1.254007 528.145508 27.857449
v -13.688147 528.162903 18.456057
v -11.695991 526.984680 21.190676
v -8.432357 537.846436 33.700546
v -13.494791 537.489197 16.046535
v -13.177837 538.998108 17.203312
v -13.901964 538.005127 21.289906
v -13.799839 537.217773 23.785480
v -3.898823 525.353149 25.455132
v -4.452590 529.757690 28.529650
v -8.903825 526.593201 23.538086
v -12.188836 539.599976 30.957428
v -14.042398 535.432739 20.400312
v -14.177532 536.552002 18.201130
v -14.320545 534.567871 17.498608
v -7.482414 531.949707 29.775517
v -6.782149 527.529541 26.481836
v -10.276218 528.672791 24.349052
v -10.864152 533.835083 27.921453
v -11.681891 531.666138 25.254814
v -12.252136 567.208252 19.457941
v -13.646110 562.870850 19.502605
v -15.232115 558.647095 19.097521
v -17.261871 554.702881 18.061127
v -18.509943 550.518738 16.751181
v -17.728367 546.258789 15.135233
v -18.051613 542.577942 12.501558
v -18.506248 539.737671 9.048163
v -19.472368 538.028137 4.990044
v -22.220032 538.143494 1.956903
v -25.588066 539.362732 -0.642397
v -23.261538 543.967102 -4.041181
v -20.416451 548.303528 -7.206451
v -17.052818 552.372131 -10.138199
v -12.688442 555.546265 -12.765804
v -7.875753 558.187927 -15.064087
v -2.614784 560.296997 -17.033030
v 2.760552 561.425598 -18.095730
v 8.142426 561.836914 -18.585844
v 13.530872 561.531128 -18.503393
v 16.427891 560.460022 -15.237312
v 18.889069 559.862061 -11.547935
v 20.358418 560.914429 -7.507371
v 19.873268 563.558472 -4.052073
v 18.134600 566.614929 -1.337230
v 15.917710 569.485107 1.220925
v 13.720048 572.065552 4.048499
v 12.094180 574.607971 7.278765
v 10.686267 576.822083 11.060905
v 8.728598 578.822876 14.701574
v 5.949501 580.389160 17.988310
v 2.115168 581.069946 20.332582
v -2.354325 580.572449 21.028946
v -6.552062 578.779968 20.635908
v -9.843751 575.651917 20.060501
v -11.707051 571.755493 19.612679
v -17.516237 545.522400 -1.814275
v 4.734230 563.990723 -10.031034
v -9.389964 555.842529 -4.486108
v -13.005012 553.727661 5.825311
v -9.357405 564.898315 8.420937
v -6.835371 572.044983 12.981442
v -20.268089 541.950134 -0.172736
v -14.955854 549.095398 4.538978
v 7.871626 573.109070 5.153530
v 10.329077 571.127075 2.058973
v 16.513371 563.001343 -7.858410
v 1.082330 562.344727 -9.938774
v 7.447453 563.243652 -13.066850
v -15.383381 553.305481 11.739305
v -12.352276 562.691956 15.546350
v -9.996923 570.710144 16.262867
v 5.902921 576.698792 12.175366
v -0.342602 578.603638 17.445177
v -16.266201 548.271423 9.896170
v -4.081654 559.291870 -12.768454
v 11.616030 562.818909 -14.528759
v 9.700562 565.408569 -8.156305
v -14.571188 550.639648 -5.727396
v -3.477993 574.570801 13.348715
v 4.172641 572.579956 5.688561
v -6.306759 569.374756 8.800093
v -3.384691 561.552795 -5.708172
v -10.319556 555.024902 -8.752198
v -2.434937 559.975891 -10.425803
v -5.305966 559.095764 -7.722804
v -1.229094 561.995544 -8.036506
v 6.065228 565.617371 -7.925032
v -12.836255 558.120850 11.410162
v -10.101516 561.983826 7.907049
v -14.341213 549.630615 -0.807790
v 1.430109 573.605286 8.890737
v 4.210804 574.323975 8.598680
v 2.199556 567.891541 -1.732311
v -9.547705 566.799988 11.507360
v -7.640011 565.536133 6.259878
v -6.891160 559.854614 -1.774447
v -4.302845 563.841309 -0.299368
v 2.336205 564.348694 -7.863832
v -11.172586 558.147095 6.881793
v -10.959402 554.355347 -0.038450
v 3.477625 571.017395 3.009874
v 1.221791 570.487793 3.275769
v -6.914900 561.464722 0.742579
v 0.059877 563.956604 -5.979738
v -0.155500 566.278870 -2.144737
v -1.680007 567.433838 1.304583
v 1.299317 571.924744 5.885489
v -3.957663 568.338379 4.700774
v -18.140402 541.500000 3.642072
v -17.761961 541.842346 6.977695
v -16.957302 544.358032 8.228351
v -11.034891 566.873291 15.674689
v -13.851181 558.699097 15.320067
v -15.532272 555.586487 15.024566
v -13.988617 552.717957 -8.249951
v -6.818939 557.693481 -11.118958
v 3.382097 562.141785 -13.910173
v 13.429321 562.649170 -11.314466
v 14.112396 566.215637 -4.766040
v 11.992027 569.068237 -1.286136
v 7.180859 575.182617 9.274970
v -4.766932 576.693665 16.800428
v -8.138867 573.952454 16.357143
v -16.737869 544.987976 3.597465
v -0.021870 560.902222 -12.780470
v 3.508936 577.206421 13.909734
v -0.068369 576.331299 14.098967
v 3.173993 562.650635 -11.308271
v -11.218719 562.408386 11.568090
v -7.947604 557.006836 -6.354382
v -8.878709 569.946533 13.509892
v -11.277590 553.771118 -4.885424
v 4.120001 575.517151 10.674980
v 5.886866 571.073669 1.928425
v 7.888846 570.281494 0.259401
v 2.290898 575.298706 11.307284
v 0.106069 574.729370 11.746143
v -2.002785 572.719971 9.658030
v -5.772072 559.398987 -4.937134
v -7.282537 558.151245 -3.881797
v -9.072554 558.938232 2.380488
v -8.663912 562.467041 4.758635
v -1.382376 570.705750 5.883694
v 4.573628 569.476990 -0.533992
v 7.573463 568.477600 -3.143451
v 2.997702 569.914246 1.095138
v 1.175467 568.954590 0.973009
v -5.013681 561.132629 -3.191927
v -8.278741 558.518738 -0.579278
v -8.817702 556.609192 -2.267522
v -5.779829 565.201172 3.377464
v -2.056586 564.008362 -3.628251
v 1.168172 565.685425 -4.461542
v 3.865722 566.460815 -5.072697
v -0.597150 569.536194 3.494672
v -7.158405 563.049072 2.940096
v 22.264557 572.467468 12.661405
v 17.971977 571.983032 10.939531
v 13.814772 571.224243 8.988959
v 9.900706 570.195190 6.701759
v 6.336390 568.935913 4.001317
v 3.361892 566.323181 1.499177
v 1.302656 563.445374 -1.450889
v 0.244637 560.677368 -4.991475
v 0.192201 558.370728 -9.032960
v 0.250677 558.705994 -13.359722
v 0.669659 560.271240 -17.672421
v 7.074865 560.335449 -18.056768
v 13.478139 559.513062 -17.788378
v 19.879433 557.804077 -16.867260
v 25.335032 554.249390 -14.396229
v 29.798796 549.996582 -11.293734
v 33.270691 545.045959 -7.559776
v 34.255486 539.403809 -3.114401
v 34.393066 533.992920 1.397452
v 33.683441 528.813416 5.975810
v 29.687643 527.508789 7.989658
v 25.938976 527.178589 10.264059
v 22.914553 528.765442 13.160962
v 22.339800 532.241211 15.619970
v 23.052591 536.305115 17.224213
v 24.925190 540.153320 18.670017
v 26.493540 544.101990 20.198042
v 27.768734 547.868164 22.350975
v 29.247334 551.532654 24.796547
v 30.928558 555.414307 26.707983
v 32.763062 559.559143 27.678707
v 33.904633 563.976318 27.037031
v 33.867611 567.807922 24.584661
v 32.752834 570.631592 21.090219
v 29.747301 572.173157 17.933416
v 26.221096 572.714417 15.096886
v 15.679764 562.661560 -1.575082
v 29.932867 558.025391 12.320106
v 26.868214 541.266235 7.959868
v 31.887365 563.732300 18.818539
v 27.592415 565.634827 10.983496
v 27.390776 536.994995 7.064084
v 9.511594 561.204163 -6.731944
v 28.555698 550.687866 19.560310
v 32.706696 565.287659 21.024502
v 30.590586 555.923828 22.605238
v 29.366684 568.422607 15.773684
v 30.543171 534.315308 4.294737
v 28.635225 539.011841 3.462954
v 26.784279 544.808350 17.388689
v 23.965345 534.401978 12.792435
v 11.671477 564.574280 -0.598829
v 5.245778 561.110718 -6.168698
v 5.315463 559.235107 -9.731563
v 29.585545 554.000183 19.417252
v 26.825571 569.053894 13.006075
v 31.115791 564.393127 16.689589
v 28.139147 548.884277 16.984812
v 25.786884 535.674011 10.110414
v 13.603602 567.406616 3.531430
v 7.100762 565.466797 -0.642536
v 31.885391 559.159485 22.953508
v 32.647034 562.499573 22.483006
v 30.317034 556.031128 19.362375
v 24.591667 565.853455 8.653299
v 30.994099 561.531372 15.970497
v 8.809571 559.736816 -10.293756
v 30.679623 558.405884 15.895095
v 6.565562 558.930115 -13.397929
v 14.306543 560.153870 -5.734410
v 31.854538 537.903381 0.442314
v 27.519573 545.222900 9.721546
v 26.054644 539.511536 11.220064
v 22.997211 563.392151 4.328861
v 25.744040 562.470825 6.565944
v 20.312462 563.840332 2.783140
v 17.655113 564.240662 1.455610
v 21.761894 566.303223 6.334555
v 28.266727 557.723938 8.657703
v 26.187155 558.065491 4.577991
v 29.235054 554.317749 12.964444
v 29.745409 555.435791 16.421610
v 27.686991 547.728394 6.340468
v 28.685463 551.243530 14.813531
v 26.019564 554.265076 1.788790
v 28.292397 552.470886 8.758676
v 28.115232 548.831299 11.995313
v 22.634151 558.771484 -0.461570
v 27.408558 546.170410 0.561925
v 25.231415 556.114807 1.276584
v 23.497232 560.514465 2.192643
v 25.170773 552.894165 -0.177991
v 21.260021 561.276245 1.026427
v 22.620045 555.404358 -3.595895
v 19.123377 559.939087 -2.435519
v 18.389000 561.977112 -0.338241
v 23.770678 553.046753 -11.162593
v 19.093397 556.306641 -13.051128
v 27.539541 546.209839 -4.829573
v 27.391165 549.845215 -9.302999
v 28.861782 541.770508 -0.943429
v 9.426817 564.541077 -1.787876
v 14.653513 564.770203 0.667463
v 26.913332 543.115662 12.882242
v 13.118700 558.216553 -13.846182
v 27.521788 546.414612 14.818507
v 27.553005 543.425110 4.466288
v 18.588236 557.765869 -5.296680
v 19.908222 568.887634 8.650685
v 23.507591 569.218750 10.591222
v 16.622450 568.562500 6.325917
v 9.715887 566.743408 1.468886
v 5.794075 563.400757 -3.097524
v 31.359190 541.710815 -2.708328
v 30.353680 545.654907 -6.200447
v 28.486624 532.547363 7.148083
v 25.720184 531.764709 9.554684
v 24.036007 531.653931 11.723455
v 24.629061 537.966309 14.225712
v 26.039801 541.435974 15.841105
v 27.585661 547.183228 18.916275
v 29.464069 553.045959 21.597187
v 31.722631 567.246277 18.525656
v 16.740917 565.960693 3.181462
v 18.918381 566.268127 4.558723
v 9.410797 563.216370 -3.835892
v 29.544548 565.054138 13.995424
v 31.252983 558.779236 19.285755
v 13.730689 558.364929 -9.918064
v 18.850060 556.312439 -9.238141
v 12.766018 562.677612 -2.962902
v 29.155533 552.846130 17.550575
v 25.864521 549.078003 -7.108163
v 23.675356 552.402222 -7.059870
v 31.565516 561.654419 19.165470
v 29.616611 561.623108 12.975852
v 28.304276 562.000305 9.513110
v 26.056870 549.200500 -2.921500
v 16.432873 561.047852 -3.359856
v 27.025879 549.967224 2.609701
v 27.309294 553.715637 4.251884
v 26.976143 548.135864 48.601631
v 29.288115 547.993896 44.229710
v 31.595942 547.408081 39.904827
v 33.832878 546.318604 35.627731
v 35.872044 544.776001 31.394222
v 37.433609 542.889771 27.100269
v 38.413193 540.617493 22.823982
v 38.421116 538.170166 18.537651
v 37.491684 535.408325 14.565572
v 35.641697 532.437073 11.093710
v 33.039795 529.348816 8.254189
v 30.051111 526.043518 6.124542
v 26.844173 522.603455 4.595042
v 23.257561 520.858337 7.579010
v 19.436832 519.438354 10.396929
v 15.303928 518.451660 12.993443
v 11.366226 517.168396 15.766768
v 7.419930 515.885010 18.539421
v 3.370856 514.725159 21.236725
v -0.418875 513.225891 24.116802
v -4.096209 511.581848 27.074633
v -7.721475 509.883240 30.060278
v -10.939948 507.752655 33.173309
v -13.853308 505.298035 36.381866
v -15.015952 504.189758 40.670147
v -15.747862 503.436493 45.119831
v -15.834907 503.533295 49.682190
v -14.744088 504.963013 53.830299
v -12.966191 507.958313 56.759010
v -10.539481 511.320587 58.680145
v -7.903631 514.756958 60.152634
v -5.096676 518.071350 61.597382
v -1.977903 520.908386 63.329304
v 1.149184 523.260864 65.688278
v 4.801483 525.056396 68.345604
v 8.682431 526.969299 70.547829
v 12.789242 529.056824 72.092155
v 17.300789 531.070557 72.282326
v 20.525869 534.597107 71.662292
v 22.741890 538.324097 69.515778
v 24.020947 541.633606 66.209770
v 24.664219 544.439392 62.305908
v 25.246355 546.433105 57.923302
v 26.024561 547.598633 53.328983
v -10.046886 510.616455 41.748421
v -6.978233 515.608948 52.023876
v -11.606353 508.372559 38.878059
v -12.663516 507.591003 44.871407
v -13.576574 506.387695 48.441212
v -12.426445 508.163361 50.742126
v -8.750108 513.138489 49.908024
v -8.782788 513.420532 55.170494
v -6.502091 515.493042 46.864433
v 0.576447 523.292297 50.506165
v -10.571883 510.542023 47.484543
v -2.261575 519.818542 46.402988
v -4.743587 517.689575 49.085068
v -3.934861 517.729187 44.020313
v -5.157372 517.799194 53.892757
v -3.093169 519.749634 51.120701
v 2.290758 525.649597 57.040730
v -3.535002 519.688599 55.745941
v 0.133016 523.557861 55.004387
v -1.569344 521.659058 53.087044
v 7.383778 529.579956 61.548512
v 2.958054 525.525330 62.490356
v 22.581242 530.418030 26.492395
v -5.631542 515.431519 41.464191
v -7.305127 512.946899 38.756470
v -4.162878 514.865356 35.886265
v 15.301661 537.655090 57.355400
v 12.083220 533.765930 61.001022
v 9.037004 531.715088 58.469311
v 10.052749 531.202576 63.790234
v 8.368973 531.441895 53.077591
v 4.692070 527.733643 59.311295
v 10.476946 533.335510 55.249725
v 31.234335 535.139343 23.543982
v 0.498840 521.945313 43.990654
v -2.459320 517.226624 38.710346
v 2.390586 521.356323 38.931976
v 0.827048 518.903931 36.057335
v 5.527914 523.048096 36.331718
v 3.789322 523.892212 41.808342
v 2.159649 524.549194 48.693771
v -0.755397 516.437622 33.141701
v -2.426314 514.022644 30.130228
v 18.177412 540.071228 58.437599
v 16.134071 535.803589 64.448517
v 15.280344 536.560303 61.178894
v 13.706023 533.720032 64.909821
v 17.925726 537.454590 64.181038
v 34.457962 537.789673 23.484001
v 27.240910 540.419067 34.875404
v 16.367990 522.518982 19.419590
v 9.018715 520.927979 25.328033
v 8.618041 524.789795 33.754307
v 2.619906 517.987427 30.445469
v 21.871813 543.844543 56.014740
v 17.942110 535.206055 67.626953
v 28.515808 535.734802 27.504675
v 28.455627 544.228699 38.970741
v 32.827301 531.763367 14.584328
v 30.081409 530.800598 17.329359
v 24.635313 527.065247 18.331486
v 26.092081 524.028687 9.171772
v 19.920132 522.246216 15.000154
v 7.233949 522.173462 30.776691
v 4.540006 517.148132 24.603142
v 22.897953 544.811523 51.648552
v 17.298094 539.031433 48.750889
v 15.532184 538.133850 53.010162
v 20.108316 541.832764 50.154938
v 21.649584 542.161743 45.928024
v 24.343739 545.136536 47.238472
v 20.927040 539.190247 40.727356
v 23.124252 538.772339 37.357708
v 19.008564 539.316772 44.712505
v 12.437727 533.947754 46.562206
v 16.425257 536.599609 43.553776
v 15.549456 533.320435 38.615929
v 8.178777 528.137024 41.411865
v 18.416138 536.343872 39.624546
v 10.799235 530.942383 42.472649
v 12.667148 535.363586 56.957706
v 26.566515 532.088318 24.726984
v 29.258327 532.454651 22.034363
v 15.686981 523.809998 22.511831
v 8.039289 518.401611 22.180351
v 19.983625 524.453369 19.014597
v 23.999405 524.501648 14.143925
v 5.857256 519.552734 27.792461
v 25.572075 541.371948 38.240025
v 20.949905 536.015930 35.868324
v 12.985762 529.177063 35.042740
v 9.950396 528.748962 38.940094
v 18.944530 526.125000 23.091522
v 9.532129 527.150208 36.671982
v 6.743071 525.571716 39.048500
v 17.966898 532.075623 33.509365
v 17.108612 527.884949 27.975388
v 23.027191 528.330566 22.690990
v 27.484856 530.013000 20.129427
v 12.227151 526.461304 31.190119
v 24.887699 538.660461 35.084381
v 13.525530 536.024414 50.495148
v 9.138241 530.717651 47.070271
v 6.379863 529.179688 50.754658
v 2.221953 525.306519 52.099831
v 4.234987 527.597778 53.989155
v -0.748006 521.679199 48.637299
v 4.085558 520.490356 33.420288
v 10.509868 523.541809 28.164457
v 23.244555 522.558960 11.287713
v 26.344360 544.908081 43.021595
v 30.332272 543.144226 35.161331
v 31.848972 541.476135 31.370008
v 33.083130 539.448242 27.381905
v 21.219074 542.274597 60.136002
v 20.664974 540.185486 63.644188
v 19.757103 537.869690 66.289719
v 15.123763 532.895630 68.389542
v 12.243948 530.761230 68.237930
v 9.150450 529.198364 66.901474
v 34.953529 536.118652 20.101593
v 34.222382 534.032104 17.191565
v 31.449188 529.891785 12.628572
v 16.306389 520.749878 16.144278
v 13.741749 519.712097 17.177900
v 1.114410 515.547852 27.340256
v -5.915184 512.404541 32.977249
v -9.105758 510.535278 35.903511
v -13.087592 506.712616 41.473648
v -10.748001 510.683105 53.143635
v -6.778985 515.998169 56.809608
v -5.151250 517.929077 58.047630
v 0.153177 523.476990 60.252823
v 11.207990 519.663940 20.204346
v 27.874935 526.644653 11.641273
v -2.142138 521.251770 58.147240
v 28.527920 528.576538 14.997285
v 13.759059 521.033752 19.675320
v 6.017042 527.406189 64.841454
v 11.955807 531.949280 65.671997
v 18.009850 538.568359 61.856888
v 18.744164 541.163147 54.401470
v 23.556046 541.987549 41.934109
v 27.990578 538.586914 31.704922
v 32.592945 534.710449 21.046406
v 31.578201 532.948914 19.427320
v -8.309603 513.127014 44.373268
v 13.785344 522.217041 21.821602
v 11.927636 521.808655 23.204666
v 6.520454 529.690125 56.216980
v 13.806929 524.264343 25.463413
v 14.845423 536.482971 47.313477
v 23.384708 533.699341 30.167036
v 24.303341 536.740479 33.204063
v -0.880515 519.563477 41.418964
v 1.776509 523.776672 46.607773
v 3.973703 526.508972 49.161430
v 25.748539 530.069214 22.561323
v 11.979004 534.554443 52.575813
v 13.384709 536.026062 54.181435
v 10.232707 532.949524 50.443039
v 13.640103 533.883667 42.725449
v 12.007197 534.367432 49.149960
v 5.260468 526.725342 45.174805
v 12.220078 530.656860 38.722054
v -1.413334 532.246887 36.520935
v 0.756616 528.578857 34.386524
v 2.097312 524.611267 32.328060
v 2.081768 520.156921 30.593386
v 1.826207 515.914734 29.052378
v -0.523504 511.223724 28.299583
v -3.111921 514.183044 25.168839
v -3.348457 515.599121 23.478115
v 1.348470 513.960815 23.817287
v 3.476993 509.890747 25.332447
v 3.885329 504.758514 27.117506
v -2.715500 505.341034 27.168943
v -9.073779 506.720459 26.308804
v -15.189505 508.896973 24.537100
v -20.015274 512.665100 21.399250
v -23.841911 516.992004 17.879620
v -26.669399 521.877625 13.978222
v -27.592495 527.094910 9.537781
v -27.428379 532.331360 5.152813
v -26.177059 537.587036 0.823323
v -23.130823 535.530579 3.454398
v -20.142485 533.265564 6.543371
v -19.013800 533.575317 10.973587
v -18.096903 535.937195 14.670079
v -17.668285 539.254456 17.536144
v -16.626011 543.224304 19.431591
v -17.382868 545.728210 22.481552
v -18.864212 547.691406 26.264322
v -19.259277 549.213623 30.672737
v -18.987967 550.062500 35.199287
v -18.043533 549.833679 39.757492
v -15.106800 548.256348 42.993828
v -11.762963 545.527710 44.112480
v -8.461125 542.363647 43.260765
v -5.635422 539.153992 41.277344
v -3.336974 535.752319 38.981888
v -7.549261 520.377136 27.022345
v -22.177912 537.107422 15.481327
v -20.619274 539.957947 28.472488
v -16.229151 541.400635 37.483444
v -9.899540 532.543884 34.787273
v -22.187893 537.392639 11.054648
v -4.772376 514.662048 27.258020
v -13.986172 543.000305 40.795246
v -19.082201 544.850952 34.299034
v -8.930401 537.122620 38.560505
v -24.691586 534.600586 8.040510
v -22.124023 533.276917 11.056114
v -19.966021 537.460388 13.714408
v -5.040649 517.064087 31.239208
v -3.173800 514.619568 27.910231
v -1.313702 513.083252 25.428164
v -6.786386 534.088379 36.858898
v -14.133391 538.123230 37.002296
v -19.639174 543.706299 22.579103
v -21.329979 538.873901 11.963270
v -2.670353 520.071960 33.147438
v -3.035836 513.857300 30.585075
v -17.392706 545.380493 38.128201
v -15.583384 545.510803 40.706802
v -18.617390 539.537476 33.313622
v -8.185878 529.910339 33.377193
v -16.552727 535.975647 34.258633
v -3.806783 512.364380 25.325439
v -18.598431 536.284546 31.030125
v -1.172421 509.273743 25.743164
v -6.305102 516.164490 24.929033
v -11.779090 515.986572 22.377819
v -25.444462 530.740723 9.143749
v -20.458654 534.283142 24.573565
v -9.649191 526.549316 31.273159
v -11.217546 528.845459 32.022388
v -8.232197 524.126343 30.832947
v -15.712545 529.510498 29.329231
v -6.465673 522.243896 30.303999
v -6.864474 527.100403 32.878654
v -16.021471 531.898315 31.768133
v -17.571875 532.068237 28.755718
v -19.608189 535.526306 28.351971
v -21.059332 533.470398 20.328058
v -11.468889 523.412231 26.173649
v -20.231377 528.812622 16.286903
v -21.136330 541.064880 23.078497
v -12.561370 526.152710 29.677673
v -10.347751 523.754272 29.099684
v -8.336975 521.937866 29.070490
v -17.646549 515.678040 20.835978
v -13.304406 512.411011 23.436720
v -20.977327 523.944641 15.376626
v -21.679071 519.206543 17.657562
v -22.562643 528.691650 12.357809
v -4.712107 515.319824 30.746521
v -5.061825 519.833557 30.406494
v -7.488579 510.276093 25.143814
v -21.692554 533.153320 15.774316
v -3.463498 527.698975 34.335411
v -4.892933 531.062134 34.935402
v -2.349984 524.263672 32.913956
v -2.309671 516.711609 31.602226
v -4.002207 514.190857 28.973793
v -24.725109 527.567749 10.916140
v -23.796524 522.952698 14.666496
v -22.844215 538.127869 6.718616
v -20.936390 536.570557 9.169272
v -19.940189 535.758240 11.320260
v -19.557207 540.419556 16.248840
v -18.703377 542.821228 18.866264
v -20.039629 544.558350 26.194691
v -19.068539 544.516174 29.857937
v -11.399453 540.129028 39.947651
v -21.578226 540.746826 15.221199
v -21.271975 540.539490 19.275887
v -21.026430 541.902039 25.997269
v -4.948559 522.296936 31.981464
v -5.776486 524.385864 32.364914
v -5.501114 515.375671 29.555189
v -11.855557 535.251282 36.101208
v -7.362416 513.736328 23.937889
v -6.260078 517.262695 28.175299
v -21.537830 537.211670 19.796129
v -9.006298 519.045349 23.352304
v -13.133615 522.141479 22.632561
v -19.788818 520.907471 17.579811
v -16.419117 519.834106 20.016670
v -21.436666 538.242493 24.006714
v -14.299129 533.504456 33.811481
v -12.670799 531.050415 33.195351
v -18.458965 524.345093 18.026192
v -17.409439 533.935303 31.622528
v -14.866022 529.998108 31.513548
v -16.872362 525.333069 22.065174
v -19.379972 529.401794 20.974264
v -14.033126 528.268982 30.969709
v -18.569996 530.417847 25.441721
v -16.425613 531.166382 29.932222
v -15.281693 526.798584 26.605356
v -21.809341 544.266052 52.869858
v -18.260836 541.533630 54.992638
v -14.488558 538.496094 55.763676
v -10.696890 535.304749 55.333755
v -7.289433 532.001953 53.817558
v -4.610394 528.630066 51.371857
v -2.849723 525.182495 48.249809
v -2.214356 521.800293 44.642780
v -2.840668 518.573242 40.920792
v -4.475057 515.400635 37.417114
v -6.926322 512.316895 34.286663
v -9.489165 508.459503 32.205044
v -9.638096 504.546021 31.539330
v -6.778255 500.694794 32.322044
v -10.905390 502.032928 31.104624
v -14.968198 503.516022 29.750036
v -18.950583 505.180023 28.223999
v -22.203716 507.734680 26.268417
v -25.125458 510.541016 24.089579
v -27.566420 513.622864 21.571423
v -29.540529 516.973511 18.872002
v -31.159328 520.430542 16.036123
v -32.002918 524.019836 12.905137
v -32.372211 527.551147 9.842766
v -32.428745 531.065613 6.819370
v -31.880163 534.672791 3.833175
v -31.081818 538.271484 0.887853
v -30.083641 541.862976 -2.024760
v -26.531385 544.714844 0.472332
v -23.156612 547.915222 1.753955
v -20.168188 551.656616 1.142987
v -17.205591 553.942078 -2.155471
v -14.663365 555.333679 -4.475179
v -13.416265 557.560791 -0.575946
v -13.380655 559.260681 3.705163
v -14.348170 560.807190 8.034828
v -15.522830 561.997437 12.398147
v -16.651098 563.106567 16.783161
v -17.468412 564.296570 21.192968
v -17.569599 566.082031 25.433094
v -16.545593 569.508789 28.140053
v -16.055523 571.521179 31.777714
v -16.809795 570.219849 36.150455
v -17.910191 567.892578 40.018105
v -18.774340 564.835999 43.413326
v -19.632492 561.319824 46.339878
v -20.457474 557.427856 48.778313
v -21.189615 553.248901 50.701103
v -21.633829 548.840698 52.065155
v -18.171021 520.363708 43.354759
v -20.419199 547.452087 4.623303
v -17.697987 567.388123 31.998085
v -21.682156 556.030029 37.407677
v -22.038363 546.096863 0.247129
v -19.198713 549.439026 1.018303
v -23.216053 544.559814 44.839981
v -26.720901 524.745178 22.089190
v -19.307621 558.375000 17.893745
v -19.611641 562.504517 30.762796
v -26.062929 542.358643 0.665746
v -19.779030 550.122070 0.307382
v -16.641829 556.487915 7.648582
v -16.654510 552.647034 -0.861481
v -22.121374 550.836853 46.544540
v -26.740393 534.290283 13.644980
v -22.192001 552.353333 40.158741
v -27.400522 539.288025 3.208761
v -18.064169 553.321533 7.357698
v -22.711027 548.526306 42.583920
v -27.834175 532.086426 11.469299
v -27.772575 519.524414 21.708946
v -28.489370 526.127197 15.840108
v -22.709942 534.482788 45.627243
v -22.936499 540.593018 46.930546
v -18.628174 563.282654 24.843163
v -22.825264 550.061768 36.254204
v -22.311720 554.465454 27.016924
v -23.032322 545.060913 11.121569
v -23.945093 542.857422 8.757013
v -22.495771 544.323486 6.801129
v -21.156296 551.905029 14.083529
v -20.433933 549.330872 9.702444
v -19.949600 512.911743 33.855354
v -21.521685 510.836578 28.574467
v -17.790394 510.480774 35.807503
v -12.384710 511.533569 40.875103
v -15.025642 513.456909 41.693237
v -13.391960 507.958618 38.703449
v -26.738649 536.234985 11.074497
v -25.980118 538.595215 13.612063
v -19.106079 550.482483 6.253896
v -25.619345 523.936707 27.929974
v -26.102493 529.609558 23.122801
v -25.510925 534.367554 18.511656
v -25.976753 536.479370 16.057081
v -26.174852 532.230835 15.968607
v -15.695748 527.776917 48.713333
v -8.996984 517.660522 44.299362
v -9.657067 521.278564 47.035641
v -23.607477 549.442688 26.005781
v -21.019669 556.850342 22.981590
v -22.901108 515.725769 29.292469
v -11.887851 505.032959 35.146656
v -10.357378 509.680603 36.123947
v -13.265782 516.412231 43.259529
v -7.762501 515.119141 40.103947
v -25.157957 540.757690 11.142726
v -26.525251 526.900635 25.537241
v -26.778175 527.661804 19.717253
v -8.726788 526.273621 49.799553
v -12.192116 524.015076 47.985325
v -16.169949 531.298096 50.791069
v -20.062218 530.826416 47.413189
v -16.709759 536.040955 52.632313
v -22.091702 542.611145 50.199909
v -24.655550 518.677246 27.046461
v -23.874565 524.821533 36.275795
v -19.787224 539.147705 51.875565
v -22.947702 520.772217 34.632820
v -24.223347 523.146362 33.128544
v -22.266338 517.680115 33.192455
v -20.989491 518.146301 37.604527
v -23.069498 526.469849 39.799164
v -25.269234 531.385742 31.777353
v -21.237514 522.633545 40.992500
v -24.274279 536.426025 39.402008
v -23.857491 532.307007 41.834007
v -24.528011 530.348999 37.796757
v -24.719875 528.175293 34.236446
v -23.811569 538.796143 33.350540
v -24.527275 535.336365 31.268606
v -23.310856 544.285339 35.001743
v -23.012371 546.332947 38.718391
v -24.205450 546.043396 29.126196
v -22.970179 551.372009 29.765797
v -23.539188 542.468994 41.066254
v -24.646191 541.039429 27.992167
v -25.069288 534.210449 23.822304
v -25.795677 532.121216 20.878014
v -25.317396 536.760010 21.245953
v -25.252403 540.993530 20.665352
v -24.713547 536.329834 26.743698
v -25.281984 531.604004 26.193344
v -24.826735 544.191040 26.210508
v -25.444130 540.776978 16.052347
v -25.168144 542.682983 21.548664
v -23.269064 550.754578 21.782984
v -22.810436 552.580872 24.999222
v -24.545183 542.944214 13.655558
v -23.542955 548.470703 17.928009
v -22.123365 553.769043 21.936722
v -23.898348 542.529968 31.373066
v -25.149927 542.756958 18.316097
v -21.502934 557.094849 29.945986
v -17.528542 516.223083 41.417313
v -9.862650 503.316162 34.022697
v -18.885979 564.974487 35.379009
v -19.894753 561.977234 38.700531
v -18.458944 564.845337 28.251316
v -13.841151 532.928711 52.812267
v -22.602673 546.726196 48.489849
v -6.714979 523.118652 47.934776
v -5.739645 520.492004 45.423183
v -6.308410 517.901550 42.749184
v -9.640388 512.161987 37.832527
v -19.363348 508.975739 31.306480
v -16.432766 507.647766 34.091503
v -23.886284 513.286377 26.574823
v -25.918421 516.229980 24.199610
v -28.740160 522.691833 18.983667
v -29.650789 528.675598 12.398538
v -29.968657 530.591553 10.213667
v -28.333942 536.479919 5.994526
v -24.274176 544.774292 -1.095862
v -22.265190 547.103699 0.468179
v -17.885365 552.523010 0.051005
v -15.512785 554.291016 1.428468
v -15.686223 555.942078 4.443785
v -21.510754 554.819336 44.314743
v -20.770458 558.566772 41.696259
v -20.729942 559.429932 34.198883
v -28.461510 533.778320 8.703854
v -17.918760 558.557800 13.829759
v -16.856047 558.393188 10.890304
v -19.720600 560.663391 25.030403
v -8.135290 519.829407 45.552864
v -11.444921 529.600159 51.553848
v -27.580072 530.345886 13.830372
v -27.511776 528.860901 15.851178
v -17.145960 553.706604 5.027696
v -17.607910 551.820313 3.310724
v -24.911205 541.086914 5.930827
v -22.865227 543.971680 3.470232
v -26.210485 538.606689 8.514993
v -21.490572 536.810303 48.943336
v -18.703295 533.699341 50.028946
v -10.356543 514.618774 42.843132
v -21.406380 513.162720 30.565268
v -25.886705 521.701355 24.566101
v -16.411907 511.499237 38.729988
v -19.121166 514.437195 38.271122
v -18.183350 555.721008 10.795577
v -19.635773 555.283203 14.162576
v -21.008291 554.806824 17.960110
v -26.505169 530.180786 18.098989
v -11.712707 518.914368 45.445118
v -22.473248 553.710205 33.352463
v -24.296030 520.885193 30.349655
v -23.672428 538.486938 43.332043
v -21.407007 546.461487 8.098438
v -19.523457 552.622131 10.463109
v -22.331215 551.525452 17.921486
v -14.634979 521.146362 45.719902
v -16.071810 518.293091 43.873234
v -23.487053 547.974915 32.561157
v -26.093597 529.076538 28.715223
v -21.749037 528.235352 43.682014
v -18.552792 523.855103 44.811485
v -23.664253 540.490906 37.208614
v -22.560671 548.000732 13.814349
v -22.451269 521.512817 37.481186
v -19.849758 519.172180 41.126976
v -25.137388 526.108032 30.998478
v -24.390549 545.008850 16.189510
v -25.573536 538.748291 18.509972
v -24.829933 533.637268 28.994352
v -24.551392 534.446838 34.760792
v -24.357018 545.996094 18.782017
v -24.509958 546.725830 23.924242
v -24.554607 546.401672 20.737455
v -24.094692 548.117737 21.098923
v -24.211887 537.841064 29.844223
v -24.863255 545.061218 22.146736
v -24.993248 544.150024 20.203802
v -25.067837 542.894897 23.535576
v -25.265284 539.636658 24.086466
v -27.427158 582.531250 31.397211
v -30.568779 579.085205 31.084856
v -32.947365 575.273682 31.151953
v -33.889290 570.808350 32.138031
v -33.897434 566.287109 33.208614
v -33.414192 561.714172 34.105843
v -32.956673 557.091431 34.534592
v -31.793221 552.503540 34.550709
v -30.802166 547.961548 33.834217
v -29.793999 543.609558 32.366703
v -28.820007 539.572449 30.153046
v -28.435186 535.931030 27.235933
v -28.470726 532.790771 23.810209
v -29.242151 530.159485 20.060846
v -30.809694 527.470825 16.376698
v -32.724205 524.914551 12.687352
v -33.106339 529.748413 8.493578
v -32.847816 534.744080 4.312233
v -31.891064 539.843750 0.172442
v -29.448587 544.740173 -3.714513
v -26.412043 549.514954 -7.279839
v -22.868887 554.114563 -10.620213
v -18.592232 558.313660 -13.736079
v -13.445126 561.821411 -16.631950
v -7.858944 564.712036 -19.236643
v -1.892028 566.763916 -21.384691
v 4.115708 567.698486 -22.616970
v 10.157494 567.886597 -23.272892
v 16.235441 567.316223 -23.351458
v 19.654041 564.367126 -20.433598
v 22.734627 561.504822 -17.310564
v 25.329609 558.881531 -13.811503
v 27.367964 557.411987 -9.613882
v 28.072161 558.009521 -4.496049
v 27.711914 560.750549 -0.325239
v 26.740814 564.680115 2.665137
v 25.137823 568.672852 5.226171
v 23.174038 572.564270 7.669216
v 20.871574 576.070068 10.349364
v 18.538767 579.192200 13.403083
v 16.372322 581.947449 16.925331
v 14.420541 584.500000 20.675604
v 12.391454 587.057251 24.390039
v 10.220443 589.581665 28.049715
v 7.748297 591.824951 31.682259
v 4.857426 593.885559 35.099289
v 1.224781 595.491882 37.986275
v -3.352246 595.964355 39.603828
v -8.161956 595.075623 39.480896
v -12.623299 593.395264 38.275688
v -16.729542 591.253052 36.595055
v -20.517164 588.617676 34.865494
v -24.066370 585.703735 33.098808
v -25.834688 553.742676 14.794530
v -28.000877 543.680664 15.085133
v -29.530569 561.172668 22.796534
v -30.955345 564.307983 26.270380
v -20.008181 574.486145 18.671637
v -30.172050 549.148315 25.859842
v -31.871632 557.040955 30.148729
v -29.412214 534.354370 17.773876
v -28.902485 539.038147 23.790234
v -31.970503 568.119202 28.411266
v -29.304951 538.784668 17.114208
v -31.019436 560.942139 26.207432
v -30.501217 553.057617 26.026474
v -30.203318 574.380432 27.688465
v -19.527294 581.692749 25.494438
v -27.546959 549.360168 16.274544
v -27.693222 544.209595 8.952360
v -31.414949 535.382751 8.484516
v -27.783300 577.827881 27.719128
v -24.695135 581.146729 28.108904
v -29.167543 548.668884 21.804403
v -30.274734 569.933960 26.300043
v -25.237881 568.830933 19.561302
v -27.784412 572.317810 24.023359
v -22.558643 575.280701 21.533527
v -4.603964 588.807007 27.914116
v -2.288903 572.360352 1.512458
v -29.606485 544.742615 23.815281
v -29.470984 557.345215 22.443171
v -27.734093 565.219666 20.631989
v -25.638359 558.552368 15.947914
v -27.759632 557.872559 19.082668
v -27.695807 561.659912 19.793564
v -28.292210 550.622559 18.841415
v -23.124060 566.695557 16.013929
v -25.491304 565.810608 18.177788
v -22.057524 571.071472 17.724325
v -4.151836 592.006897 32.982464
v 0.170347 580.891174 13.692419
v -1.394902 566.713867 -7.964564
v 20.572577 564.889709 -7.820407
v 21.901060 567.126831 -2.668625
v -29.615988 542.351318 2.015382
v -24.113161 550.257019 -4.929168
v -23.705017 550.792114 3.684192
v -26.982828 545.779358 10.563671
v -28.008507 542.783630 11.519624
v -27.119047 547.414917 13.360812
v -22.236042 553.495239 7.085974
v -18.325195 560.386353 6.397750
v -12.615477 584.361206 24.578571
v -27.981846 553.871094 18.623106
v -29.326267 553.232910 22.209120
v -11.528272 572.475464 9.952486
v 1.664698 592.200317 32.364765
v 3.836781 588.054871 24.692434
v -1.427336 590.653564 30.074434
v -6.533177 593.317444 35.907009
v 7.041640 583.047119 15.207237
v -4.059615 563.886230 -14.600245
v 6.196912 567.943237 -11.248967
v -10.890694 561.644897 -5.979655
v 14.167410 577.312622 6.609909
v 17.682096 565.891602 -10.432426
v 16.739431 565.351135 -16.429216
v 22.578053 561.963440 -10.731690
v 24.563135 560.838867 -7.450475
v 23.056763 569.069641 2.275524
v -20.526577 554.003845 -8.003553
v -27.207767 546.408264 -1.541218
v -26.119473 547.287781 6.266546
v -25.295107 548.492065 0.871987
v -22.252527 551.833069 -2.149037
v -17.854809 557.149536 -2.033856
v -16.350588 582.818115 24.792402
v -21.173952 558.182800 9.349369
v -23.316492 560.198364 13.585230
v -1.441626 587.438171 24.854626
v 2.067889 586.864624 22.967419
v 1.255311 582.609863 16.093899
v 6.767622 580.389404 10.500818
v 4.233467 581.537292 13.363515
v -4.803198 584.709839 21.276320
v 3.949955 578.954224 8.822194
v -6.046999 577.859009 12.363602
v 1.833850 580.016724 11.564881
v -11.371757 581.501709 20.075562
v -4.121998 576.544250 9.239964
v -0.987384 578.461304 10.371589
v -2.647359 579.844116 13.187150
v -8.221143 579.473022 15.726542
v -14.561887 577.284790 17.505970
v -3.711126 594.300232 36.823837
v -4.311841 564.767944 -17.302818
v 3.606836 566.781616 -18.821129
v -7.945063 562.721313 -14.556921
v 13.254357 566.754517 -18.585066
v 7.157145 567.223206 -15.040894
v 15.903535 568.583740 -7.322394
v 25.940460 560.532959 -4.821796
v 19.109362 574.575195 5.490070
v 17.610905 570.876770 -2.219786
v 19.010559 567.890015 -5.012950
v 20.620569 569.987610 -0.075302
v 15.672394 575.370117 3.849480
v 11.263968 577.138977 4.841685
v 12.099957 579.370972 9.475064
v 15.229342 579.417480 11.504460
v 11.876118 574.170959 -0.376927
v -19.385902 556.766968 3.665454
v -18.876539 554.932556 -5.004127
v -15.271935 557.958618 -7.504246
v -20.103258 568.695618 14.321662
v -13.082121 569.347900 8.055599
v -14.301895 565.742737 6.261107
v -15.434292 562.512451 3.748755
v 1.335784 589.277588 27.189720
v 4.455451 583.596985 16.911180
v 6.214058 577.545654 5.883332
v -9.464883 572.126343 7.921168
v -20.489887 578.296448 22.396141
v -11.580762 576.264771 14.231411
v -17.821383 577.728027 20.101683
v -17.355247 587.218628 31.076843
v -4.164691 564.046753 -11.059382
v 14.565968 566.792847 -12.787797
v 3.291889 566.358032 -15.167029
v -11.489337 560.539185 -9.412807
v -16.674740 559.605957 0.939104
v -14.426376 559.507813 -4.143508
v -7.154743 566.972961 -1.243690
v -13.327542 561.526245 -0.998121
v -7.329100 564.889343 -3.851113
v -12.438444 564.136108 1.731774
v -6.368000 569.341187 1.164754
v -11.477039 566.906494 4.052840
v -3.299873 569.907898 -1.423822
v -5.564223 572.218201 4.490116
v -9.824745 569.751709 5.383436
v -14.303350 572.900269 12.550129
v -7.043370 573.998535 8.247056
v -9.076211 575.189026 11.162102
v -0.446859 565.267029 -14.965446
v -7.690928 562.501221 -10.545955
v 12.773690 581.963623 14.775306
v 1.740692 568.406128 -8.002165
v -7.540159 563.424683 -7.041624
v -4.410800 565.106995 -7.703477
v -2.257631 568.247437 -4.807234
v 2.703432 566.784302 -11.499465
v -0.016649 571.082886 -2.284463
v 0.525598 569.726501 -5.071635
v 2.861316 570.746460 -4.989113
v -4.730218 566.418701 -4.703037
v 7.143409 572.529236 -3.122093
v 5.219269 574.600647 1.105667
v 2.972709 572.123535 -2.599083
v 3.118889 576.048828 4.343895
v -2.188859 575.166260 6.032715
v 8.447575 569.879517 -8.151068
v 12.628508 568.811890 -9.410985
v 5.224450 569.936462 -7.106173
v -32.226421 561.172241 29.928757
v -32.525307 564.968567 29.343449
v -31.257561 552.827148 30.089886
v -30.563662 548.761108 29.625240
v -29.969471 545.176636 28.705029
v -29.261129 542.134705 26.617466
v -28.916552 536.209656 20.616680
v -30.628407 532.038147 13.523958
v -30.728611 538.258240 5.593121
v -16.513168 557.430298 -10.713061
v -12.231709 560.654053 -13.062952
v -0.597262 565.912109 -18.308323
v 8.468248 567.073120 -19.041761
v 19.724226 563.358643 -13.689960
v 25.233044 562.783203 -2.574096
v 24.340406 565.999084 -0.111501
v 21.994158 571.436279 4.123441
v 17.419159 577.006714 8.395828
v 9.581606 584.560242 18.467699
v 8.459734 587.020020 22.803823
v 6.734090 588.767090 26.249640
v 4.372099 590.567993 29.346628
v -1.244535 593.517334 35.029148
v -10.102390 591.711426 34.495842
v -13.795494 589.622559 32.869381
v -31.349461 571.672058 28.793440
v 19.560759 572.449097 2.539156
v -29.999935 546.350891 26.115602
v 23.167112 564.014648 -5.174233
v 4.844230 586.871948 22.413902
v 4.960982 585.109497 19.371977
v -29.783491 537.869812 11.470409
v -22.550987 579.446655 25.036104
v -25.239567 576.277161 24.498867
v -29.232977 542.076172 20.755604
v -29.067574 541.381836 7.467495
v -27.718695 544.789612 4.102755
v -7.469600 590.249939 31.151346
v 9.687532 581.355591 12.403833
v 11.140225 567.373962 -14.488815
v -14.543928 586.129517 27.996914
v -11.010875 588.169067 29.428715
v -30.804520 557.095032 26.172544
v -20.565445 584.066345 28.969919
v -30.909904 566.644348 26.314413
v 16.267696 573.437317 0.824772
v -28.522427 545.912903 18.462799
v 9.567352 568.561218 -10.898520
v -17.173967 584.384521 27.218594
v -29.550282 564.553772 23.468369
v -24.538084 571.968018 20.574512
v -18.746969 580.283752 23.240662
v -21.205894 554.379517 0.625885
v 9.091019 578.824341 7.557486
v -8.275839 586.593140 25.748175
v -0.671071 565.340698 -11.363387
v 0.861774 584.869812 19.901180
v 12.974817 575.696472 2.695817
v 13.971077 571.094849 -4.044633
v -29.727325 567.453247 24.419344
v -16.124226 580.664185 21.980917
v 10.571556 570.945129 -6.374269
v -25.094446 549.262817 8.893920
v -27.766979 568.497253 22.049036
v 8.654739 575.986938 2.794858
v -10.262050 563.349609 -2.688059
v -25.390339 550.919250 11.780727
v -3.632839 581.759460 16.506784
v -23.514021 568.886353 17.726795
v -23.521738 553.493225 10.281746
v -25.550026 562.276794 17.070206
v -17.388281 573.507263 15.586662
v 0.995692 577.093384 7.432621
v -9.839931 565.608582 0.108931
v -23.387236 556.379883 12.032486
v -16.295691 568.885986 10.904469
v -5.063423 567.769165 -2.462252
v -23.272203 563.014709 14.669086
v -21.028374 562.918518 12.169109
v 0.169170 574.236816 3.092908
v 2.054361 573.377014 0.358279
v -9.402946 567.937805 2.617480
v -0.073543 572.230408 -0.111131
v -17.677902 564.619812 8.713001
v 24.198288 597.679321 33.359051
v 19.457287 597.176453 32.635159
v 14.847507 596.293457 31.541931
v 10.449185 594.991577 30.061390
v 6.325471 593.843323 27.875183
v 2.616932 592.409302 25.191153
v -0.495695 590.227112 22.260469
v -2.891251 587.856079 18.846735
v -4.451052 585.374146 15.048040
v -5.154943 583.051636 10.904405
v -5.058153 580.909363 6.605085
v -4.293538 579.031433 2.240465
v -2.935370 577.157898 -1.984571
v -1.090925 575.331909 -6.042660
v 1.134259 573.414063 -9.862206
v 3.667516 571.736572 -13.596498
v 6.454645 570.226013 -17.222630
v 11.438396 570.083008 -16.749052
v 16.178221 569.089172 -15.790127
v 20.650248 567.323792 -14.367686
v 24.540884 564.832336 -12.343379
v 28.183199 562.205078 -10.093112
v 31.635395 559.479370 -7.680526
v 34.856831 556.647034 -5.095271
v 37.852055 553.723755 -2.363897
v 40.578800 550.704529 0.518489
v 42.899334 547.565491 3.619385
v 44.290096 544.269104 7.071418
v 45.247196 540.953125 10.647431
v 45.807430 537.636230 14.323584
v 46.274944 536.108582 18.957548
v 46.553532 534.963074 23.708801
v 46.711971 534.474182 28.583183
v 47.073906 535.058228 33.417919
v 47.204132 537.410156 37.697666
v 48.046726 541.266541 40.554291
v 49.719372 545.622925 42.049976
v 51.172001 550.244629 42.767170
v 52.348942 554.994202 43.099102
v 52.990582 559.846863 43.355476
v 53.315170 564.710510 43.738289
v 53.368759 569.562195 44.422451
v 53.249672 574.473633 45.335953
v 52.979351 579.390259 46.184422
v 52.530769 584.317566 46.898720
v 51.520870 589.179199 47.500160
v 50.373425 594.104431 47.549702
v 47.868557 598.398438 47.189758
v 44.642567 601.824463 45.541615
v 40.570545 603.076538 43.437759
v 36.022358 602.417175 41.392414
v 31.818434 601.050842 38.987488
v 27.904221 599.428284 36.276978
v 48.345081 556.768311 23.043835
v 49.327530 546.484497 30.818411
v 8.739007 585.100708 11.238854
v 27.124012 574.388794 0.840860
v 11.108432 573.773438 -8.848577
v 12.358189 572.441162 -11.523340
v 48.402058 580.708130 33.921841
v 35.843811 593.372925 30.661598
v 47.671799 539.085449 28.167917
v 49.579586 546.070068 35.769218
v 47.757168 548.176636 21.038469
v 15.069895 593.535217 26.416626
v 9.692701 571.794189 -13.335594
v 5.405074 574.596130 -7.730546
v 9.529422 575.450562 -5.841095
v 3.515209 576.585815 -4.416356
v 1.890570 578.344116 -0.800039
v 5.252305 580.854004 3.729977
v 0.697855 580.120361 2.953940
v 0.005589 581.866577 6.845319
v 8.866268 583.148071 7.580663
v 10.311806 579.773865 1.563976
v 4.269842 584.454956 10.657947
v -0.185835 583.775757 10.656855
v 12.142320 578.183594 -1.076795
v 13.748308 576.118408 -4.195334
v 16.453064 570.994751 -12.987731
v 51.438217 579.993713 41.756279
v 50.605961 573.871399 36.337170
v 42.395233 596.620605 38.197136
v 47.860390 588.168579 38.089046
v 36.321770 596.754944 35.101868
v 47.836651 539.391602 31.941338
v 48.484856 542.312256 31.007587
v 47.883953 542.663818 23.868507
v 50.344269 548.113403 38.532288
v 48.192345 541.089600 35.141048
v 50.020481 548.659790 33.605854
v 47.466892 545.657593 20.130604
v 11.336614 593.485107 26.963644
v 16.986698 594.635559 28.268814
v 1.239552 587.679749 17.527832
v 3.994837 586.073364 13.689052
v 10.296394 590.908142 21.843962
v 5.980822 589.258850 19.142233
v 10.864921 586.831055 14.152586
v 12.994202 592.391907 24.489103
v 28.126535 565.352173 -7.344074
v 31.859930 566.578552 -1.637550
v 13.082938 581.562622 4.867463
v 16.755480 581.423340 4.851855
v 12.798712 584.715942 10.348884
v 16.497395 579.130127 1.155334
v 21.835367 578.549072 2.470672
v 50.807308 584.387878 42.344475
v 44.096077 599.896484 42.733673
v 47.978157 593.152954 42.537888
v 45.420734 592.162354 37.659142
v 44.966515 547.213257 9.567298
v 43.490807 550.453552 6.365462
v 52.426685 562.047241 39.631653
v 48.490032 543.594788 27.886620
v 51.227337 552.840210 38.299843
v 50.556858 550.470520 36.165520
v 47.044258 539.064819 21.303780
v 46.148125 540.951965 14.910596
v 18.900908 591.972900 23.530104
v 20.113182 593.265076 25.958351
v 28.540508 590.993286 23.865427
v 23.612917 592.628357 25.117664
v 25.200714 589.245544 19.843508
v 29.348827 594.141479 29.212059
v 7.900605 587.443909 15.635528
v 9.183378 589.009399 18.420389
v 17.501373 591.029968 21.798462
v 28.036800 568.613892 -4.604647
v 23.558922 573.187866 -4.022797
v 24.095343 570.350342 -6.754848
v 22.861610 575.974976 -1.040323
v 16.031908 572.333984 -10.087831
v 36.771812 557.957214 -1.270491
v 39.376057 556.101868 1.687570
v 36.095387 564.937622 2.680474
v 16.086704 583.128235 7.780858
v 25.978783 580.592468 8.063363
v 21.016638 581.094421 6.020969
v 49.212982 584.348145 38.110584
v 46.361595 586.938965 34.041111
v 43.013378 585.845825 28.930689
v 37.986755 590.418945 28.228479
v 33.634125 590.441101 25.697657
v 46.135994 584.631348 31.795921
v 30.759714 597.622070 34.451248
v 33.069283 595.484009 32.346489
v 45.610619 550.180420 12.302013
v 46.687958 546.297668 16.151388
v 47.217247 550.411072 18.050976
v 49.176785 553.299622 26.326704
v 43.953014 553.508728 9.021381
v 44.274372 557.322144 11.674677
v 41.879322 555.804810 6.083586
v 50.575035 566.060669 32.998222
v 51.774548 563.453613 36.919491
v 48.009743 545.991394 22.653530
v 17.938921 593.538696 26.295576
v 21.515308 590.887268 21.874184
v 28.086273 596.429077 32.375938
v 33.929611 568.222961 2.132768
v 31.398527 572.245239 2.625940
v 37.750969 559.901245 1.604811
v 39.052036 586.509094 25.360767
v 48.661980 547.483032 25.608339
v 51.171165 564.643677 34.905060
v 26.514795 577.622742 3.993648
v 30.149916 578.254517 8.179425
v 39.593971 567.072632 9.231659
v 26.531517 584.935852 14.144588
v 19.359703 583.520325 8.876709
v 12.585587 588.480469 17.036701
v 37.656330 562.576477 3.226734
v 31.023346 587.399048 20.570019
v 30.148069 584.978271 16.915812
v 35.005157 587.246521 22.674246
v 35.923210 584.062622 19.773064
v 32.601986 582.441956 15.920983
v 29.945915 583.634460 15.011399
v 22.468267 587.586304 16.580999
v 14.120213 590.160278 20.168795
v 51.653141 571.481445 38.857880
v 50.581776 570.317932 34.591217
v 48.961365 576.983765 33.324070
v 49.018265 566.412231 28.297859
v 48.083603 572.410034 28.585020
v 46.592781 581.122437 30.241026
v 44.979259 577.729248 25.006666
v 49.599129 568.805969 31.105814
v 49.073174 560.736206 26.222921
v 39.872383 582.148315 22.214546
v 32.477699 576.864868 8.736683
v 31.403133 579.589050 10.857713
v 32.641388 580.645813 13.467809
v 42.239269 578.077454 20.902847
v 38.483414 580.573792 18.696785
v 36.140720 578.564209 14.051269
v 39.556995 577.971252 17.315542
v 43.636787 573.907349 20.018509
v 44.831566 569.268860 19.693213
v 40.849072 574.229736 16.192875
v 47.187019 562.906860 21.490307
v 47.083969 566.455383 23.131809
v 39.161774 571.010376 11.252851
v 28.673044 581.945435 11.440212
v 43.282551 561.856873 12.412964
v 46.714867 556.223328 17.326542
v 46.983856 559.276672 19.434237
v 50.121902 556.010620 30.425562
v 40.992912 562.727661 8.653252
v 45.012260 564.873779 17.628887
v 50.063152 551.671631 31.713728
v 47.757950 553.512573 20.415783
v 24.347527 595.017761 29.076777
v 20.221985 595.017334 28.988857
v 34.072510 598.759583 36.971970
v 5.226379 591.329346 22.918568
v 8.297137 592.372681 24.910671
v 2.983244 589.659973 20.443052
v 0.148962 585.718140 14.236147
v 7.460093 572.928589 -10.858254
v 12.504011 571.422668 -13.695261
v 20.587662 569.654053 -11.569790
v 24.326950 567.498901 -9.487970
v 31.665073 562.947205 -4.978190
v 34.615543 560.121338 -2.876065
v 41.389980 553.286316 3.632324
v 45.886009 543.852051 12.790160
v 46.731834 541.372070 17.663097
v 47.361897 538.930908 24.255232
v 48.836609 543.555481 37.726349
v 49.700542 545.744141 39.435513
v 51.829803 556.008850 39.488155
v 52.155453 558.618042 40.253418
v 52.567776 567.495972 41.088310
v 52.544544 564.954041 40.594772
v 51.705780 575.678223 40.741814
v 49.686886 588.768250 42.556366
v 45.825516 597.177429 42.496544
v 41.256264 600.052917 40.687969
v 37.560051 599.881958 39.035774
v 13.751110 594.441650 28.306152
v 7.167980 590.495789 21.303747
v 47.397713 542.177490 20.721195
v 51.866604 559.956970 37.886398
v 51.426815 557.566467 36.329361
v 51.856144 568.029175 38.305706
v 51.926334 565.591370 37.959858
v 38.785774 597.820801 37.385963
v 7.872601 577.393250 -2.750626
v 6.325271 579.251343 0.347134
v 4.593556 582.604004 7.190473
v 4.776502 587.638062 16.485773
v 20.211395 571.968872 -8.785971
v 48.951393 543.974731 33.181576
v 35.134975 562.912598 -0.097334
v 50.394829 576.766296 37.005836
v 49.901897 580.464294 37.682785
v 40.399315 557.268311 4.105172
v 15.033125 573.890442 -7.106576
v 50.920212 554.667358 34.806274
v 19.316439 573.995605 -5.693998
v 9.375883 581.409485 4.393609
v 51.498276 561.540344 35.374325
v 50.933411 559.582947 33.196545
v 6.877851 586.200012 13.523520
v 46.135284 553.553040 14.777715
v 41.768341 558.936768 7.741518
v 30.245825 570.185913 -0.407233
v 27.290770 571.636658 -2.095916
v 42.545872 590.060669 32.455959
v 39.344337 594.237732 34.059959
v 32.971169 592.736328 28.460888
v 51.073875 567.580750 35.494751
v 51.371162 565.937561 36.125298
v 49.340908 549.730469 28.611027
v 16.797529 592.644897 24.755089
v 15.353006 591.551758 22.806429
v 49.594173 573.401978 33.196419
v 50.601482 552.259949 34.214813
v 47.566978 584.169434 34.448902
v 39.757889 559.743774 4.717996
v 18.121267 576.382263 -2.491818
v 50.239326 563.196655 30.836008
v 35.913021 568.911194 5.237817
v 12.708125 583.163635 7.631814
v 13.304163 580.194702 2.504561
v 47.267887 577.091675 29.236750
v 45.423687 558.237488 15.002670
v 48.423386 550.614746 23.328402
v 18.378897 589.560120 19.143959
v 43.846767 581.850098 26.432381
v 39.025986 562.760193 5.542123
v 28.308313 586.836121 17.725906
v 45.324974 561.097168 16.053513
v 16.257221 587.636719 15.590424
v 14.286933 586.073975 12.825434
v 34.411232 572.025574 5.844527
v 50.991650 563.128418 33.698952
v 37.753853 565.966431 5.606702
v 30.370308 575.775574 5.508597
v 15.371076 584.301636 9.786383
v 42.593178 566.050049 13.488442
v 33.317039 574.959412 7.333801
v 19.755573 586.231934 13.498007
v 17.199158 585.072571 11.223317
v 32.462463 584.792969 18.235886
v 45.816036 573.712524 24.117527
v 47.602001 568.993652 25.763348
v 48.531120 564.554932 25.836105
v 42.011986 570.198120 15.065748
v 36.750340 571.844299 8.501782
v 37.489059 569.311279 7.608208
v 22.928616 583.907043 11.084724
v 46.190292 570.683350 23.143400
v 35.607979 574.827698 9.701738
v 35.790394 581.395447 17.117811
v 38.118107 574.779297 12.655844
v 33.941772 577.494263 10.803944
v 30.420124 582.075256 13.306473
v 29.385759 551.724670 58.033382
v 33.214317 553.448914 55.583557
v 37.247162 554.706116 53.173943
v 41.446831 555.413391 50.783951
v 44.530106 556.884216 47.350811
v 46.644901 558.577454 43.445007
v 47.312515 560.616150 39.070286
v 47.067596 562.224854 34.484848
v 46.188885 563.032593 29.763187
v 44.758621 562.918579 25.104042
v 42.997009 561.893555 20.657196
v 41.023609 560.173218 16.505873
v 38.993893 557.830750 12.672117
v 37.071808 554.973572 9.101184
v 35.414825 551.702209 5.783885
v 35.852715 547.764648 2.676145
v 38.240276 544.287354 0.042445
v 42.266689 541.243286 -2.156746
v 42.232903 537.330688 0.538842
v 42.026077 533.537964 3.357570
v 41.509808 529.949707 6.545915
v 40.287708 526.254333 9.626649
v 38.753128 522.535583 12.625663
v 36.821350 518.860779 15.650481
v 34.650551 515.343994 18.568708
v 32.142410 512.039673 21.406841
v 29.307259 508.948456 23.913673
v 26.179375 506.069702 26.225939
v 22.781960 503.447266 27.962288
v 19.123941 501.242249 29.484674
v 15.085184 499.852448 30.861256
v 10.712012 498.874451 31.776602
v 6.433458 499.117859 32.277863
v 2.349056 500.017456 31.880829
v -1.510518 500.978149 31.911072
v -5.103215 502.048889 32.218788
v -7.278316 501.743073 36.287521
v -9.479698 501.385406 40.422245
v -11.677959 500.916382 44.626163
v -13.220775 499.187836 48.768032
v -13.652651 497.355896 53.121910
v -12.115135 495.941620 57.331856
v -8.672256 495.526459 60.527641
v -4.481821 495.870056 62.705803
v -0.232993 497.128235 64.431122
v 3.552181 499.411865 66.006554
v 7.041018 502.256165 67.520493
v 10.073090 505.607758 68.999481
v 13.447305 508.508911 70.583572
v 17.060474 511.037354 72.339607
v 20.846642 512.984436 74.127739
v 24.367956 515.388672 75.768555
v 27.434242 518.547546 77.175713
v 30.033127 522.208679 78.201294
v 32.320648 526.127686 78.715515
v 33.123207 530.701172 78.389313
v 32.728912 534.966736 77.195869
v 31.148314 538.804504 75.129166
v 29.185322 541.953613 72.334442
v 27.501417 544.742188 69.031006
v 26.479115 547.380981 65.341927
v 27.380997 549.681335 61.689087
v 34.094139 524.570251 51.292923
v 12.746765 510.907257 28.184084
v -0.141270 500.304138 52.253357
v 23.400379 522.452759 21.694078
v 19.591314 509.193604 27.823805
v 10.410725 506.450439 30.593128
v -5.846143 499.290527 50.059662
v 33.925426 530.096741 14.626245
v 32.528740 534.756897 66.378899
v 27.165966 545.592041 59.352104
v 27.647804 514.033447 22.309071
v 13.267319 507.450592 30.170908
v -7.792403 497.371124 54.979614
v -5.537753 496.945190 57.600243
v 40.041069 537.216431 6.086908
v 39.304771 532.729004 6.325901
v 41.049541 540.264465 3.240542
v 33.060143 533.435059 73.514778
v 31.856371 536.651550 71.801964
v 29.158714 519.402588 66.907143
v 17.615768 505.479004 29.497122
v 10.751724 503.238220 31.569904
v 5.329163 506.179321 30.963600
v -4.096706 500.558777 46.466675
v 37.530155 530.262390 9.580153
v 33.586418 531.531860 70.666245
v 33.673145 527.447510 63.613686
v 31.596800 536.903137 67.330376
v 14.765275 509.025635 66.487244
v 26.821133 517.080444 64.559937
v 26.995331 517.645264 71.022331
v -5.717990 501.210938 42.528507
v 30.819599 537.044250 58.948006
v 18.142370 511.394714 68.228661
v -0.037618 502.108307 46.509720
v 32.023148 535.482849 62.773460
v -2.571110 501.581726 44.198055
v -0.611063 502.937622 41.564617
v 35.050232 541.773010 35.652496
v 36.612755 547.307434 24.068350
v 2.562368 500.109131 57.491348
v 29.312836 540.136597 51.687809
v 16.331659 509.505981 28.598099
v 18.408922 517.893433 24.757875
v 18.305004 513.448425 25.853775
v 7.533554 508.417236 30.005243
v 23.196800 514.622864 23.751465
v 36.714455 531.585938 11.331191
v 31.269577 521.692261 62.214600
v 12.595222 507.005981 60.867176
v 9.255615 504.256348 59.771423
v 8.215362 503.263367 63.659271
v 28.563637 542.022644 57.255104
v 3.037884 502.528442 48.895466
v 3.544752 501.360596 54.091408
v 0.257194 505.728760 32.460106
v 39.217087 550.930237 28.631153
v 39.217220 534.920410 7.840079
v 40.312294 538.970947 6.903582
v 30.779045 535.874207 46.483498
v 29.063156 518.527893 19.643654
v 27.653660 526.115540 21.666712
v 30.185316 524.241089 17.249481
v 34.905132 524.610657 14.012692
v 33.542839 531.591187 66.299843
v 33.563663 531.123535 54.101250
v 28.573280 518.364197 60.558754
v 6.101795 501.657501 58.635983
v 7.227774 503.989380 51.727306
v 1.891458 504.059631 39.204769
v -1.098084 503.227386 36.096436
v -3.743286 502.250427 39.019020
v 40.479118 552.623169 47.434135
v 44.221222 555.420044 41.015213
v 43.025101 556.288879 31.619076
v 37.937439 554.528015 14.841797
v 35.968098 549.754639 14.528056
v 39.403545 555.975037 18.428860
v 37.389317 532.597778 23.296963
v 36.796684 543.971252 10.246252
v 38.521965 534.147949 19.604694
v 36.587822 536.649963 20.990791
v 35.984726 534.867920 24.429653
v 36.368286 541.489136 13.690674
v 30.482265 545.159119 50.226929
v 31.923796 549.580322 53.894482
v 30.230831 537.993042 47.136703
v 34.064171 550.224365 51.065765
v 27.138056 525.741943 19.490486
v 31.742805 529.193420 15.853971
v 29.921335 538.724487 55.268490
v 32.563686 533.873901 56.938114
v 34.221924 528.633423 57.364449
v 33.473648 525.367676 59.829140
v 31.609966 521.344299 57.201599
v 24.323296 514.956604 62.320930
v 17.760035 510.712219 56.746719
v 44.882614 557.260742 37.115753
v 40.808739 551.048218 42.297421
v 42.877918 558.144165 27.422585
v 40.705399 554.093872 27.625694
v 42.644108 554.282898 35.040264
v 37.961964 546.573975 35.071064
v 41.132153 557.367798 22.576565
v 38.085426 550.267822 25.252695
v 39.334671 553.392395 23.812300
v 35.284409 546.583435 12.213519
v 30.989611 528.398193 18.239973
v 28.606888 527.444824 19.032528
v 33.202427 526.357666 22.161785
v 30.313457 527.324219 17.032520
v 34.020622 528.680969 17.164566
v 38.738564 541.431274 8.380352
v 30.375137 536.991089 50.022373
v 37.573280 549.902771 47.215340
v 35.036758 543.908020 42.159840
v 35.921791 550.667175 49.682873
v 37.361671 547.275391 44.033360
v 36.955307 544.923706 38.328384
v 35.287067 548.091309 47.547371
v 36.317844 544.268799 33.054821
v 37.129005 545.846252 31.436213
v 30.307249 537.849854 44.065121
v 38.414276 547.864624 32.030464
v 32.639256 533.038635 50.900467
v 31.488945 535.719177 53.302490
v 34.543007 526.312500 48.821198
v 27.306854 517.347107 46.239082
v 37.140591 552.017090 16.377478
v 36.873928 548.895752 22.486055
v 35.190186 544.389526 15.763731
v 35.469688 546.163330 20.912834
v 34.758545 540.352234 24.360489
v 37.136276 547.712280 26.171488
v 36.051067 545.274658 26.424417
v 36.126534 545.746216 6.427089
v 35.429901 542.550171 26.776680
v 31.791042 534.685120 48.094357
v 35.601173 528.180237 37.823063
v 33.890163 530.739746 48.265438
v 34.015984 532.309326 36.425644
v 31.793283 520.922119 53.791183
v 33.858673 524.061279 46.802521
v 32.942665 522.040527 51.160458
v 33.770557 535.976135 29.359646
v 35.509159 533.337585 27.842186
v 35.761925 527.434692 32.363651
v 35.846264 531.725952 31.270741
v 36.115814 529.495300 29.243464
v 36.412094 527.430664 23.553482
v 36.413940 529.714478 25.285851
v 36.890236 530.189697 22.522606
v 34.494350 530.722412 39.630329
v 35.284103 525.581909 35.917137
v 30.691858 521.989197 69.433701
v 23.891890 523.077698 25.329620
v 28.522402 518.180359 53.615295
v 29.925367 519.340332 53.795090
v 19.397116 512.029053 50.040031
v 21.025351 512.940552 53.359146
v 21.334045 513.045593 59.818508
v 16.162655 509.713684 62.047760
v 30.550194 536.948975 40.835461
v 32.487644 533.203308 41.261456
v 34.593357 527.988647 45.988998
v 35.120899 526.619873 40.963787
v 34.917458 524.204590 39.229347
v 33.810421 523.028809 42.210655
v 33.085468 521.663574 45.184353
v 30.549347 519.751465 43.333344
v 29.612539 518.952576 47.664448
v 26.441832 516.650635 49.048935
v 25.164524 515.999634 45.237938
v 20.796713 513.134338 45.260471
v 30.990829 520.556519 37.114334
v 23.262819 514.514832 50.521870
v 25.824770 516.134766 52.546490
v 29.579193 519.262024 40.269459
v 34.761730 525.401733 44.011246
v 30.900238 520.955872 33.842274
v 30.495241 524.709961 23.030716
v 34.806812 524.831055 29.672642
v 36.144562 527.764587 26.924761
v 19.509953 513.113525 37.375946
v 25.762751 516.553955 42.161354
v 26.675110 517.301880 39.238937
v 27.795551 518.491882 34.387451
v 27.328989 519.186340 30.399038
v 24.138882 515.890869 36.532406
v 18.211155 511.432526 46.619041
v 23.291307 516.570923 31.486853
v 17.652233 513.911377 32.830566
v 20.158075 512.854614 41.540421
v 10.755163 506.861603 47.594341
v 6.702295 504.625977 48.289314
v 13.953949 508.922058 44.957073
v 12.271894 508.323364 41.108849
v 15.765278 510.058472 38.851437
v 7.441994 510.664307 30.063980
v 5.610730 508.158386 33.737431
v 13.014404 513.813049 27.080008
v 10.342301 507.602173 37.573471
v 6.664842 511.751221 30.845207
v 12.880342 513.840698 31.974022
v 18.444714 518.824158 29.251690
v 7.799804 508.230286 35.866608
v 25.507540 524.473511 22.109268
v 9.727327 513.865723 29.625797
v 9.036582 506.545593 43.435513
v 34.075806 539.325378 31.444067
v 35.468559 542.910645 30.109110
v 35.810688 527.962524 20.001406
v 27.525896 517.345215 55.389988
v 29.520733 518.988037 56.750740
v 28.795237 547.077881 56.082462
v 27.718288 543.574036 63.013058
v 28.885458 541.446594 66.485489
v 30.454041 539.271240 69.488609
v 33.873199 551.493103 52.988323
v 36.276218 552.646606 51.444794
v 38.612576 553.236023 50.293419
v 42.582523 553.941406 44.534081
v 44.970551 558.922363 33.341881
v 44.691044 560.029785 30.173672
v 36.422337 552.138367 11.878839
v 35.348732 549.019897 9.016837
v 38.287102 543.055908 4.559464
v 41.156506 537.235901 4.138447
v 40.378273 534.657349 5.103896
v 36.296051 527.770996 11.520070
v 32.728851 521.588379 16.507673
v 26.044514 510.972839 24.341290
v 23.601681 508.715881 26.308544
v 20.907413 506.761841 28.059481
v 14.168801 504.161926 30.828503
v 7.229470 503.087250 31.403595
v 4.080644 503.654449 31.304276
v 1.499110 505.116699 31.555136
v -7.478707 500.502960 46.609138
v -10.005957 499.300659 49.049194
v -9.326502 498.329376 51.801254
v -2.333487 497.476807 59.331142
v 4.900124 500.594177 62.279484
v 1.320775 498.651184 60.851082
v 11.311008 506.340210 64.990784
v 21.247847 513.371155 69.991096
v 23.716671 514.631958 71.370735
v 31.041992 523.198608 74.268494
v 29.194521 520.220703 72.989716
v 32.663029 526.634583 74.334534
v 33.409191 530.587830 74.246796
v 2.465070 505.550903 34.781281
v 37.666588 532.749634 8.605183
v 38.146423 551.610657 48.644821
v 30.428059 547.235962 53.425308
v 21.297739 510.997559 26.261894
v 23.527477 512.219177 24.796535
v -0.805509 498.872253 56.165604
v -3.541818 498.153778 55.667084
v -4.289661 498.614532 53.193604
v 25.070578 515.788391 68.293678
v 22.591818 513.982117 66.178375
v 19.545481 512.049988 64.061592
v 31.831327 523.981506 71.248901
v 7.633339 506.078308 30.724150
v 4.564126 508.389862 30.589174
v 3.925954 508.790466 31.749825
v 33.008671 527.019775 69.880707
v 33.543518 528.569946 13.626534
v 31.882404 526.502625 15.277565
v 30.387611 538.494202 64.364952
v 29.240538 540.259705 60.894997
v 32.443386 534.980957 69.047806
v 41.974983 552.514648 38.784042
v 23.441050 518.414795 22.352283
v -2.491321 500.478485 48.794853
v 27.462904 522.767334 19.514580
v 4.812481 505.598389 37.082924
v 41.401871 553.864624 30.623898
v 32.799541 548.296082 50.640362
v 39.135578 550.140747 45.276356
v 29.082006 543.645142 53.748184
v 34.820213 530.647888 12.072348
v 38.031471 532.900269 11.812297
v 40.302761 536.542236 10.112581
v 1.758925 503.442963 43.997055
v 4.154193 504.661713 42.034172
v 38.850937 539.175781 12.011959
v 40.372093 551.258057 32.614796
v 13.564432 507.645874 56.470009
v 11.964644 509.070740 29.274960
v 9.961503 508.682983 29.557898
v 33.682819 528.664917 66.618439
v 32.627644 524.411194 66.329163
v 28.987770 525.962524 17.804325
v 6.791310 502.960632 55.061539
v 35.704266 548.092285 17.726667
v 39.946854 549.504639 36.727222
v 38.976871 548.019348 40.387486
v 39.827831 533.923950 13.913702
v 10.139226 505.031921 55.776836
v 37.593872 551.722534 19.778780
v 8.157253 510.997894 32.622459
v 29.924644 541.210449 48.211281
v 32.872231 544.452637 46.087452
v 7.081908 506.103027 40.066429
v 26.121521 516.164429 58.594170
v 38.907791 536.632874 15.796206
v 36.437637 539.061279 17.541777
v 35.914772 530.648560 13.424109
v 36.703991 530.739685 14.914444
v 3.563348 503.642395 45.932167
v 5.798709 504.982849 44.891075
v 9.978973 510.658630 28.773746
v 8.065584 510.139160 29.428331
v 33.581764 531.397461 61.423759
v 4.637728 502.568481 51.555786
v 23.571012 514.579773 56.078228
v 37.800697 548.005554 29.015276
v 13.548725 507.935150 52.416290
v 16.597939 510.058685 51.846485
v 9.496926 512.732056 28.395834
v 14.179422 516.100342 28.712088
v 20.903515 520.966064 25.461349
v 10.465149 505.898956 51.870377
v 30.677467 541.012695 44.291084
v 10.100334 513.099060 31.523386
v 10.537758 510.537476 33.993488
v 38.071869 531.033569 18.038696
v 35.694145 545.340393 23.739338
v 34.872547 542.638184 23.667875
v 34.694241 542.110352 19.919744
v 30.479134 526.614258 20.719725
v 13.343283 508.093201 49.392765
v 15.495133 509.668732 48.204132
v 36.593658 545.474304 29.235939
v 33.479023 523.937744 56.028168
v 34.184406 526.414978 53.982933
v 34.374950 538.868103 22.519163
v 34.129456 528.619507 51.286926
v 32.207047 540.006958 39.571651
v 21.636578 513.558594 48.182884
v 13.733174 509.764557 35.292404
v 27.284895 523.954651 24.353605
v 32.609100 527.035034 19.793407
v 24.488621 515.418274 47.933414
v 32.030415 536.764160 35.378475
v 34.004456 537.247925 25.637486
v 31.065737 535.264648 44.395676
v 33.153549 532.820007 44.982979
v 28.071882 517.819336 51.648197
v 29.843472 519.212036 51.036873
v 31.818018 520.654846 51.090904
v 23.074223 514.536743 46.910488
v 23.248085 519.749573 28.154673
v 17.006289 510.822571 42.968819
v 33.115490 522.857117 53.064415
v 28.037424 517.804016 49.444923
v 27.223007 521.061096 26.951765
v 30.599760 522.790649 25.806755
v 34.506298 539.865601 27.037121
v 36.442787 531.241821 26.421124
v 31.165680 535.051575 42.149609
v 33.799019 525.626465 25.541407
v 33.404514 522.773193 49.406212
v 34.675262 529.550537 42.940628
v 32.190014 520.859375 48.356144
v 31.811417 534.686523 38.382988
v 23.095394 514.641663 44.628120
v 30.921900 521.794434 29.765072
v 33.732792 534.177856 33.068161
v 27.927773 517.939941 43.127281
v 23.302099 514.894531 41.152596
v 35.884163 529.974854 34.602795
v 28.054695 518.156616 40.872005
v 33.936211 523.271301 34.332481
v 32.340675 521.169128 40.646557
v 28.767193 518.899719 37.745918
v 33.228580 522.191650 37.833305
v 30.978239 520.320313 39.340546
v 23.013531 620.819214 14.211267
v 27.506371 618.854065 14.185213
v 31.898188 616.690002 13.980858
v 36.153915 614.278564 13.505648
v 40.218956 611.610229 12.734906
v 44.089142 608.721191 11.787454
v 47.656136 605.583435 10.473829
v 50.918770 602.240662 8.896413
v 53.797009 598.671387 7.102097
v 56.126213 594.915283 4.861222
v 57.890789 591.003418 2.396477
v 58.958775 586.921326 -0.220691
v 59.288837 582.712097 -2.889961
v 58.922688 578.418945 -5.423630
v 57.798096 574.130676 -7.741301
v 56.136677 569.754517 -9.520786
v 53.893616 565.476929 -10.922320
v 51.076305 561.262207 -11.857030
v 47.700897 557.376221 -12.490140
v 43.937988 553.796692 -12.893747
v 43.640812 557.365417 -15.232354
v 41.935265 560.653442 -17.691538
v 38.539707 563.604553 -20.295418
v 34.424187 566.276123 -22.469444
v 29.978327 568.722778 -24.355206
v 25.080397 570.824829 -25.811768
v 19.747477 572.321594 -26.723740
v 14.227925 573.415894 -27.297270
v 8.468531 573.795593 -27.290953
v 2.645042 573.365723 -26.732241
v -3.179227 572.453857 -25.780788
v -8.899610 570.672241 -23.990980
v -14.344134 568.351196 -21.631557
v -19.570181 565.655212 -18.912928
v -24.187958 562.291382 -15.857269
v -28.003084 558.410217 -12.861690
v -31.149389 554.097778 -9.916172
v -29.879894 551.568542 -5.564133
v -29.309643 550.003174 -0.799705
v -29.415653 549.481689 4.362952
v -31.983768 551.294556 8.337726
v -35.209808 553.355896 11.469437
v -39.134876 555.668701 13.544468
v -42.820969 558.648315 15.143553
v -46.172821 562.185791 16.233932
v -49.048435 566.236694 16.796053
v -50.957054 570.841064 17.078939
v -52.017994 575.697693 17.066166
v -52.118992 580.674927 16.835703
v -51.151760 585.558838 16.516054
v -49.256203 590.122009 15.971169
v -46.401901 594.132141 15.224636
v -42.586838 597.254395 14.504309
v -38.089668 599.218201 13.684060
v -33.202068 599.875977 12.840946
v -29.348524 602.376953 13.244871
v -26.359760 606.073425 13.324842
v -23.393566 609.778015 13.218965
v -20.240606 613.304016 12.971138
v -16.817347 616.562927 12.731175
v -13.063927 619.429749 12.505199
v -8.960216 621.764648 12.403592
v -4.570611 623.497864 12.461864
v 0.026413 624.568237 12.636431
v 4.723609 624.893311 12.909871
v 9.417955 624.613770 13.278422
v 14.058348 623.782654 13.589783
v 18.596548 622.491943 13.899049
v 4.042006 592.845337 6.109084
v -7.454590 598.935181 16.530470
v -15.155357 604.055603 15.442902
v -7.760614 613.985168 14.663303
v -23.052729 599.362610 14.220805
v -3.432629 615.988708 14.722218
v -25.844219 601.452393 13.770621
v -3.724979 619.530212 13.712482
v -7.310462 618.473633 13.550714
v -13.421198 613.567749 13.951347
v 0.547753 615.758362 15.298726
v -12.640934 607.617371 15.307491
v -16.363899 610.334717 14.203951
v 42.744759 562.758179 -9.280473
v 12.438724 584.292908 -5.931952
v -11.993477 575.099121 -1.934715
v -35.363407 579.950073 9.213373
v -21.501448 603.162964 14.316064
v -25.148430 596.169067 13.569169
v -4.353065 612.346558 15.460361
v 0.752995 603.777710 17.262802
v -13.557680 597.847534 15.613510
v -6.520695 608.728333 16.000406
v 47.719341 563.805725 -9.648366
v 41.763466 561.620361 -10.680205
v 45.298050 575.203613 -4.515196
v 33.928154 599.209473 8.839921
v -15.790821 567.756714 -10.338219
v -30.001297 560.992920 5.134604
v -37.597824 565.876770 6.850514
v 22.665932 608.692932 15.981642
v -31.638458 595.693359 12.624973
v -36.597507 595.240601 12.399524
v -40.183186 589.552063 12.039250
v -24.516348 590.079651 13.138664
v -33.943378 583.760864 10.022932
v -36.826694 588.541748 11.166399
v -27.869364 586.776306 11.820507
v -5.093605 602.611938 16.794044
v 0.342787 610.703857 16.450544
v 3.084804 606.824524 17.108637
v -17.444811 600.449951 15.076906
v -11.306849 601.478882 16.204969
v 43.105865 558.317261 -10.860478
v 44.283577 566.030029 -7.983247
v 40.374191 562.304871 -14.930099
v 50.175407 580.358582 -2.272696
v 37.435768 604.660889 12.374061
v 43.822727 597.980103 8.293260
v -14.462693 567.449951 -14.621083
v -21.930094 562.910278 -8.836097
v -29.251846 553.868774 4.115573
v -35.421532 560.925293 6.261457
v -40.354195 562.910767 9.477023
v -45.308128 588.014526 13.635080
v -41.657368 586.348450 11.912971
v -43.083588 591.424255 13.418642
v -39.278667 581.392517 10.165632
v -47.919434 579.767334 13.970243
v -40.530083 577.706055 9.882094
v 6.484562 608.252686 17.045042
v 10.171496 609.182373 16.983385
v 7.323062 601.965088 15.660543
v 7.449824 605.100708 16.881533
v 53.724419 589.211121 2.358022
v 51.976929 592.915405 4.517362
v 36.998325 564.314697 -16.981365
v 33.165855 566.431641 -18.743401
v 29.354359 568.102722 -20.139036
v 25.402935 569.549133 -20.152708
v 42.740635 571.827026 -5.665416
v 53.938694 575.283569 -6.266902
v 52.194271 571.580627 -7.864828
v 39.434441 563.752869 -12.190823
v 52.101456 579.217529 -3.250680
v 46.245258 586.015747 0.567773
v 6.889757 573.592712 -22.738945
v -5.522833 571.583130 -22.038309
v 29.637150 613.961548 14.871441
v 35.274261 609.350342 13.745198
v 29.280125 602.741333 11.696988
v 26.650414 607.226807 15.029862
v 30.511621 606.202026 13.911760
v 33.529339 602.311768 11.632856
v -10.086520 569.945862 -19.303467
v -33.007675 558.069580 5.372229
v -36.906029 562.767273 6.886317
v -38.883183 564.622925 7.861492
v -29.512098 557.710449 3.881957
v -27.401119 557.616821 -7.589421
v -38.504547 572.716064 8.336084
v -44.140987 578.832275 11.602452
v -48.116493 575.467407 14.061444
v 49.810944 596.417603 6.808141
v 32.996376 570.707642 -12.711887
v 36.403885 568.264099 -10.858048
v 33.530788 574.192200 -9.374401
v 35.050732 578.143311 -5.776887
v 21.834194 581.604980 -9.296057
v 30.004066 582.875549 -7.513667
v 35.340981 585.950806 -2.843602
v 38.599548 581.461243 -2.988708
v 39.989147 588.213806 -0.170505
v 32.728943 590.579712 -0.582098
v 27.418365 588.762024 -3.882824
v 17.506678 572.631470 -24.161800
v 48.664135 573.166260 -6.010830
v 49.892448 587.536865 1.881612
v 6.615129 574.174072 -18.288919
v 1.817225 573.584717 -19.086521
v -2.398280 572.736572 -19.248676
v 38.445698 600.441406 9.838665
v -18.929331 564.553650 -11.905178
v -24.837215 560.882446 -10.803215
v -11.551253 570.951172 -11.689638
v -44.600693 571.588684 11.539169
v -41.583645 574.299072 9.558861
v -36.873894 576.227600 8.504133
v -38.349213 568.285522 7.696570
v -40.533615 566.964111 8.484100
v -42.050777 571.437744 9.761186
v 48.065414 591.154907 3.697075
v 47.305370 599.893433 8.627961
v 41.776981 600.905945 10.296203
v 21.973932 571.699646 -17.830866
v 29.401316 572.514526 -14.566041
v 19.242279 574.517029 -14.472118
v 24.012897 576.463928 -13.035045
v 13.801596 580.915649 -8.400089
v 9.137754 579.225586 -9.178182
v 17.405516 582.782043 -7.743056
v 0.667955 574.683105 -15.885916
v -3.214202 573.811279 -15.900176
v 10.593021 575.203003 -14.048075
v 37.659897 592.211792 2.003836
v 42.014812 593.413025 4.238497
v 35.536987 595.739441 5.202066
v 45.948360 594.597534 6.008190
v 39.968380 596.773254 7.069793
v 12.277973 573.861023 -17.938667
v 8.118979 583.036377 -6.167841
v -11.717148 573.650757 -5.833519
v -7.133396 572.294739 -15.833958
v -4.038715 575.088806 -12.407550
v -4.950561 577.042358 -8.709109
v -13.597606 572.453491 -3.838568
v -14.636370 570.194763 -6.573875
v -17.061207 575.943237 7.674922
v -8.654265 574.823669 -8.725449
v -5.014771 582.374695 -0.425021
v -1.197725 584.162537 -1.809585
v -6.400524 579.268433 -4.215388
v -5.045742 589.426392 11.110332
v -9.690817 575.666992 -5.163517
v -12.968115 576.833069 3.976120
v -12.578588 583.822449 10.451564
v -14.676877 580.181335 9.088863
v -18.623890 581.569214 11.164635
v -16.293589 585.013672 12.741592
v -23.012339 583.869751 11.841251
v -29.526573 582.140869 10.545336
v -6.342655 583.868652 4.651896
v -20.482168 587.404358 13.104294
v 0.219612 590.052490 5.088843
v -8.014979 581.104431 2.604371
v -19.561308 596.846497 14.803658
v -21.815393 593.458496 13.956916
v -28.568815 572.512939 8.934696
v -4.205497 584.349976 2.153373
v -4.276999 586.668579 6.064022
v 7.454492 586.286621 -3.349429
v 3.436931 582.398438 -6.153871
v -2.664839 589.806519 7.815909
v -18.028963 590.873596 14.086843
v -10.318234 587.075012 11.962837
v -26.969229 576.298218 9.766325
v -23.048872 574.751282 9.458890
v -24.452263 571.494995 8.621552
v -20.840242 571.270203 7.176220
v -20.253288 573.851135 8.349044
v -35.019218 569.686523 7.493707
v -16.120865 570.908508 -0.955589
v -30.000877 568.649414 7.729891
v -17.757519 572.524658 4.804594
v -19.620947 565.822449 -6.551271
v -22.992964 564.675415 -3.379122
v -24.606346 561.005188 -5.524516
v -25.799099 559.502625 -1.824486
v -32.968948 574.107666 8.711475
v -24.759981 563.238159 0.217006
v -23.600998 566.149536 2.558084
v -26.807514 561.858459 3.105375
v -22.212194 568.648560 5.063234
v -19.249645 569.849426 2.076597
v 15.488447 612.105530 16.848589
v 18.633804 610.214844 16.647789
v 13.625184 610.175293 16.878035
v 9.374072 612.547485 16.734306
v 19.663181 598.171692 6.729059
v 27.863319 598.623657 7.528479
v 25.135769 592.876282 -0.014847
v 24.882702 603.907043 12.979823
v 20.562540 605.330444 14.429039
v 22.672842 595.950684 3.901127
v 14.558964 597.274963 6.837627
v 16.578705 599.505737 8.939767
v 17.992573 593.753906 1.774821
v 15.769384 606.817078 16.011822
v 0.999572 594.242798 10.824851
v 37.147633 571.182251 -7.775197
v 38.918552 574.485352 -4.957067
v 39.678745 565.658752 -9.581132
v 42.476643 584.055054 -1.020064
v 41.932674 577.885681 -3.435322
v 47.861916 578.086731 -3.293597
v -11.867530 591.897278 15.067954
v -6.170612 593.561035 14.603150
v -9.705434 595.431458 15.859976
v 2.149919 593.613342 8.852739
v -6.986547 586.406311 9.496038
v 1.376695 592.190735 7.395487
v 3.054943 585.594727 -3.041521
v 3.122841 588.241150 0.388470
v 9.037136 595.749756 7.378236
v 13.187276 594.546875 3.807252
v 8.734022 594.642883 5.753004
v 12.156268 597.701538 8.329559
v 7.301671 589.147217 -0.534003
v -30.492279 564.600708 6.098588
v -26.504768 564.804443 5.054357
v -33.373329 561.007446 5.948304
v -34.958702 564.641785 6.399298
v 10.985970 602.242126 15.071703
v 10.219555 599.578918 12.312218
v 9.536793 597.424133 9.669453
v 4.109890 594.373413 8.510266
v 2.608496 598.078186 14.838742
v 4.816097 604.610046 17.078056
v 6.660924 596.815796 10.604857
v -3.035677 592.328857 12.631579
v 6.777331 598.950684 13.574743
v 3.822785 590.984375 3.389053
v 13.406499 599.983032 10.746187
v 6.660953 595.202148 7.962904
v 17.647104 618.671753 15.083582
v 21.732733 617.238831 15.290874
v 25.830368 615.609619 15.282364
v 32.534382 612.669617 14.480978
v 38.711906 607.801575 12.632353
v 41.878662 605.591919 11.583279
v 44.681210 602.948120 10.372105
v 54.946228 585.570251 0.069070
v 55.425110 582.140442 -2.238933
v 55.117039 578.758911 -4.293283
v 50.091682 567.692444 -8.988802
v 45.654160 560.590210 -10.638394
v 42.954773 560.131836 -12.813889
v 14.179618 573.233032 -24.469078
v 11.136531 573.441223 -24.635912
v -2.244604 572.641602 -22.601202
v 2.444533 573.328125 -22.867588
v -14.133318 567.846924 -18.084209
v -21.557014 563.467773 -13.792881
v -28.091974 555.907532 -3.741688
v -27.710966 554.342896 0.771105
v -32.007481 555.054016 7.191802
v -35.461216 556.325867 9.060817
v -38.632778 558.371033 10.642012
v -41.647129 560.901794 11.934967
v -44.165161 564.005188 13.003754
v -46.212563 567.499756 13.669271
v -47.618988 571.330933 13.908085
v -46.939518 584.028931 13.832135
v -40.345234 593.955627 12.989644
v -28.022636 598.917358 13.428961
v -19.114456 606.845947 14.369057
v -10.392502 616.368530 13.690933
v 0.416356 620.071289 14.026664
v 4.832699 620.362427 14.336533
v 9.230374 620.263245 14.636613
v 13.505953 619.696716 14.862868
v -6.170232 616.152405 14.328102
v 18.486732 571.991699 -21.187576
v 31.683598 609.710632 14.698175
v 28.124630 610.775513 15.382242
v 24.293716 612.187012 15.972271
v 39.918941 602.786377 11.277404
v 52.296574 581.422119 -1.859446
v 51.402565 584.209961 0.027687
v 10.388189 573.321472 -22.073664
v 13.763145 573.067139 -21.496706
v -18.216507 565.773315 -16.318127
v -38.125584 560.664001 8.220245
v -35.688484 558.903442 7.014881
v -27.241291 558.375977 1.364881
v 13.070189 615.988708 15.942160
v 9.150583 616.249512 15.788049
v 4.941953 616.090698 15.555288
v -10.087801 610.974731 14.990689
v 16.638927 615.125366 15.965202
v 20.322927 613.692444 15.979584
v -27.680088 593.074890 12.900497
v 36.167961 565.681396 -13.819186
v 32.693382 567.561829 -15.427503
v 29.437178 569.222168 -17.034075
v 26.623472 570.227478 -17.558672
v -43.065933 582.679810 11.722764
v -44.716644 575.063293 11.521844
v -32.526104 591.387390 11.764338
v -36.240147 591.786499 11.664881
v -38.919231 591.775024 12.186905
v 46.462856 569.645508 -7.067098
v 50.648922 576.403687 -4.639523
v -42.266090 565.582886 10.466053
v -43.820259 568.487915 11.124879
v -6.203835 571.278809 -19.112270
v 25.489624 572.706543 -15.714516
v 34.201504 605.647766 12.979309
v 42.544933 560.690308 -9.806095
v -17.183727 565.824463 -14.314084
v -29.362970 590.416016 12.154191
v 9.697627 573.636475 -19.425602
v -8.895201 605.113770 16.106842
v 5.276759 611.914429 16.623447
v 12.900920 612.703430 16.804955
v 40.721436 568.433777 -7.154641
v -37.933376 585.039001 10.679901
v -32.794376 587.673096 10.929205
v 44.188049 589.823181 1.802031
v 48.258575 582.768188 -0.842510
v -41.664875 569.352905 9.472583
v 15.115343 573.837585 -16.866903
v -10.689760 570.003296 -15.433132
v 36.474464 602.475891 11.284147
v 45.112015 580.605713 -1.948431
v 3.984779 574.879211 -15.620009
v 29.385412 576.825562 -11.571897
v -40.144783 570.453674 8.804664
v -2.638704 606.463745 16.654388
v -21.072584 567.393372 -0.682341
v -17.736168 568.367920 -3.639281
v 16.374475 577.871948 -11.352909
v 0.089324 576.281067 -12.739965
v -15.778509 594.350647 15.062057
v 4.748618 576.303345 -12.946561
v -8.127034 573.468018 -12.384930
v -31.180872 578.093445 9.612601
v 30.358566 594.616699 2.841463
v 22.797955 600.807251 9.729493
v 18.695955 602.126526 11.788198
v -25.833593 568.340027 7.107043
v -11.738287 572.437988 -8.262420
v -1.418268 600.339233 16.264015
v -3.957256 596.979614 15.406222
v 11.125479 605.770447 16.531496
v 14.789442 602.612122 13.790304
v -0.663805 578.632202 -9.271396
v -14.040242 588.502441 13.994977
v 3.876695 602.097717 16.245327
v 4.138434 578.919556 -9.190581
v -25.058802 579.991882 10.657009
v -0.759021 595.201294 13.890905
v 21.432611 586.928955 -5.323442
v -14.669394 573.787842 1.475927
v -1.332619 581.347778 -5.555864
v 16.613922 585.789490 -5.453420
v -20.807022 577.850586 10.142794
v 19.926437 590.768799 -1.684859
v -8.275698 590.396301 13.319591
v -9.851272 578.075256 0.087359
v 11.414295 587.280945 -3.303437
v -8.953590 583.251587 7.981807
v 16.329826 596.042603 4.692183
v 3.572865 595.909424 11.180901
v -0.950301 592.290283 9.567965
v 15.219254 589.060669 -2.583006
v -10.826623 579.983459 6.234773
v -1.340190 586.823853 2.276906
v 10.570799 589.480591 -1.104938
v 12.954098 595.947449 5.627956
v 12.997376 591.951538 0.731483
v 8.220158 592.159241 2.604996
v 11.117399 595.941345 6.449409
v 10.291983 594.379578 4.610784
v 6.866317 593.819275 5.523771
v -65.391510 524.058350 32.434700
v -66.023598 527.552612 29.126682
v -66.448997 531.326965 26.142479
v -66.644760 535.480164 23.630346
v -66.471413 539.983459 21.856201
v -65.907005 544.533020 20.245188
v -64.795563 548.975708 18.616522
v -62.771004 550.958069 15.492374
v -59.966190 551.422668 11.544743
v -56.671101 551.679260 8.011297
v -53.083576 552.337341 4.644343
v -49.345646 553.459778 1.446002
v -45.254143 554.570251 -1.441685
v -40.888134 555.757385 -3.933628
v -36.206104 556.817871 -6.248282
v -31.660461 558.518860 -9.554304
v -27.265144 560.522949 -13.462416
v -30.824694 555.886108 -10.914268
v -34.050865 551.167908 -8.001196
v -36.610264 546.286499 -4.358269
v -38.364586 541.326355 -0.493467
v -39.716362 536.326721 3.482274
v -40.001266 531.316895 7.624999
v -39.879532 526.297974 11.745532
v -38.944492 521.260376 15.821666
v -37.159847 516.411682 19.695072
v -34.950401 511.657349 23.467117
v -31.478611 507.541626 26.811954
v -27.620825 503.754211 29.914465
v -22.991037 500.623291 32.532322
v -17.775965 498.277618 34.661686
v -12.268243 496.324493 36.546825
v -11.402891 496.053223 41.049660
v -11.705990 494.930725 45.172806
v -13.590181 492.489075 48.704697
v -14.729957 491.310791 53.026329
v -15.666085 491.104767 57.581299
v -15.938973 491.969788 62.172379
v -16.047171 493.721161 66.500137
v -16.139137 496.328888 70.393784
v -16.792343 499.526947 73.755638
v -18.098679 503.097595 76.432144
v -20.217213 506.825470 78.318199
v -22.910734 510.545715 79.216225
v -25.866760 514.119385 79.010918
v -29.351110 516.821655 77.462051
v -32.317120 519.157349 74.697609
v -34.364273 521.077942 70.939819
v -38.148766 521.956665 68.648819
v -42.505333 522.361145 67.414818
v -46.781273 521.888794 65.730591
v -50.705181 521.012695 63.532829
v -54.246666 519.984741 60.758396
v -57.328815 519.123047 57.442192
v -59.911091 518.675110 53.652550
v -61.856380 518.617493 49.469807
v -63.318462 519.141663 45.128593
v -64.291794 520.260986 40.760941
v -65.003029 521.988831 36.548359
v -37.456806 548.338684 10.616700
v -31.523394 523.430176 59.120796
v -20.990265 508.792175 57.478786
v -33.598396 546.705200 3.860418
v -19.540047 505.278107 64.622650
v -19.135918 501.659027 53.859848
v -27.064436 513.191650 28.935192
v -55.107414 528.147156 34.882687
v -34.750668 538.273682 7.644513
v -38.336445 525.049988 60.759472
v -36.461285 522.291931 65.078018
v -18.041380 501.901855 68.159973
v -14.999166 499.598358 39.025757
v -20.311794 501.862427 34.679989
v -15.992477 494.868439 52.518452
v -25.674028 507.044983 30.464661
v -36.474037 527.904053 13.067599
v -61.845608 525.698303 32.702732
v -55.924614 524.521667 43.512283
v -37.236965 537.132813 5.654100
v -43.411736 524.333252 62.605766
v -18.207199 500.462158 63.349403
v -17.204218 497.098450 64.539459
v -21.048882 508.617706 73.699516
v -24.858126 513.581726 74.882324
v -23.627966 512.685303 72.380714
v -29.491259 518.446533 70.170959
v -17.529062 503.043152 38.478374
v -35.390499 523.255676 17.100101
v -61.693962 528.221252 29.456322
v -58.138374 521.546021 48.326862
v -58.145157 526.054077 35.931427
v -56.520245 521.475220 52.187752
v -37.078896 532.322998 9.267326
v -20.274343 508.061432 67.405464
v -21.413877 510.331940 63.537743
v -22.069784 510.553650 69.936424
v -18.990889 505.157104 41.908028
v -18.149817 498.340942 55.282890
v -54.712902 524.185120 47.411129
v -53.715790 527.444824 38.926498
v -52.571743 527.019043 42.895947
v -53.346443 523.963562 51.083912
v -41.183643 525.678528 59.925186
v -29.564835 516.692810 25.958237
v -31.525381 520.885864 23.023552
v -52.833298 531.433167 30.252213
v -51.516365 530.450684 34.382446
v -46.292923 528.609314 49.427681
v -42.830608 527.453552 55.050198
v -50.072548 526.352478 50.307068
v -33.887959 524.772095 58.527225
v -45.650352 527.539551 53.065678
v -35.183296 523.586060 61.592789
v -49.329842 542.780396 19.517616
v -35.372005 557.187378 -3.226480
v -22.782881 511.563263 36.454029
v -21.434422 506.594513 34.348518
v -34.162384 543.853760 6.651369
v -36.705158 541.632446 2.110314
v -32.919498 526.045715 19.736849
v -62.023514 531.533936 26.167919
v -53.753227 533.318359 26.456623
v -33.657524 536.749146 13.950541
v -19.942036 505.580261 59.947174
v -19.201073 502.525696 57.879166
v -20.088184 505.179291 52.576008
v -20.078033 505.511780 56.966331
v -23.338326 512.844360 66.217621
v -16.969952 500.983521 44.287094
v -30.559132 529.539673 31.069212
v -45.838650 531.474976 42.171089
v -28.626019 519.715759 63.712658
v -26.615345 517.513428 66.398582
v -32.048439 521.134399 66.528687
v -34.221497 526.975281 54.224312
v -37.081364 526.344360 57.221989
v -32.359219 525.108948 56.068855
v -56.456997 546.025330 19.619598
v -43.733543 556.292786 5.428391
v -50.290279 553.467163 12.751439
v -39.114540 557.170715 1.697225
v -16.657986 498.941986 47.332420
v -17.265373 497.766693 51.716930
v -24.477806 510.404419 32.530975
v -58.194271 538.770569 21.624989
v -35.174271 546.053040 8.797154
v -34.917801 534.254395 11.298478
v -21.169666 509.010101 46.920238
v -21.375151 509.278442 52.510216
v -27.959850 521.257324 31.743412
v -50.341732 529.870728 38.497269
v -42.248814 528.448486 52.644234
v -24.679411 515.746399 61.815308
v -57.580093 542.393250 20.656715
v -58.782204 550.852417 17.337460
v -62.142967 539.307251 21.679228
v -60.426342 547.464600 19.246813
v -35.187897 556.755005 -0.437361
v -34.052795 540.467285 10.230774
v -34.248428 538.551331 23.788811
v -35.598282 541.332642 19.806545
v -25.222546 518.490356 45.243088
v -27.279446 522.125854 47.713593
v -26.376709 519.979736 37.504692
v -28.626799 524.509338 44.456577
v -27.894001 523.265320 35.226513
v -28.599880 525.298340 38.721054
v -29.504078 524.336182 49.709743
v -31.831402 526.015076 51.710625
v -30.406467 528.095093 27.780766
v -32.737766 535.313110 21.473419
v -31.222906 526.904053 24.050337
v -30.408094 528.284241 36.397678
v -36.343811 535.604248 33.956772
v -31.791077 531.066895 33.926170
v -32.081066 530.122986 39.858707
v -33.319160 528.296143 48.695602
v -33.829769 533.423096 36.416801
v -32.305843 533.143799 31.677210
v -31.508383 531.978455 29.444942
v -33.490860 534.103210 33.257896
v -32.452328 534.265930 25.956171
v -38.040314 537.430481 30.977036
v -32.198009 533.803772 28.431952
v -35.744110 537.154785 28.922434
v -20.772474 508.788513 41.820175
v -25.004013 517.954956 50.971321
v -26.693504 520.819763 51.506081
v -22.269905 512.414673 59.003273
v -24.590445 517.019165 56.644863
v -29.915361 522.824341 26.164736
v -26.646835 518.940796 57.397636
v -28.374752 521.425659 55.278885
v -30.142509 527.122986 41.882660
v -41.988029 533.116455 42.228893
v -46.914597 532.204651 38.172722
v -44.480461 534.875916 33.531628
v -43.271122 534.272522 37.716133
v -41.019478 536.640869 32.538040
v -42.438652 537.613281 28.687096
v -45.735611 535.678101 29.459270
v -34.848610 530.874146 44.448895
v -32.024464 522.307495 62.064606
v -54.941364 549.353760 17.914406
v -39.783413 555.636597 4.675787
v -40.933334 553.352661 8.162616
v -42.454376 546.865417 14.514969
v -41.585537 550.161438 11.172791
v -39.480083 538.733093 27.482517
v -42.280724 541.656799 21.667223
v -40.917114 540.065063 24.036001
v -47.105518 536.872009 25.707705
v -40.740669 542.687866 19.235434
v -36.904320 538.551880 25.515289
v -44.090458 544.062378 17.705797
v -50.277035 534.915039 26.236174
v -46.505127 548.681274 14.767563
v -49.814789 550.427856 15.594174
v -48.532650 552.162720 13.791052
v -47.946636 545.763550 17.321455
v -52.846172 544.363647 19.146099
v -52.420818 538.418701 22.043201
v -51.133396 540.203979 21.113146
v -51.954716 523.732361 54.348999
v -48.991959 525.707153 53.843971
v -58.163136 535.326172 23.621981
v -57.737537 532.140930 26.555021
v -54.496284 535.735474 23.542196
v -30.780670 557.938293 -6.838723
v -39.694054 556.561707 -1.041476
v -43.552357 555.891479 1.258712
v -32.209801 554.881897 -3.408385
v -62.255020 535.374512 23.694004
v -61.541241 543.442871 20.590904
v -56.332523 552.271484 14.283323
v -53.458916 553.673096 10.677806
v -50.007504 554.410950 7.627353
v -46.621689 555.226807 3.974081
v -35.972893 545.103882 -0.777411
v -34.168964 518.742310 20.985083
v -31.935036 514.166382 24.446039
v -29.104425 510.171722 27.556828
v -22.270027 503.984131 32.831322
v -14.367330 498.508850 42.593079
v -14.105219 497.346619 46.290436
v -15.418732 495.251282 48.993137
v -17.002209 494.929962 56.462074
v -17.221786 495.790314 60.613457
v -19.087133 505.550446 71.429108
v -23.005699 511.428131 75.058105
v -27.192152 515.919373 73.017273
v -40.126263 523.960510 64.154755
v -49.667530 522.850037 60.436436
v -47.384014 523.290527 62.165123
v -54.555046 521.609558 55.607475
v -52.349846 522.041504 58.411522
v -59.466316 521.983643 44.275112
v -60.515717 522.803467 40.190178
v -61.398533 524.167175 36.347672
v -17.106649 498.449646 67.695610
v -42.134541 556.544250 2.808731
v -46.051273 554.501404 9.549068
v -34.235901 547.328674 0.095853
v -34.809578 542.890076 3.919443
v -19.309914 503.785278 35.807026
v -17.734879 501.162109 37.163620
v -16.649189 497.207428 49.261501
v -18.240854 499.264862 59.282063
v -45.574249 524.822327 60.190117
v -48.025223 524.759766 57.470909
v -50.823975 523.597107 56.775555
v -17.146982 502.279846 40.854309
v -25.004110 514.900574 69.538193
v -34.309471 530.142761 15.268484
v -57.027702 525.120422 39.601711
v -52.915470 551.778748 15.591364
v -33.499207 551.334351 1.050451
v -20.424263 507.525208 61.400574
v -35.766762 554.171997 2.967089
v -29.645138 521.020752 61.040993
v -19.253340 503.454041 61.451973
v -18.297249 500.548096 49.926533
v -19.309753 504.122437 47.085979
v -59.018703 526.864624 33.045139
v -57.152718 529.066284 30.640303
v -26.973146 518.658447 60.694557
v -43.270058 526.157166 58.183334
v -44.977325 526.683044 56.033279
v -25.094002 513.777649 32.882832
v -26.713867 515.977783 30.944681
v -28.418209 519.043457 28.616713
v -33.319637 532.955139 17.590359
v -32.565891 529.861633 19.985786
v -51.384350 526.681519 46.688244
v -20.891741 507.983582 37.664017
v -54.774895 538.423950 21.761734
v -54.091599 541.263550 20.478529
v -51.465141 547.497681 17.424446
v -39.379967 527.895630 54.528194
v -45.646858 551.603271 12.522763
v -29.815189 521.933411 58.525276
v -34.552448 549.015564 4.970941
v -36.671719 551.514465 6.690749
v -19.229137 504.970642 38.444016
v -28.327543 520.008728 59.809765
v -24.697880 514.929626 35.686810
v -26.401691 518.007629 33.968025
v -31.946953 530.829529 22.995935
v -35.150497 542.695129 13.023477
v -49.194798 529.317810 42.402237
v -48.074829 528.977478 46.063671
v -34.329792 538.973145 16.977348
v -41.323944 527.121460 56.464466
v -39.850643 526.626526 57.974186
v -30.745867 524.081543 54.142128
v -22.723072 512.634766 41.105312
v -49.146782 533.579224 29.949570
v -51.452293 536.702087 23.381861
v -29.217579 524.656555 29.632496
v -24.752308 516.470764 39.867065
v -48.051613 532.847168 34.032097
v -36.942211 528.763550 51.453049
v -23.137493 514.110657 53.129391
v -28.294510 520.572937 57.751534
v -45.604599 540.878784 20.877287
v -30.036369 522.790466 56.259319
v -31.306324 523.776489 57.149662
v -31.337376 531.326721 26.510469
v -45.101078 530.662598 45.488922
v -41.272060 530.786804 47.912357
v -22.957136 513.619324 46.583443
v -28.845160 522.650513 52.651215
v -37.894581 544.590271 15.391915
v -48.756733 538.324585 22.389145
v -29.381432 526.468323 33.085930
v -26.726631 519.902954 54.571140
v -25.291269 518.416443 54.090790
v -33.452564 536.591980 27.281570
v -38.490150 540.661011 22.072784
v -43.913147 538.900696 24.828011
v -27.140942 522.085693 41.482071
v -30.743868 526.410950 46.840031
v -33.102127 534.634277 29.694788
v -39.448524 535.655762 36.328053
v -37.444172 533.721008 40.044117
v -31.711205 528.359924 44.462906
v -34.736618 535.201172 31.395103
v 42.790470 539.876221 68.319618
v 41.049969 535.574951 69.828468
v 39.214165 531.254883 71.157501
v 37.248222 526.926331 72.265541
v 35.002556 522.679871 73.101639
v 32.611782 518.471924 73.668739
v 29.947416 514.398560 73.893585
v 26.939903 510.581909 73.779823
v 23.733618 506.965302 73.235077
v 20.073023 503.905731 72.274841
v 16.307062 501.187286 70.848198
v 12.510615 498.874268 68.863937
v 8.729834 497.081299 66.360062
v 5.132393 495.756775 63.335503
v 1.750043 495.076111 59.829113
v -1.252943 494.715546 55.889191
v -3.783429 494.617706 51.581600
v -5.911727 494.804779 46.961014
v -7.929448 495.196228 42.168331
v -9.781498 495.786041 37.281414
v -3.587869 494.515808 37.285511
v 2.564401 493.856903 37.101006
v 8.667077 493.931610 36.690159
v 14.567849 495.320007 35.397179
v 20.221184 497.255371 33.749107
v 25.476740 499.917969 31.634018
v 30.201315 503.271729 29.004772
v 34.594238 506.929169 26.061680
v 38.417473 510.986816 22.586275
v 41.669548 515.518372 18.823780
v 44.557251 520.317322 14.883039
v 46.769054 525.520142 10.624743
v 47.819660 531.083862 6.093931
v 47.925808 536.856262 1.379001
v 45.222801 542.653320 -3.619682
v 43.116070 549.267700 -8.885906
v 41.506233 556.563232 -14.375093
v 40.147991 558.280029 -9.901647
v 40.021675 561.181824 -6.331385
v 41.170765 565.208374 -3.635246
v 44.807045 568.590759 -3.332067
v 48.964401 571.203125 -3.400090
v 53.616032 572.931885 -3.777217
v 58.301380 574.449829 -3.108432
v 62.712090 575.708069 -1.376976
v 66.736267 576.644043 1.396196
v 70.337128 576.901611 4.826523
v 73.839455 576.293152 8.300609
v 77.165176 574.807800 11.687400
v 80.384613 572.375000 14.586622
v 82.985542 569.224854 17.411022
v 84.779579 565.421692 20.049156
v 84.751572 561.768066 23.398739
v 82.996780 558.431396 26.414429
v 79.750206 555.514526 28.802023
v 77.486412 554.239990 32.552841
v 75.108971 554.974182 36.209709
v 71.709679 556.854553 38.893581
v 68.054688 558.687561 41.255135
v 64.277664 560.151978 43.666824
v 60.442924 561.042542 46.262058
v 57.073132 560.900208 49.504715
v 53.966770 559.894836 52.860802
v 51.540939 557.867065 56.357761
v 49.535393 555.040527 59.533981
v 47.749031 551.689026 62.332748
v 46.072033 547.973877 64.716911
v 44.421276 544.011658 66.699249
v 59.757450 541.567078 37.150063
v 44.576534 534.721069 47.698437
v 65.638054 548.506226 38.005989
v 56.483727 552.808716 45.320961
v 72.835533 548.834167 32.441059
v 53.053333 553.405334 49.106194
v 75.036522 551.559082 33.144871
v 53.432449 556.330322 50.952999
v 55.945076 557.220459 48.308258
v 61.897110 555.869873 43.120705
v 50.769608 551.605957 51.272133
v 62.641697 550.447937 40.300972
v 65.281754 554.381775 40.779469
v 0.509819 498.601013 40.792648
v 39.883640 514.011536 28.890938
v 50.903488 534.321960 12.570562
v 68.813011 558.143738 13.059040
v 71.151062 550.774841 35.513676
v 73.280136 549.358826 28.675392
v 47.035702 545.198120 53.163597
v 48.388184 544.362061 49.611237
v 55.961815 549.745544 44.087849
v 52.584846 542.648499 42.741421
v 64.922394 543.108704 34.409035
v 57.640812 548.642639 42.085194
v -1.597142 496.371338 45.750320
v 0.467992 498.661499 38.952805
v 9.773058 499.790527 50.639027
v 33.331772 517.201538 58.952995
v 47.924049 538.206177 4.734088
v 50.116653 559.216370 3.758783
v 58.694263 563.702881 4.153693
v 40.786224 531.591370 58.534004
v 77.513725 553.412109 25.578367
v 80.121704 557.049622 23.364544
v 78.262848 560.556274 18.180059
v 71.005600 547.450562 23.454197
v 71.044983 556.220154 15.824309
v 75.911095 557.801880 18.249887
v 70.408745 550.735962 19.856873
v 50.670403 548.669983 48.840740
v 57.507477 543.605347 39.817253
v 50.567116 545.009155 46.291794
v 67.943344 546.936951 34.841263
v 62.783978 544.835205 37.626133
v -4.302927 497.653870 38.765404
v 2.540629 497.454895 44.370564
v 3.634372 496.840759 37.325325
v 11.782351 499.905121 57.785587
v 34.244183 519.735779 66.053032
v 28.179434 511.694061 65.459694
v 45.395134 535.500977 5.174448
v 46.599148 545.625061 -0.705061
v 44.333618 562.830627 -1.153522
v 53.549107 564.446899 2.085196
v 58.609116 568.202148 1.201582
v 79.514931 565.711792 16.434072
v 76.514664 562.601196 15.913196
v 81.086311 562.870361 18.881836
v 71.668266 561.362915 13.119781
v 74.478729 570.420776 11.225112
v 69.429138 563.297119 10.596091
v 47.093990 541.667908 49.316051
v 45.632721 539.091064 49.766998
v 46.441505 537.803467 46.690193
v 17.252024 502.241821 66.476563
v 20.886234 504.802155 67.709824
v 8.568472 497.511627 36.394581
v 13.619186 499.011078 35.150139
v 18.001127 500.877930 33.926163
v 21.527596 503.842957 32.298092
v 8.603056 498.567322 46.747437
v 5.045193 496.592316 57.487381
v 2.641505 496.225861 53.851265
v 4.321921 498.935028 37.855350
v 9.772003 498.682831 58.575481
v 18.337345 503.753357 58.148560
v 36.829575 515.385437 21.662371
v 43.738888 524.070190 12.454304
v 39.516876 530.933838 67.446671
v 36.435959 524.273926 67.986618
v 36.789204 522.620605 58.590164
v 39.152653 528.106140 60.366436
v 37.506695 524.919434 62.331432
v 35.082294 520.106628 61.483932
v 44.792831 529.029358 8.781179
v 49.838566 563.822510 0.971612
v 55.954456 564.804932 2.553882
v 58.692650 565.692505 2.857136
v 47.297874 560.774658 1.186457
v 44.182171 553.065430 -7.987480
v 64.590057 562.542236 7.918424
v 71.985825 566.626770 10.848485
v 71.638130 571.871948 8.322989
v 24.417015 507.719269 68.716499
v 13.710733 503.002441 37.384071
v 9.496012 500.706177 38.443382
v 16.681297 500.799957 39.924778
v 18.520992 501.376038 43.576515
v 31.246634 507.926514 34.987530
v 25.147121 505.049683 41.004082
v 23.218708 506.742706 48.072803
v 18.354275 503.590179 48.552757
v 22.627678 506.790405 53.858692
v 27.700430 510.698334 49.503136
v 29.846046 510.667328 43.653904
v 30.374493 506.812073 27.985664
v 6.181531 497.986053 52.087914
v 17.957884 503.112305 62.330070
v 35.386921 518.711060 22.263842
v 38.433338 521.159119 18.525187
v 41.002495 523.481628 15.147911
v 31.955475 516.009583 63.430439
v 46.379650 541.321411 1.292081
v 45.194237 547.036987 -4.239093
v 47.164585 533.158508 8.748372
v 67.152588 569.070740 5.927016
v 67.393753 565.004883 8.109198
v 66.612526 560.201965 10.347404
v 61.153427 563.668457 5.204449
v 61.454422 566.133728 3.678199
v 65.630157 566.307678 6.145624
v 21.603651 505.572937 63.314560
v 27.476503 511.089844 69.477768
v 30.758018 514.759827 66.341583
v 24.258514 507.831116 31.534895
v 17.729822 505.457458 36.206753
v 26.823467 511.716797 31.435760
v 25.074661 507.943604 34.855095
v 36.525318 513.976013 29.699131
v 37.651604 517.366699 26.159554
v 37.407642 513.823914 35.485931
v 36.436260 511.116241 32.267551
v 38.644867 524.000488 18.635881
v 41.749752 525.362915 15.332602
v 32.399918 518.439880 26.189106
v 26.707527 510.003601 55.031437
v 25.925549 509.190308 59.934059
v 30.349457 513.503479 56.752296
v 25.116543 508.453644 64.354012
v 29.198339 512.512512 61.397434
v 31.516571 515.005432 25.977936
v 41.327301 516.684204 26.304632
v 50.196552 532.986938 9.967663
v 43.881233 527.482178 11.595179
v 42.929832 526.931519 15.467588
v 46.274479 526.406982 15.339794
v 49.871117 535.867126 9.459901
v 48.808121 537.609558 7.783162
v 53.705124 542.023926 15.313599
v 47.996338 529.343872 12.049917
v 50.891006 526.369507 20.569546
v 48.470638 523.025024 22.624138
v 49.560745 527.152893 16.442566
v 49.822834 530.848816 12.440630
v 53.552338 538.025085 17.018072
v 59.308357 538.200317 21.331495
v 57.604553 541.484619 18.222061
v 61.675915 544.726990 18.715385
v 55.632492 534.789978 20.926411
v 63.095734 541.466675 22.042940
v 65.813126 547.539795 19.338591
v 67.869720 552.953064 16.202398
v 57.295982 532.137512 24.312340
v 67.089874 544.490662 22.694117
v 51.847847 526.048401 27.971846
v 53.190521 530.368469 20.489853
v 69.986137 545.421814 31.609234
v 70.267822 546.311035 27.603317
v 59.933048 553.833252 11.301136
v 54.322498 528.394348 24.527323
v 43.511059 517.714478 27.997705
v 43.799732 519.343689 23.062778
v 55.380272 529.114624 27.211260
v 67.163651 542.677490 26.592268
v 60.746994 535.256104 24.651060
v 62.552822 551.779053 13.950530
v 60.357964 548.304932 15.288589
v 57.022251 550.272461 12.277727
v 53.971870 546.682800 12.857603
v 56.317825 544.701843 15.531423
v 60.451653 560.221436 7.293628
v 49.102234 540.008728 9.537521
v 56.951046 556.003967 8.528234
v 51.710884 543.098267 13.057257
v 48.624977 543.361267 2.228450
v 46.500202 547.403503 1.969268
v 46.011604 550.032166 -2.628501
v 45.275536 553.527344 -1.257384
v 63.165234 557.304016 10.557882
v 47.013699 551.646057 2.903003
v 48.963795 549.850525 6.591923
v 47.951355 555.441284 3.818122
v 51.384209 548.323608 9.935648
v 49.677616 544.305786 9.826717
v 44.285450 539.056213 54.637615
v 42.425224 535.233887 56.664551
v 45.398666 540.079651 52.052071
v 42.301952 533.310791 52.851936
v 38.678783 522.417969 47.189396
v 35.468227 519.303955 53.798538
v 33.312809 514.998840 46.113213
v 38.780941 526.086792 56.403831
v 40.598011 529.719788 54.555958
v 36.125912 518.786926 47.791168
v 41.048256 526.038879 46.112137
v 43.331650 529.538269 45.021957
v 36.989182 518.504211 44.098412
v 39.187775 520.794861 42.853718
v 51.793510 532.498291 36.956882
v 11.764001 498.955750 41.348721
v 13.133006 499.785400 45.298256
v 5.151571 499.214844 39.639393
v 18.399967 504.074524 53.565681
v 13.858935 501.403656 49.512363
v 10.995273 499.931946 54.481205
v 62.753399 537.709351 30.300648
v 60.078190 535.894409 31.970175
v 59.730755 534.486389 28.389038
v 61.697124 539.694336 34.068352
v 58.200108 533.698975 31.207218
v 56.297768 534.377441 34.038311
v 57.407341 531.386292 27.484364
v 45.887302 520.309021 25.282089
v 47.456299 521.781677 28.387199
v 43.077503 522.106689 37.723610
v 44.591030 520.715271 33.612858
v 44.604267 527.596375 41.073975
v 42.024677 524.088806 41.953007
v 46.387241 525.727905 36.920807
v 44.827389 519.147766 30.438253
v 53.456547 557.806824 6.059116
v 50.819839 553.927734 6.860412
v 52.355129 562.398254 3.004614
v 56.168869 561.799805 4.644390
v 45.543385 532.911438 44.044540
v 48.395340 524.459106 31.959145
v 52.158951 537.394165 39.922287
v 50.066132 539.379211 42.894253
v 47.146896 531.004456 40.455383
v 49.612038 534.309082 40.062843
v 44.199905 542.239136 62.767204
v 42.624012 538.384277 64.435593
v 41.048790 534.518433 66.016586
v 38.239017 528.219360 68.497284
v 34.581337 521.096619 69.269066
v 32.478363 517.769531 69.853035
v 30.244717 514.440552 69.896011
v 13.723412 500.069611 64.932968
v 10.433352 498.454712 63.037697
v 7.634340 497.288849 60.603802
v 0.410881 496.175781 49.871948
v -3.233001 497.180603 42.019386
v -0.729967 496.482697 38.487106
v 32.975227 509.022095 26.133686
v 35.107048 511.028320 24.213285
v 42.301888 521.574219 15.338352
v 39.701153 518.104126 18.588840
v 46.414856 533.231934 5.815714
v 46.599846 542.156616 -0.963035
v 42.970718 556.114441 -6.032950
v 42.874836 559.114441 -2.899108
v 47.405464 565.991455 -1.038115
v 50.796581 568.286499 -1.226518
v 54.600620 569.828613 -1.353912
v 58.498714 571.044678 -0.787944
v 62.204361 571.996704 0.615776
v 65.632454 572.583862 2.762402
v 68.654755 572.624939 5.499514
v 77.215187 568.290222 13.878063
v 81.320282 560.176819 21.438469
v 76.031357 551.960388 29.984606
v 68.540520 552.532104 38.438686
v 58.515320 556.854553 45.533508
v 51.158302 554.509277 53.744698
v 49.279858 552.049011 56.467587
v 47.356686 549.223389 58.874660
v 45.810738 545.878784 60.971329
v 55.148960 554.484802 47.570671
v 27.829863 508.262299 28.710785
v 37.909416 526.792419 65.713356
v 39.421783 529.741455 63.974716
v 40.950825 533.176697 62.287418
v 32.359463 517.068665 66.420303
v 11.627120 499.514160 60.185459
v 14.553102 501.019897 61.308105
v 34.111572 513.420410 23.840277
v 31.513317 511.505737 26.026892
v 47.057144 537.610840 2.274215
v 55.406990 567.172424 0.712813
v 52.373669 565.947205 0.677863
v 45.641140 557.132385 0.238605
v 45.612022 544.069214 57.478119
v 47.096424 547.040894 55.770626
v 48.799061 549.484070 53.640797
v 59.607368 551.980469 42.637375
v 44.084965 540.585632 58.861687
v 42.484669 536.861206 60.557148
v 74.163170 550.133423 24.792437
v 8.824961 499.857849 36.883415
v 13.082971 501.496674 35.757671
v 16.952993 503.316528 34.797047
v 19.744843 505.019073 33.547852
v 74.382706 564.692810 13.386880
v 69.552322 568.135498 8.290143
v 75.641891 554.042175 21.735126
v 77.886414 556.850098 20.731401
v 79.206039 559.155945 20.066177
v 4.264897 497.929413 48.215069
v 8.019920 498.250183 55.659615
v 61.803761 568.816650 2.218828
v 64.652176 569.249207 3.915185
v 42.501667 526.286682 11.655122
v 21.501383 506.926361 34.110695
v 35.821754 522.257935 64.464783
v -1.309892 498.637299 39.443321
v 46.117447 538.181396 2.885439
v 73.508102 551.541260 22.070827
v 33.515858 515.811951 23.872381
v 60.127876 546.892700 39.930546
v 48.614311 546.982300 51.260635
v 45.759186 542.623291 54.244846
v 7.036545 498.001526 42.978428
v 73.821602 559.461426 15.725339
v 73.331581 554.614136 18.803692
v 22.203829 506.213623 58.800564
v 14.787474 501.616333 57.766502
v 63.951118 566.561768 4.848087
v 29.639530 513.399902 28.123566
v 44.875622 531.379761 8.360632
v 33.785706 518.601868 63.658955
v 53.430172 550.705322 46.991879
v 14.479209 501.818878 53.808201
v 36.525982 522.155823 21.165474
v 21.515100 503.721069 37.848400
v 63.897606 564.701721 5.919872
v 53.767216 547.812317 44.877464
v 55.299309 545.728333 42.282322
v 46.227257 542.130493 51.717606
v 47.142029 543.931946 51.467407
v 47.939957 545.688049 6.101041
v 49.532284 541.735107 5.703804
v 31.787678 513.230347 30.915035
v 40.038269 524.466187 18.838699
v 44.109100 536.585083 51.211571
v 66.647064 541.802856 30.871937
v 37.124287 521.566040 22.211977
v 45.863327 528.638245 11.711577
v 65.654518 554.974609 13.345224
v 31.794891 514.522034 51.529648
v 38.360786 523.916016 51.948776
v 40.455639 527.863831 50.356003
v 53.955608 552.179565 9.509960
v 48.959641 533.294800 9.431963
v 54.860283 540.472107 39.982361
v 56.977394 538.565613 37.176014
v 48.576027 540.947388 46.320663
v 43.565044 522.618225 18.542850
v 63.792061 538.960938 25.690851
v 42.535828 531.421997 48.935280
v 40.528797 520.050232 22.323887
v 64.212646 550.065247 16.088699
v 58.879120 537.013672 34.444019
v 54.387173 535.616577 37.111912
v 33.615677 511.728027 38.637669
v 50.981339 538.881897 13.179804
v 46.368080 522.793884 19.992182
v 47.901821 536.102051 43.415688
v 38.865967 513.177368 31.275986
v 35.811203 515.809875 41.736900
v 51.235744 532.412537 16.548466
v 41.689018 515.812012 30.411226
v 53.820816 531.538696 33.633339
v 39.931793 515.103638 32.796898
v 49.267044 529.264893 36.905334
v 49.869034 524.310486 25.583944
v 51.676155 526.349243 23.562016
v 42.788712 517.518066 31.656710
v 41.696457 517.761597 34.108093
v 39.446411 517.987549 38.361855
v 55.978645 531.056335 30.596399
v 53.830688 528.418335 29.783873
v 51.492573 528.248596 33.152267
vn 0.028108 -0.798765 0.600986
vn -0.026656 -0.730927 0.681935
vn -0.073956 -0.953942 0.290733
vn 0.090655 -0.934990 -0.342892
vn 0.140774 -0.901706 -0.408789
vn 0.169164 -0.929733 -0.327077
vn 0.386830 -0.921481 -0.035163
vn 0.776928 -0.575153 0.256089
vn 0.963052 -0.258512 0.075513
vn 0.921609 -0.355661 -0.155376
vn 0.911228 -0.391889 -0.126829
vn 0.880015 -0.472009 0.052741
vn 0.980859 -0.194700 -0.002746
vn 0.957988 0.160177 -0.237911
vn 0.821767 0.248092 -0.512981
vn 0.598073 0.413711 -0.686405
vn 0.473050 0.627462 -0.618478
vn 0.553586 0.650896 -0.519497
vn 0.157415 0.788996 -0.593890
vn -0.338350 0.578737 -0.742012
vn -0.331553 0.399674 -0.854596
vn -0.338686 0.462701 -0.819268
vn -0.879515 0.262805 -0.396720
vn -0.866611 0.009588 -0.498893
vn -0.847287 -0.093852 -0.522777
vn -0.921626 -0.133464 -0.364408
vn -0.968157 -0.206436 -0.141617
vn -0.967188 -0.248837 -0.051266
vn -0.913075 -0.382559 0.141219
vn -0.700267 -0.623597 0.347494
vn -0.499580 -0.773981 0.389067
vn -0.227003 -0.773645 0.591560
vn 0.239641 -0.708474 0.663804
vn 0.447780 -0.599387 0.663497
vn 0.700945 -0.518209 0.490037
vn 0.784568 -0.618667 0.041281
vn 0.797792 -0.509027 -0.323139
vn 0.869056 -0.219511 -0.443347
vn 0.811007 0.162661 -0.561969
vn 0.891031 0.324199 -0.317741
vn 0.708492 0.673259 -0.211568
vn -0.247235 0.769522 -0.588821
vn -0.599335 0.435806 -0.671469
vn -0.547332 0.195932 -0.813657
vn -0.736136 0.125708 -0.665057
vn -0.936891 -0.096959 -0.335907
vn -0.936143 -0.351447 -0.011013
vn -0.751058 -0.567601 0.337255
vn -0.061381 -0.680900 0.729800
vn 0.377101 -0.692815 0.614656
vn 0.735001 -0.669504 0.107413
vn 0.937372 -0.280478 -0.206557
vn 0.851606 0.313775 -0.419895
vn 0.108735 0.729115 -0.675698
vn -0.539715 0.574058 -0.615764
vn -0.818633 0.374161 -0.435711
vn -0.906857 0.250765 -0.338713
vn -0.959568 0.158625 -0.232524
vn -0.986815 -0.135782 -0.088086
vn -0.973225 -0.192567 -0.125503
vn -0.966033 -0.215926 -0.141972
vn -0.932565 0.098026 -0.347438
vn -0.554129 0.503915 -0.662579
vn 0.969859 -0.020308 -0.242819
vn -0.157521 -0.817969 0.553275
vn -0.953493 -0.239693 0.182754
vn -0.996572 0.050001 -0.065903
vn -0.753703 0.266446 -0.600782
vn -0.577719 0.298993 -0.759503
vn -0.683463 0.217299 -0.696893
vn -0.702891 0.293887 -0.647746
vn -0.327683 0.726256 -0.604299
vn 0.679533 0.732671 0.037798
vn 0.868473 0.187638 0.458854
vn 0.757273 -0.448952 0.474319
vn 0.885370 -0.349606 0.306424
vn 0.989184 -0.089037 0.116566
vn 0.999336 -0.022855 -0.028364
vn 0.956342 -0.259859 0.133728
vn 0.533202 -0.630241 0.564351
vn 0.149786 -0.738007 0.657959
vn -0.312910 -0.765474 0.562261
vn -0.680988 -0.637677 0.360032
vn -0.946091 -0.141035 0.291585
vn -0.939622 0.257805 0.225049
vn -0.913595 0.299376 0.275170
vn -0.938526 0.259732 0.227394
vn -0.976404 0.186744 0.108452
vn -0.711650 0.511241 -0.481859
vn 0.477062 0.631917 -0.610813
vn 0.773914 0.406181 -0.485875
vn 0.267611 0.432831 -0.860838
vn -0.284257 0.262513 -0.922109
vn -0.356152 0.222870 -0.907461
vn 0.181393 0.340455 -0.922598
vn 0.881819 -0.059428 -0.467828
vn 0.782991 -0.594075 0.184394
vn 0.577528 -0.730793 0.363872
vn 0.906518 -0.419755 0.045065
vn 0.812566 0.372139 -0.448608
vn 0.961927 0.118119 -0.246462
vn 0.905428 -0.418417 0.071605
vn 0.470921 -0.779300 0.413431
vn 0.148198 -0.869354 0.471446
vn 0.096844 -0.865969 0.490632
vn -0.778196 0.423482 -0.463761
vn 0.511841 0.476895 -0.714556
vn -0.139240 0.751407 -0.644981
vn 0.268575 -0.808493 0.523647
vn 0.707070 -0.617151 0.345220
vn 0.190923 -0.845369 0.498898
vn -0.812508 -0.527861 -0.247373
vn 0.959738 -0.172259 -0.221876
vn 0.936378 -0.186683 -0.297229
vn -0.694018 0.297596 -0.655572
vn -0.345630 0.230857 -0.909530
vn -0.887679 -0.084345 -0.452672
vn -0.971122 -0.196482 -0.135337
vn -0.893378 0.330187 -0.304717
vn -0.435293 0.667623 -0.603987
vn 0.385505 0.219810 -0.896142
vn -0.493109 0.313590 -0.811483
vn 0.250265 0.496017 -0.831465
vn -0.985465 -0.069390 -0.155064
vn -0.968987 0.083986 0.232404
vn -0.931397 0.322247 -0.169283
vn 0.979523 -0.187836 0.072470
vn 0.952802 -0.243069 -0.181894
vn 0.899334 -0.350381 -0.261592
vn 0.924772 0.297365 -0.237423
vn 0.760905 -0.614976 0.206952
vn 0.914562 -0.404009 0.018806
vn 0.967893 0.009378 -0.251186
vn 0.964959 -0.250706 0.077464
vn -0.822919 0.234862 -0.517344
vn -0.967290 -0.224035 0.118991
vn 0.888744 -0.394076 -0.234176
vn 0.816698 -0.502023 0.284564
vn 0.840565 -0.182311 0.510111
vn 0.901857 0.107724 -0.418388
vn 0.891788 -0.082007 -0.444959
vn 0.991328 0.063889 -0.114835
vn 0.945000 -0.264368 -0.192575
vn -0.508660 0.580929 -0.635442
vn -0.624584 0.355198 -0.695507
vn -0.657014 0.462371 -0.595437
vn -0.685185 0.349343 -0.639125
vn -0.394167 0.717733 -0.574014
vn -0.633987 -0.477697 0.608166
vn 0.799670 0.137828 -0.584407
vn 0.934376 -0.344524 -0.090797
vn -0.893422 0.197659 -0.403396
vn -0.547033 0.493479 -0.676190
vn 0.658910 0.156480 -0.735766
vn 0.629378 0.191147 -0.753223
vn 0.978359 -0.156076 -0.135848
vn -0.177876 0.289752 -0.940427
vn -0.450731 0.358139 -0.817666
vn -0.135324 0.580379 -0.803024
vn 0.603851 0.552836 -0.574227
vn 0.684278 0.426741 -0.591317
vn -0.970638 -0.217685 -0.102346
vn -0.957438 -0.214776 -0.192830
vn -0.924190 -0.167201 -0.343392
vn -0.962825 0.034225 -0.267950
vn -0.967215 0.063752 -0.245825
vn -0.965764 -0.129759 -0.224641
vn -0.922340 -0.039307 -0.384374
vn -0.953126 -0.299706 0.041558
vn -0.991645 0.061772 -0.113245
vn -0.580152 -0.530014 0.618473
vn -0.548009 -0.643529 0.534375
vn -0.841488 -0.341186 0.418916
vn -0.004310 -0.744492 0.667617
vn -0.944446 -0.090747 0.315889
vn -0.952031 0.166338 0.256842
vn -0.957447 0.242836 0.155964
vn -0.957130 0.196842 0.212496
vn -0.940419 0.299753 0.160499
vn 0.629283 0.559403 -0.539511
vn 0.696144 0.386358 -0.605071
vn -0.981217 0.171051 0.089190
vn 0.987649 -0.016097 -0.155857
vn 0.933087 -0.359635 0.003546
vn -0.599440 -0.581135 0.550413
vn -0.920545 -0.043626 -0.388193
vn -0.072649 -0.668682 0.739991
vn -0.657627 0.196391 -0.727294
vn -0.625396 0.286592 -0.725772
vn -0.998893 -0.046386 0.007805
vn 0.430589 -0.704536 0.564111
vn 0.996007 -0.040782 -0.079420
vn 0.790296 -0.495439 -0.360518
vn 0.644122 -0.533199 0.548458
vn 0.657484 -0.677097 0.330537
vn 0.543079 -0.693719 0.473096
vn 0.791193 -0.489735 0.366297
vn 0.525547 -0.663992 0.531897
vn -0.868923 -0.216790 -0.444944
vn -0.928853 -0.307154 -0.207097
vn 0.392228 -0.584897 0.709967
vn 0.964127 -0.220348 -0.148009
vn 0.707240 -0.574208 0.412427
vn 0.830254 -0.462540 0.311022
vn -0.155308 -0.738541 0.656077
vn -0.848213 -0.368028 0.380908
vn -0.239182 0.321503 -0.916203
vn 0.782515 0.443968 -0.436534
vn 0.952058 0.174529 -0.251245
vn -0.968558 0.084785 -0.233897
vn -0.184666 -0.741444 0.645104
vn -0.279702 -0.673800 0.683930
vn -0.969683 0.162516 0.182490
vn -0.927517 0.286620 0.239920
vn -0.641334 0.661679 -0.388421
vn -0.952010 0.304435 -0.031553
vn 0.515350 0.525272 -0.677129
vn -0.974624 0.111117 0.194323
vn 0.683779 -0.648228 0.335032
vn 0.979504 -0.169343 -0.109064
vn 0.973163 -0.141988 -0.181088
vn -0.594630 -0.699484 0.396405
vn -0.825571 -0.563534 0.029352
vn -0.135542 -0.734564 0.664864
vn -0.054675 -0.655289 0.753397
vn 0.671800 -0.548124 0.498243
vn -0.362341 -0.648653 0.669297
vn 0.962444 -0.185190 -0.198508
vn 0.982254 -0.152271 -0.109499
vn 0.241759 -0.751462 0.613887
vn 0.877535 -0.401004 -0.262923
vn 0.893078 -0.343697 -0.290317
vn 0.910051 -0.230008 -0.344823
vn 0.103202 -0.703959 0.702703
vn 0.788075 -0.550423 0.275630
vn 0.810544 0.166521 -0.561507
vn -0.373509 0.302313 -0.876982
vn -0.154338 0.504532 -0.849486
vn -0.335795 0.392689 -0.856176
vn 0.051688 0.510609 -0.858258
vn -0.257340 0.191330 -0.947190
vn 0.590859 0.474153 -0.652736
vn -0.874000 -0.037517 -0.484474
vn -0.994854 0.019740 0.099373
vn -0.985338 0.068617 0.156207
vn 0.568106 0.339235 -0.749783
vn 0.220494 -0.756534 0.615661
vn 0.357515 -0.757334 0.546470
vn 0.153267 0.327654 -0.932283
vn 0.392664 0.417091 -0.819665
vn -0.202171 0.366212 -0.908304
vn -0.548431 0.245046 -0.799485
vn -0.035143 0.714702 -0.698546
vn -0.992033 0.030593 -0.122204
vn 0.062739 -0.807784 0.586131
vn 0.078009 -0.996831 -0.015600
vn -0.001142 -0.845172 0.534494
vn -0.986678 0.079718 -0.141818
vn 0.353633 -0.882117 0.311149
vn 0.958911 -0.280900 0.039812
vn 0.896953 -0.398940 -0.190584
vn 0.474748 0.637875 -0.606407
vn -0.301182 0.363756 -0.881460
vn -0.724126 0.492042 -0.483256
vn -0.871034 -0.077369 -0.485091
vn -0.979065 -0.203341 -0.009175
vn -0.859082 -0.482751 0.170086
vn 0.349822 -0.705614 0.616225
vn 0.865646 -0.487696 -0.113183
vn 0.856407 -0.457111 0.240036
vn 0.855753 -0.372462 -0.359109
vn 0.911912 0.393330 0.117080
vn -0.680197 0.309650 -0.664417
vn -0.973679 -0.210672 0.086988
vn 0.880387 -0.038439 -0.472696
vn 0.409714 0.529522 -0.742792
vn -0.879091 0.310713 -0.361464
vn -0.779283 0.333589 -0.530505
vn 0.982592 -0.127855 -0.134781
vn -0.822406 -0.456767 0.339134
vn -0.951262 0.032290 -0.306687
vn -0.627916 0.278748 -0.726651
vn -0.582733 0.513307 -0.630031
vn 0.261752 0.882470 -0.390810
vn 0.984975 -0.163590 0.055349
vn 0.997040 -0.058499 -0.049896
vn 0.276389 -0.701399 0.657000
vn -0.549533 -0.680116 0.485238
vn -0.962018 0.119037 0.245665
vn -0.938417 0.288932 0.189449
vn -0.396957 0.681803 -0.614468
vn 0.407196 0.407621 -0.817335
vn 0.523474 0.249031 -0.814837
vn 0.855938 -0.001966 -0.517075
vn 0.939458 0.027837 -0.341531
vn 0.629182 -0.685561 0.366246
vn 0.890618 -0.377675 0.253301
vn 0.846702 -0.531746 0.018509
vn -0.739103 -0.560501 0.373586
vn -0.956185 0.007534 -0.292666
vn 0.741328 -0.550504 0.383899
vn 0.962501 -0.134333 -0.235683
vn 0.854105 0.274937 -0.441491
vn 0.623596 0.555543 -0.550000
vn 0.628799 0.513552 -0.583845
vn -0.013791 0.476160 -0.879251
vn 0.949477 -0.311582 0.037543
vn 0.930442 -0.298999 -0.211845
vn -0.768875 0.348804 -0.535879
vn -0.728614 0.361321 -0.581866
vn -0.938711 0.131757 -0.318532
vn -0.949008 -0.314584 -0.020534
vn 0.921213 -0.324861 -0.214082
vn 0.613616 0.027919 -0.789110
vn -0.531096 0.163102 -0.831465
vn 0.995609 -0.093451 0.005383
vn -0.598671 -0.539159 0.592368
vn -0.914237 -0.108631 0.390346
vn 0.845362 0.050676 -0.531784
vn 0.854308 -0.468457 0.225179
vn 0.817785 -0.569793 0.081016
vn -0.973566 -0.210615 -0.088374
vn -0.946812 -0.053906 -0.317239
vn -0.919140 -0.153274 -0.362889
vn -0.761130 0.209289 -0.613905
vn 0.357731 -0.718152 0.596897
vn -0.373732 0.396818 -0.838368
vn 0.887167 -0.458098 0.055507
vn -0.926469 -0.325760 -0.188508
vn -0.177146 -0.682771 0.708832
vn -0.997517 0.056319 -0.042282
vn -0.447849 0.237938 -0.861868
vn 0.077173 0.200888 -0.976570
vn -0.365848 0.175624 -0.913954
vn -0.153235 0.171437 -0.973205
vn -0.707713 0.466643 -0.530459
vn 0.535861 -0.696134 0.477756
vn 0.575141 0.221952 -0.787369
vn 0.974582 -0.145826 -0.170072
vn 0.913075 -0.328077 -0.242198
vn 0.930646 -0.365921 -0.000397
vn -0.975057 0.213296 0.061388
vn 0.150226 -0.753975 0.639495
vn 0.390441 -0.730845 0.559840
vn -0.431761 0.328006 -0.840235
vn 0.353516 0.579347 -0.734427
vn 0.386617 0.558472 -0.733919
vn -0.411699 0.273296 -0.869375
vn -0.989227 0.140187 -0.042161
vn -0.997274 -0.038566 -0.062913
vn -0.994909 0.010190 0.100266
vn 0.447515 0.332549 -0.830146
vn -0.510789 0.196896 -0.836855
vn -0.417674 0.191046 -0.888285
vn 0.502108 0.326660 -0.800738
vn 0.530522 0.245480 -0.811349
vn 0.062884 0.378012 -0.923663
vn -0.290514 0.753352 -0.589967
vn -0.080361 0.798358 -0.596797
vn 0.019658 0.830844 -0.556158
vn 0.111875 0.807341 -0.579382
vn 0.237983 0.765256 -0.598119
vn 0.293761 0.743447 -0.600826
vn 0.336695 0.775670 -0.533828
vn 0.315918 0.862304 -0.395763
vn 0.302959 0.935010 -0.184313
vn 0.184773 0.958253 -0.218198
vn -0.028757 0.943777 -0.329329
vn -0.220177 0.893028 -0.392456
vn -0.423878 0.815759 -0.393529
vn -0.580681 0.717998 -0.383781
vn -0.729574 0.651614 -0.207658
vn -0.806544 0.584154 -0.090838
vn -0.844051 0.535753 -0.023365
vn -0.863627 0.503368 0.027737
vn -0.880256 0.471894 0.049652
vn -0.888035 0.456726 0.052869
vn -0.934576 0.355723 0.005272
vn -0.949245 0.290463 -0.120686
vn -0.949769 0.258851 -0.175886
vn -0.939012 0.239537 -0.246736
vn -0.889775 0.340130 -0.304322
vn -0.879128 0.381843 -0.285183
vn -0.874775 0.392935 -0.283497
vn -0.848080 0.446231 -0.285723
vn -0.810029 0.505181 -0.297734
vn -0.741941 0.569503 -0.353822
vn -0.626531 0.651222 -0.428215
vn -0.494189 0.691001 -0.527537
vn -0.095853 0.843652 -0.528265
vn -0.874868 0.431760 -0.219520
vn 0.018070 0.833099 -0.552828
vn 0.239400 0.834297 -0.496625
vn -0.249387 0.878239 -0.408047
vn -0.596573 0.678697 -0.428336
vn -0.849098 0.506865 -0.148732
vn 0.144870 0.797277 -0.585971
vn 0.309006 0.843269 -0.439787
vn 0.231173 0.781347 -0.579703
vn -0.155659 0.918310 -0.363974
vn -0.897224 0.346717 -0.273451
vn -0.865686 0.406817 -0.291696
vn -0.726214 0.579013 -0.370618
vn -0.442550 0.755050 -0.483787
vn -0.868513 0.495222 -0.020970
vn -0.940663 0.284839 -0.184443
vn -0.932135 0.360276 -0.036414
vn -0.001350 0.821596 -0.570068
vn -0.325322 0.777515 -0.538178
vn 0.180310 0.957457 -0.225309
vn 0.069328 0.940782 -0.331847
vn -0.045213 0.876191 -0.479838
vn -0.652714 0.702262 -0.284240
vn -0.624976 0.644201 -0.440920
vn -0.086412 0.833490 -0.545735
vn -0.609860 0.678456 -0.409595
vn -0.849245 0.433816 -0.300976
vn -0.708121 0.629737 -0.319366
vn -0.833570 0.448996 -0.321813
vn -0.758140 0.525029 -0.386740
vn -0.814908 0.478703 -0.326754
vn -0.691074 0.599551 -0.403676
vn -0.675270 0.606977 -0.419034
vn -0.736577 0.584859 -0.339698
vn -0.819456 0.486912 -0.302339
vn -0.868178 0.422355 -0.260542
vn -0.906705 0.364629 -0.211973
vn -0.887796 0.441562 -0.129774
vn -0.914504 0.385445 -0.122940
vn -0.817154 0.511865 -0.265053
vn -0.769385 0.596396 -0.228819
vn -0.768462 0.566504 -0.297555
vn -0.848522 0.457689 -0.265576
vn -0.396241 0.789778 -0.468234
vn -0.900136 0.356792 -0.249911
vn -0.809326 0.558850 -0.180768
vn -0.570616 0.736319 -0.363638
vn -0.404633 0.824152 -0.396289
vn -0.551964 0.704310 -0.446411
vn -0.257172 0.815645 -0.518253
vn -0.199952 0.848383 -0.490169
vn -0.339724 0.790236 -0.510014
vn -0.125009 0.805511 -0.579246
vn -0.502479 0.717422 -0.482514
vn -0.806597 0.507961 -0.302285
vn -0.876561 0.384571 -0.289387
vn -0.939272 0.265127 -0.217891
vn -0.951927 0.244127 -0.185030
vn -0.944250 0.300557 -0.134381
vn -0.065105 0.832524 -0.550151
vn 0.316871 0.789151 -0.526150
vn 0.288411 0.904886 -0.313050
vn -0.028485 0.933844 -0.356545
vn -0.343581 0.849110 -0.401204
vn -0.794510 0.596264 -0.114990
vn -0.760462 0.630978 -0.153505
vn -0.895668 0.444719 0.002116
vn -0.843996 0.533379 -0.056367
vn -0.937527 0.328926 -0.113359
vn -0.872070 0.400290 -0.281535
vn -0.856578 0.414909 -0.306797
vn -0.793502 0.508209 -0.334781
vn -0.518618 0.766414 -0.379005
vn 0.074355 0.842735 -0.533168
vn 0.117379 0.880001 -0.460239
vn -0.175217 0.823851 -0.539045
vn -0.195627 0.811063 -0.551278
vn -0.084838 0.904831 -0.417234
vn -0.855734 0.426940 -0.292305
vn -0.660131 0.676636 -0.326177
vn -0.341619 0.760212 -0.552607
vn -0.433057 0.788455 -0.436807
vn -0.821982 0.514557 -0.244083
vn -0.271059 0.844667 -0.461589
vn -0.837140 0.492350 -0.238303
vn -0.635861 0.668579 -0.385595
vn -0.828908 0.487778 -0.273832
vn -0.757994 0.564481 -0.326814
vn -0.556443 0.720791 -0.413317
vn -0.433731 -0.686364 0.583766
vn -0.167134 -0.772921 0.612094
vn -0.011534 -0.825832 0.563799
vn 0.085486 -0.829503 0.551921
vn 0.158698 -0.828032 0.537752
vn 0.128348 -0.847946 0.514309
vn 0.089566 -0.885032 0.456832
vn 0.095740 -0.947623 0.304705
vn 0.139100 -0.988253 -0.063307
vn 0.057306 -0.993909 -0.094137
vn -0.119016 -0.992883 0.004374
vn -0.279571 -0.959866 0.022287
vn -0.512405 -0.858714 -0.007252
vn -0.717662 -0.696106 -0.019924
vn -0.824645 -0.525348 -0.209692
vn -0.867440 -0.389680 -0.309349
vn -0.867129 -0.307001 -0.392221
vn -0.809308 -0.214200 -0.546937
vn -0.745244 -0.061773 -0.663924
vn -0.720555 -0.033125 -0.692606
vn -0.738828 0.218861 -0.637364
vn -0.834067 0.401515 -0.378310
vn -0.892862 0.391856 -0.221917
vn -0.916390 0.400276 -0.002851
vn -0.963292 0.261388 0.061200
vn -0.990779 0.134267 0.018171
vn -0.997803 0.054465 0.037730
vn -0.997135 -0.066678 0.035721
vn -0.982120 -0.178441 0.059994
vn -0.933569 -0.310068 0.179739
vn -0.822422 -0.470902 0.319176
vn -0.673359 -0.565436 0.476309
vn -0.206537 -0.812998 0.544404
vn -0.980394 0.106918 -0.165516
vn -0.028584 -0.832783 0.552861
vn 0.057698 -0.894035 0.444266
vn -0.321919 -0.931030 0.171907
vn -0.759551 -0.544455 0.355881
vn -0.966426 -0.172479 -0.190451
vn 0.063190 -0.825204 0.561289
vn 0.118600 -0.931612 0.343560
vn 0.097288 -0.839805 0.534099
vn -0.244650 -0.969604 -0.003730
vn -0.965191 0.256275 0.052242
vn -0.999099 0.018755 0.038065
vn -0.915769 -0.335429 0.221028
vn -0.627719 -0.651700 0.425741
vn -0.870441 -0.229734 -0.435378
vn -0.955079 0.210217 -0.208886
vn -0.798479 0.220864 -0.560045
vn -0.098210 -0.801335 0.590100
vn -0.416890 -0.723414 0.550341
vn 0.053643 -0.994659 -0.088180
vn -0.085669 -0.994148 0.065809
vn -0.190324 -0.881651 0.431821
vn -0.758608 -0.640722 -0.118272
vn -0.817558 -0.465171 0.339434
vn -0.162683 -0.802001 0.574743
vn -0.719928 -0.590895 0.364070
vn -0.996435 -0.049527 0.068291
vn -0.901226 -0.373897 0.219074
vn -0.989304 -0.102997 0.103293
vn -0.928299 -0.280634 0.243939
vn -0.960566 -0.241573 0.137682
vn -0.872522 -0.405519 0.272506
vn -0.840396 -0.462456 0.282612
vn -0.866244 -0.440978 0.234861
vn -0.968083 -0.205612 0.143317
vn -0.972835 0.212574 -0.091674
vn -0.974907 0.132002 -0.179253
vn -0.953503 -0.105750 -0.282223
vn -0.949787 -0.015563 -0.312509
vn -0.969091 -0.196952 0.148567
vn -0.915281 -0.402592 -0.013453
vn -0.927588 -0.316369 0.198726
vn -0.942750 -0.281590 0.178691
vn -0.795614 -0.503870 0.336324
vn -0.498362 -0.720466 0.482250
vn -0.965996 0.248356 -0.071902
vn -0.865141 -0.423148 -0.269216
vn -0.665993 -0.656495 0.354213
vn -0.512405 -0.765263 0.389632
vn -0.603778 -0.648825 0.463118
vn -0.341878 -0.757838 0.555698
vn -0.318113 -0.831085 0.456183
vn -0.489323 -0.723541 0.486880
vn -0.227731 -0.780123 0.582706
vn -0.681142 -0.596950 0.423907
vn -0.978831 -0.187992 0.080927
vn -0.991707 0.123197 0.036605
vn -0.944738 0.326612 -0.028177
vn -0.921805 0.361187 -0.140780
vn -0.889870 0.301444 -0.342437
vn -0.132177 -0.822128 0.553746
vn 0.103380 -0.878466 0.466487
vn 0.114964 -0.985205 0.127102
vn -0.132835 -0.991031 0.014599
vn -0.396365 -0.917364 0.036595
vn -0.831831 -0.500540 -0.239827
vn -0.885661 -0.304731 -0.350348
vn -0.817536 -0.036436 -0.574723
vn -0.899997 0.179139 -0.397386
vn -0.973766 0.227319 -0.010338
vn -0.997995 0.028894 0.056318
vn -0.966335 -0.211997 0.145784
vn -0.656054 -0.754711 0.002053
vn -0.064189 -0.855692 0.513490
vn -0.050142 -0.931168 0.361125
vn -0.270177 -0.797975 0.538739
vn -0.302920 -0.784881 0.540556
vn -0.953085 -0.296840 -0.059283
vn -0.238460 -0.936698 0.256388
vn -0.997349 0.072758 0.000863
vn -0.819262 -0.563830 0.104431
vn -0.414694 -0.723161 0.552329
vn -0.528870 -0.799457 0.284895
vn -0.999349 -0.032855 0.014904
vn -0.353627 -0.793925 0.494602
vn -0.758989 -0.572214 0.310655
vn -0.992923 0.104338 -0.056730
vn -0.995450 -0.087110 0.038615
vn 0.960605 0.273915 -0.046988
vn 0.965094 0.010348 0.261700
vn 0.943899 -0.185745 0.273046
vn 0.922863 -0.277845 0.266696
vn 0.948685 -0.268625 0.166845
vn 0.943571 -0.287546 0.164291
vn 0.941659 -0.302845 0.146846
vn 0.912118 -0.409544 0.017734
vn 0.641580 -0.702024 -0.309090
vn 0.700959 -0.600260 -0.385155
vn 0.843795 -0.392146 -0.366375
vn 0.960484 -0.140745 -0.240128
vn 0.944943 0.131937 -0.299457
vn 0.820822 0.348716 -0.452380
vn 0.621002 0.388180 -0.680936
vn 0.454956 0.463796 -0.760203
vn 0.272974 0.512036 -0.814435
vn 0.017025 0.491836 -0.870521
vn -0.280632 0.433517 -0.856334
vn -0.336205 0.227688 -0.913851
vn -0.232338 0.140776 -0.962394
vn -0.494427 0.230734 -0.838035
vn -0.549959 0.342786 -0.761605
vn -0.509748 0.395947 -0.763795
vn -0.465599 0.416893 -0.780652
vn -0.434052 0.424845 -0.794422
vn -0.418517 0.456025 -0.785420
vn -0.412304 0.457143 -0.788052
vn -0.350002 0.451263 -0.820890
vn -0.030431 0.572544 -0.819309
vn 0.430440 0.592678 -0.680775
vn 0.814471 0.474513 -0.333878
vn -0.008936 0.487415 -0.873125
vn 0.006141 0.576623 -0.816987
vn 0.969473 0.119655 -0.214019
vn -0.075053 0.511423 -0.856045
vn 0.250400 0.493939 -0.832661
vn -0.295801 0.477146 -0.827547
vn 0.969995 -0.036194 -0.240417
vn 0.913564 -0.400316 0.071749
vn 0.930085 -0.258945 0.260558
vn 0.889535 0.306780 -0.338545
vn -0.379421 0.432343 -0.817997
vn -0.419823 0.184170 -0.888724
vn 0.008402 0.597113 -0.802113
vn 0.862744 0.414838 -0.289108
vn -0.302748 0.495388 -0.814208
vn -0.371211 0.499832 -0.782541
vn 0.933089 -0.295326 -0.205251
vn 0.778460 0.385282 -0.495538
vn 0.923459 -0.361127 0.129654
vn 0.920082 -0.263590 0.289775
vn 0.956362 -0.215406 0.197415
vn 0.943447 -0.270820 0.191218
vn -0.393653 0.435722 -0.809434
vn 0.023224 0.500674 -0.865324
vn 0.637316 0.542244 -0.547540
vn -0.078401 0.519513 -0.850858
vn 0.726909 -0.603952 -0.326871
vn 0.996989 0.055800 -0.053845
vn 0.928541 -0.348732 0.127272
vn 0.007380 0.547268 -0.836925
vn 0.979633 0.191622 -0.059996
vn 0.995235 -0.004803 -0.097390
vn 0.842849 0.407441 -0.351563
vn 0.352893 0.569029 -0.742746
vn 0.511148 0.546008 -0.663779
vn 0.877566 0.265521 -0.399219
vn 0.711789 0.464909 -0.526513
vn -0.108344 0.377391 -0.919694
vn 0.953314 -0.297081 -0.054172
vn 0.954680 -0.296071 0.030449
vn 0.990098 -0.104045 -0.094240
vn 0.962670 -0.220184 0.157432
vn 0.989763 -0.115797 0.083424
vn 0.203450 0.608470 -0.767054
vn 0.954207 0.148593 -0.259633
vn 0.823750 0.385301 -0.415907
vn 0.906063 0.288116 -0.309901
vn 0.307247 0.517563 -0.798578
vn 0.938408 -0.286812 0.192690
vn -0.155335 0.565093 -0.810272
vn 0.845689 -0.533675 -0.001458
vn 0.450717 0.541566 -0.709620
vn 0.986026 -0.088873 0.140906
vn 0.945738 -0.288685 0.149133
vn 0.883025 -0.465820 0.057262
vn 0.760520 -0.624597 -0.177446
vn 0.891949 -0.376893 -0.249756
vn 0.911329 0.202091 -0.358661
vn 0.664281 0.414489 -0.622037
vn -0.354675 0.296550 -0.886715
vn -0.453778 0.319970 -0.831688
vn -0.327610 0.447231 -0.832260
vn -0.394068 0.454831 -0.798648
vn 0.280622 0.622165 -0.730863
vn 0.709749 0.527733 -0.466641
vn 0.493036 0.462012 -0.737198
vn 0.934963 0.149555 -0.321680
vn 0.843468 0.314239 -0.435679
vn 0.616507 0.483199 -0.621641
vn 0.357861 0.473664 -0.804722
vn 0.614730 0.547872 -0.567401
vn 0.875363 -0.464480 -0.134157
vn -0.023460 0.544992 -0.838113
vn 0.888099 0.269273 -0.372520
vn 0.709330 0.466181 -0.528702
vn 0.339604 0.568726 -0.749147
vn 0.939377 -0.327384 0.101935
vn 0.928899 -0.316887 0.191648
vn 0.998534 -0.048751 -0.023527
vn 0.997255 0.031164 -0.067165
vn 0.263377 0.591552 -0.762035
vn 0.176816 0.586494 -0.790419
vn 0.502825 0.589302 -0.632368
vn 0.809629 0.423438 -0.406448
vn 0.995470 -0.021553 -0.092601
vn 0.983206 -0.170201 0.065860
vn 0.989253 -0.133419 -0.059813
vn 0.346072 0.590766 -0.728855
vn 0.386138 0.606023 -0.695438
vn 0.615882 0.542638 -0.571169
vn 0.651741 0.468334 -0.596572
vn 0.710168 0.448167 -0.542962
vn -0.899828 0.250182 -0.357378
vn -0.890696 0.332059 -0.310480
vn -0.842214 0.440667 -0.310626
vn -0.830940 0.435154 -0.346671
vn -0.905869 0.240893 -0.348385
vn -0.967541 0.073545 -0.241777
vn -0.957060 0.245450 -0.154243
vn -0.943261 0.329336 -0.042384
vn -0.853956 0.438578 0.280016
vn -0.556996 0.570040 0.603995
vn -0.368455 0.634199 0.679730
vn -0.406607 0.668434 0.622790
vn -0.422186 0.706205 0.568361
vn -0.400989 0.771011 0.494723
vn -0.402731 0.851444 0.335935
vn -0.371208 0.911465 0.177304
vn -0.294977 0.953934 0.054766
vn -0.207694 0.974409 -0.085969
vn -0.058089 0.969387 -0.238566
vn 0.236747 0.951930 -0.194369
vn 0.429372 0.892043 -0.141065
vn 0.436796 0.839874 -0.322213
vn 0.458949 0.771465 -0.440690
vn 0.420519 0.747666 -0.513964
vn 0.342818 0.770424 -0.537515
vn 0.213545 0.808543 -0.548321
vn 0.071437 0.812961 -0.577919
vn -0.056210 0.841527 -0.537282
vn -0.134640 0.839127 -0.527008
vn -0.167152 0.831622 -0.529590
vn -0.182898 0.823530 -0.536980
vn -0.181436 0.818675 -0.544841
vn -0.241268 0.792640 -0.559922
vn -0.396410 0.716372 -0.574169
vn -0.580072 0.591983 -0.559529
vn -0.793466 0.324197 -0.515080
vn -0.607048 0.671200 0.425422
vn -0.191357 0.868490 -0.457284
vn -0.731857 0.678246 -0.066088
vn -0.867583 0.413186 -0.276724
vn -0.827086 0.426111 -0.366550
vn -0.532469 0.661184 -0.528501
vn -0.567272 0.617102 0.545332
vn -0.894429 0.430102 -0.122513
vn -0.062984 0.857837 -0.510048
vn 0.088866 0.854661 -0.511525
vn 0.384003 0.799014 -0.462729
vn -0.457166 0.808628 -0.370297
vn -0.035819 0.949889 -0.310529
vn -0.870075 0.357335 -0.339530
vn -0.900685 0.315623 -0.298579
vn -0.841784 0.311180 -0.441096
vn -0.154361 0.845457 -0.511249
vn -0.213289 0.807120 -0.550513
vn -0.935079 0.242456 -0.258540
vn -0.378694 0.919817 0.102598
vn 0.198599 0.964254 -0.175421
vn 0.163210 0.863994 -0.476316
vn -0.580368 0.700445 0.415391
vn -0.384093 0.733785 -0.560386
vn -0.217113 0.857482 -0.466463
vn -0.615198 0.630370 -0.473461
vn -0.613032 0.704812 -0.356975
vn -0.533238 0.821496 0.201995
vn -0.481181 0.855159 -0.192790
vn -0.583781 0.781800 -0.219062
vn -0.521055 0.757063 -0.394154
vn -0.146922 0.851928 -0.502625
vn -0.862777 0.399649 -0.309670
vn -0.887379 0.323611 -0.328382
vn -0.814677 0.576596 0.061948
vn -0.284719 0.833926 -0.472760
vn -0.203288 0.848722 -0.488206
vn -0.363614 0.795245 -0.485149
vn -0.837040 0.415237 -0.356289
vn -0.693849 0.537834 -0.478861
vn -0.737732 0.581078 -0.343657
vn -0.640624 0.628020 -0.441805
vn -0.386251 0.799649 -0.459751
vn -0.865275 0.378894 -0.328235
vn -0.828323 0.539035 -0.152713
vn -0.234003 0.863138 -0.447477
vn -0.358671 0.804997 -0.472584
vn -0.749886 0.538654 -0.384088
vn -0.515755 0.734277 -0.441401
vn -0.522324 0.725169 -0.448674
vn -0.542313 0.678247 -0.495860
vn -0.298729 0.835634 -0.460951
vn -0.559669 0.655040 -0.507635
vn -0.804694 0.459900 0.375445
vn -0.934317 0.354492 0.037251
vn -0.949907 0.298074 -0.093962
vn -0.891037 0.316888 -0.325017
vn -0.873063 0.388014 -0.295307
vn -0.840442 0.435980 -0.321837
vn -0.483651 0.795439 0.365183
vn -0.479515 0.870144 0.113647
vn -0.228628 0.954601 -0.190959
vn 0.327541 0.893292 -0.307809
vn 0.290589 0.803946 -0.518872
vn 0.199658 0.833076 -0.515869
vn -0.121691 0.861405 -0.493125
vn -0.363488 0.736213 -0.570848
vn -0.612376 0.572438 -0.545262
vn -0.873170 0.472305 0.120424
vn -0.349262 0.933965 -0.075668
vn -0.197729 0.828109 -0.524537
vn -0.258785 0.791891 -0.553118
vn -0.331340 0.873886 -0.355721
vn -0.896922 0.330703 -0.293543
vn -0.665821 0.743850 -0.058057
vn -0.774422 0.451869 -0.442815
vn -0.713503 0.694208 0.094805
vn -0.185758 0.849761 -0.493357
vn -0.116916 0.872603 -0.474230
vn 0.003603 0.879686 -0.475541
vn -0.271059 0.823580 -0.498239
vn -0.294081 0.806725 -0.512553
vn -0.404966 0.765711 -0.499689
vn -0.693356 0.674923 -0.252459
vn -0.752110 0.624537 -0.210437
vn -0.838102 0.441674 -0.320171
vn -0.833963 0.378972 -0.401106
vn -0.441444 0.760422 -0.476324
vn -0.191700 0.846989 -0.495843
vn 0.017807 0.865456 -0.500669
vn -0.291228 0.834393 -0.467948
vn -0.434948 0.764339 -0.476032
vn -0.686735 0.623121 -0.374320
vn -0.810564 0.503893 -0.298458
vn -0.790404 0.586479 -0.176927
vn -0.633752 0.588543 -0.501972
vn -0.589490 0.690445 -0.419270
vn -0.433129 0.769216 -0.469794
vn -0.268369 0.833305 -0.483302
vn -0.447451 0.742697 -0.498186
vn -0.731870 0.493782 -0.469623
vn -0.367431 -0.592860 0.716597
vn -0.237643 -0.716290 0.656091
vn -0.158852 -0.795403 0.584893
vn -0.131971 -0.819842 0.557174
vn -0.011485 -0.810380 0.585792
vn 0.182338 -0.778774 0.600220
vn 0.206272 -0.785176 0.583910
vn 0.196316 -0.821028 0.536071
vn 0.190608 -0.934416 0.300893
vn 0.071640 -0.989397 -0.126341
vn 0.011118 -0.949598 -0.313273
vn -0.078963 -0.949942 -0.302282
vn -0.180033 -0.920683 -0.346309
vn -0.273985 -0.874749 -0.399683
vn -0.380740 -0.798359 -0.466540
vn -0.402692 -0.733992 -0.546896
vn -0.466834 -0.650142 -0.599485
vn -0.558085 -0.559518 -0.612765
vn -0.554888 -0.518377 -0.650680
vn -0.491705 -0.434010 -0.754892
vn -0.483035 -0.222652 -0.846820
vn -0.648840 -0.125170 -0.750559
vn -0.816329 0.029877 -0.576815
vn -0.906853 0.197616 -0.372244
vn -0.894824 0.357515 -0.267344
vn -0.878722 0.447173 -0.166983
vn -0.939235 0.336266 -0.069005
vn -0.949382 0.313090 0.025487
vn -0.939419 0.330313 0.091573
vn -0.924456 0.359389 0.127363
vn -0.941330 0.298547 0.157375
vn -0.958757 0.203001 0.198934
vn -0.963470 0.088353 0.252821
vn -0.893614 -0.082113 0.441261
vn -0.722533 -0.276306 0.633721
vn -0.586716 -0.431209 0.685436
vn -0.340723 -0.739889 0.580062
vn -0.956525 0.063563 0.284640
vn -0.978663 0.058700 -0.196907
vn -0.954963 0.074335 0.287263
vn -0.708868 -0.415175 0.570207
vn -0.875896 -0.139097 -0.462016
vn -0.127830 -0.869028 0.477964
vn -0.955420 0.293309 0.033794
vn -0.952019 0.049410 0.302023
vn -0.932870 0.343551 0.108285
vn -0.744604 -0.317581 0.587118
vn -0.629604 -0.441123 -0.639539
vn -0.854890 -0.325216 -0.404224
vn -0.956614 0.280555 -0.078608
vn -0.889283 0.252941 -0.381047
vn -0.222105 -0.780605 0.584230
vn 0.151443 -0.842347 0.517221
vn 0.137178 -0.963545 0.229701
vn -0.946951 0.311225 0.080148
vn -0.610828 -0.484466 0.626244
vn -0.876728 -0.148214 0.457581
vn -0.968394 0.249291 -0.008165
vn -0.849491 0.113167 -0.515323
vn -0.193770 -0.788670 0.583483
vn 0.056108 -0.797505 0.600698
vn -0.942850 0.295232 0.154505
vn -0.957197 0.200021 0.209203
vn -0.938854 0.327006 0.107802
vn -0.598698 -0.533930 0.597059
vn -0.948293 0.022357 0.316608
vn -0.094103 -0.958799 0.268048
vn -0.965786 0.160117 0.204007
vn -0.015867 -0.992506 -0.121160
vn -0.357402 -0.791363 0.495992
vn -0.591313 -0.541032 -0.598025
vn -0.987383 0.155151 -0.031673
vn -0.946691 0.213361 -0.241358
vn -0.556872 -0.584176 0.590450
vn -0.750923 -0.380641 0.539656
vn -0.433994 -0.642376 0.631666
vn -0.359456 -0.704498 0.611943
vn -0.435424 -0.666567 0.605057
vn -0.920127 -0.081025 0.383147
vn -0.840582 -0.300127 0.450939
vn -0.973412 0.157051 0.166744
vn -0.960690 0.261575 0.093020
vn -0.995662 0.023109 0.090128
vn -0.974468 0.222087 0.033000
vn -0.878556 -0.190422 0.438041
vn -0.983842 0.055348 0.170267
vn -0.984558 0.169573 0.043492
vn -0.641757 -0.529149 0.555112
vn -0.974447 -0.223936 0.017476
vn -0.807313 -0.343391 0.479926
vn -0.704490 -0.451755 0.547368
vn -0.878236 -0.310575 0.363655
vn -0.490080 -0.628520 0.603974
vn -0.742390 -0.543960 0.391107
vn -0.518968 -0.632713 0.574758
vn -0.443462 -0.678397 0.585763
vn -0.543779 -0.786658 -0.292359
vn -0.346595 -0.906315 -0.241796
vn -0.810525 -0.535528 -0.237187
vn -0.408203 -0.744189 -0.528728
vn -0.790326 -0.488433 -0.369890
vn -0.127834 -0.814239 0.566280
vn -0.253814 -0.765810 0.590858
vn -0.965464 0.243239 -0.093347
vn -0.192850 -0.975068 -0.109781
vn -0.969027 0.241935 -0.049544
vn -0.991051 -0.074582 -0.110704
vn -0.494283 -0.754659 0.431479
vn -0.306635 -0.699527 0.645474
vn -0.458594 -0.595230 0.659843
vn -0.261313 -0.757247 0.598576
vn -0.142568 -0.809430 0.569646
vn 0.154843 -0.797033 0.583748
vn -0.491686 -0.611577 -0.619854
vn -0.426424 -0.689386 -0.585584
vn -0.614882 -0.253660 -0.746710
vn -0.654306 -0.095248 -0.750208
vn -0.830178 0.049002 -0.555341
vn -0.891701 0.364550 -0.268279
vn -0.924945 0.354414 -0.137355
vn -0.952727 0.302881 -0.023985
vn -0.944504 0.317032 0.086042
vn -0.850244 -0.145133 0.505986
vn -0.279702 -0.749140 0.600463
vn -0.339339 -0.730292 0.592893
vn -0.042080 -0.823344 0.565980
vn -0.835068 -0.259698 0.484994
vn -0.964455 0.225584 0.137618
vn -0.347443 -0.905956 0.241924
vn -0.550355 -0.824897 0.129049
vn -0.267734 -0.788493 0.553712
vn -0.967067 0.253418 0.023669
vn -0.690300 -0.666008 -0.282701
vn -0.772810 -0.628437 0.088498
vn -0.964622 0.170849 0.200785
vn -0.918697 -0.145681 0.367114
vn -0.817259 -0.270908 0.508622
vn -0.895283 -0.420067 0.148365
vn -0.396206 -0.718188 0.572037
vn -0.956267 -0.174920 0.234426
vn -0.951742 -0.087033 0.294300
vn -0.661191 0.725440 -0.191219
vn -0.598401 0.706916 -0.377075
vn -0.567784 0.690816 -0.447654
vn -0.548212 0.674557 -0.494405
vn -0.547150 0.670739 -0.500735
vn -0.556569 0.668678 -0.493053
vn -0.575259 0.688937 -0.440958
vn -0.592751 0.711710 -0.376982
vn -0.586178 0.734792 -0.341285
vn -0.577240 0.753157 -0.315514
vn -0.587403 0.747891 -0.309220
vn -0.606573 0.727897 -0.319741
vn -0.616796 0.717051 -0.324654
vn -0.591578 0.732920 -0.335953
vn -0.502496 0.766814 -0.399367
vn -0.479093 0.769029 -0.423160
vn -0.534031 0.730083 -0.426367
vn -0.527867 0.735439 -0.424836
vn -0.530964 0.755747 -0.383306
vn -0.569973 0.763930 -0.302559
vn -0.584059 0.758542 -0.288945
vn -0.640245 0.724954 -0.254024
vn -0.721691 0.666881 -0.185559
vn -0.764328 0.637467 -0.097153
vn -0.787703 0.614767 -0.039818
vn -0.797173 0.603102 -0.027989
vn -0.787731 0.615781 -0.017140
vn -0.816025 0.577096 -0.032613
vn -0.814216 0.578484 -0.049072
vn -0.795176 0.605381 -0.034773
vn -0.773858 0.632981 -0.021890
vn -0.727351 0.685970 0.020174
vn -0.693296 0.714108 0.096906
vn -0.628157 0.756244 0.183068
vn -0.596834 0.747700 0.291091
vn -0.549448 0.739999 0.387954
vn -0.473950 0.747808 0.464924
vn -0.468872 0.702262 0.535712
vn -0.602765 0.635955 0.481908
vn -0.597544 0.652290 0.466325
vn -0.597305 0.685694 0.415993
vn -0.622778 0.712825 0.322535
vn -0.641310 0.747828 0.171683
vn -0.652562 0.757539 0.017245
vn -0.761309 0.641534 -0.094039
vn -0.765171 0.641487 -0.054842
vn -0.753809 0.646546 -0.117262
vn -0.797845 0.601555 -0.039688
vn -0.804007 0.594328 -0.018643
vn -0.819043 0.571992 -0.044638
vn -0.786635 0.615034 -0.054212
vn -0.791210 0.610735 -0.031462
vn -0.739971 0.665395 -0.098451
vn -0.701050 0.703033 -0.119469
vn -0.799353 0.598996 -0.047321
vn -0.692374 0.704270 -0.156916
vn -0.725503 0.681483 -0.096054
vn -0.678319 0.713044 -0.177344
vn -0.743926 0.666480 -0.048776
vn -0.723006 0.684464 -0.093651
vn -0.688515 0.724476 0.032870
vn -0.737831 0.673993 -0.036596
vn -0.703949 0.709267 -0.037360
vn -0.716115 0.693707 -0.077141
vn -0.648195 0.741722 0.172313
vn -0.636467 0.750561 0.177670
vn -0.489206 0.727551 -0.480984
vn -0.684638 0.703577 -0.190397
vn -0.688977 0.700041 -0.187758
vn -0.614455 0.744050 -0.262365
vn -0.676362 0.729157 0.104232
vn -0.639295 0.734107 0.228886
vn -0.663741 0.733812 0.144805
vn -0.621800 0.744711 0.242425
vn -0.686194 0.726552 -0.035494
vn -0.664914 0.737449 0.118572
vn -0.677153 0.735658 0.016483
vn -0.565738 0.675689 -0.472637
vn -0.659823 0.712055 -0.240025
vn -0.616963 0.740546 -0.266359
vn -0.626094 0.716780 -0.306974
vn -0.606645 0.736896 -0.298270
vn -0.648561 0.693494 -0.313742
vn -0.658672 0.693581 -0.291711
vn -0.704204 0.697554 -0.132346
vn -0.586414 0.753751 -0.296611
vn -0.576655 0.763444 -0.290900
vn -0.658116 0.729379 0.186786
vn -0.558313 0.732778 0.389003
vn -0.636721 0.726924 0.257233
vn -0.597652 0.731389 0.328453
vn -0.614053 0.694707 0.374595
vn -0.567233 0.680558 -0.463775
vn -0.549908 0.675240 -0.491582
vn -0.469055 0.777071 -0.419700
vn -0.562910 0.733721 -0.380507
vn -0.623138 0.700480 -0.347888
vn -0.598368 0.739724 -0.307838
vn -0.657598 0.747608 0.092988
vn -0.564022 0.670789 0.481583
vn -0.546439 0.668231 -0.504848
vn -0.569928 0.693695 -0.440420
vn -0.581882 0.744834 -0.326550
vn -0.584440 0.739532 -0.333949
vn -0.531313 0.757124 -0.380091
vn -0.614414 0.718909 -0.325061
vn -0.482428 0.771931 -0.413987
vn -0.616874 0.712009 -0.335426
vn -0.570716 0.750354 -0.333546
vn -0.675863 0.732765 -0.079149
vn -0.656936 0.737117 -0.158411
vn -0.677785 0.734153 -0.040344
vn -0.676746 0.720498 -0.151319
vn -0.643883 0.717535 -0.265626
vn -0.653777 0.709997 -0.261687
vn -0.598120 0.706036 -0.379164
vn -0.564917 0.691549 -0.450144
vn -0.633764 0.721623 -0.278575
vn -0.688847 0.689430 -0.224001
vn -0.621695 0.714552 -0.320797
vn -0.577409 0.706605 -0.409035
vn -0.665397 0.698918 -0.262222
vn -0.591737 0.692374 -0.412875
vn -0.674028 0.694906 -0.250582
vn -0.667474 0.733538 0.128065
vn -0.537377 0.686404 -0.489975
vn -0.573574 0.707931 -0.412125
vn -0.473360 0.770139 -0.427570
vn -0.531999 0.741823 -0.408259
vn -0.480505 0.771563 -0.416899
vn -0.557798 0.746664 -0.362427
vn -0.606038 0.726558 -0.323777
vn -0.568989 0.692041 -0.444219
vn -0.552106 0.687080 -0.472335
vn -0.558485 0.714257 -0.421820
vn -0.637424 0.691857 -0.339152
vn -0.469490 0.762045 -0.445945
vn -0.620295 0.692732 -0.367909
vn -0.668383 0.668601 -0.325939
vn -0.527104 0.707948 -0.470075
vn -0.497812 0.740488 -0.451509
vn -0.479864 0.762355 -0.434219
vn -0.568878 0.740767 -0.357271
vn -0.544288 0.734373 -0.405521
vn -0.550234 0.676107 -0.490022
vn -0.678987 0.727437 -0.099052
vn -0.675871 0.704871 -0.215301
vn -0.684304 0.715729 -0.139500
vn -0.708405 0.699894 -0.091167
vn -0.692296 0.720490 -0.040255
vn -0.695316 0.706815 -0.130184
vn -0.622447 0.718604 -0.310111
vn -0.554487 0.736629 -0.387197
vn -0.555038 0.747212 -0.365524
vn -0.597484 0.708511 -0.375534
vn -0.551216 0.678953 -0.484957
vn -0.545766 0.667424 -0.506641
vn -0.554919 0.666308 -0.498095
vn -0.644576 0.722742 0.249330
vn -0.621443 0.696430 0.358878
vn -0.604016 0.670665 0.430550
vn -0.485387 0.737164 0.470094
vn -0.545770 0.737184 0.398365
vn -0.582044 0.738529 0.340292
vn -0.584691 0.705440 -0.400613
vn -0.589181 0.725262 -0.356175
vn -0.583241 0.750478 -0.310826
vn -0.468807 0.779602 -0.415260
vn -0.509488 0.752431 -0.417457
vn -0.577298 0.761514 -0.294659
vn -0.614820 0.745360 -0.257749
vn -0.694061 0.695283 -0.186712
vn -0.789645 0.611478 -0.050550
vn -0.802795 0.594821 -0.041327
vn -0.769853 0.637879 -0.020889
vn -0.751340 0.659745 -0.015005
vn -0.681818 0.726505 0.085526
vn -0.527268 0.740004 -0.417592
vn -0.600482 0.735119 -0.314675
vn -0.720451 0.693291 0.017267
vn -0.587083 0.740746 -0.326541
vn -0.486074 0.771473 -0.410562
vn -0.630817 0.736865 0.243107
vn -0.579201 0.740588 0.340669
vn -0.635127 0.711059 0.301678
vn -0.676879 0.735970 -0.013523
vn -0.594488 0.709777 -0.377890
vn -0.542197 0.665288 -0.513238
vn -0.587920 0.698116 -0.408637
vn -0.586554 0.727651 -0.355638
vn -0.755217 0.647224 -0.103674
vn -0.486078 0.764298 -0.423766
vn -0.516445 0.749366 -0.414410
vn -0.676526 0.735327 0.040089
vn -0.493477 0.756313 -0.429501
vn -0.653595 0.724797 -0.217905
vn -0.527691 0.680712 -0.508108
vn -0.544118 0.668007 -0.507643
vn -0.640595 0.720554 -0.265407
vn -0.675271 0.709807 -0.200460
vn -0.691133 0.707137 -0.149309
vn -0.521034 0.734716 -0.434415
vn -0.675445 0.736467 -0.037289
vn -0.688205 0.725490 -0.006166
vn -0.685308 0.714583 -0.140441
vn -0.640702 0.708169 -0.296644
vn -0.685928 0.708210 -0.167154
vn -0.668622 0.709772 -0.221738
vn -0.615192 0.702096 -0.358609
vn 0.126741 0.514894 -0.847833
vn -0.102848 0.417058 -0.903042
vn -0.271995 0.253732 -0.928245
vn -0.450813 0.328435 -0.829999
vn -0.428849 0.351880 -0.832027
vn 0.235034 0.814019 -0.531161
vn 0.731962 0.659820 0.169910
vn -0.029659 -0.984177 -0.174688
vn -0.448389 -0.656477 -0.606619
vn -0.131461 -0.301739 -0.944284
vn -0.037745 -0.329439 -0.943422
vn 0.016235 -0.338025 -0.940997
vn 0.110605 -0.353367 -0.928923
vn 0.194462 -0.386615 -0.901506
vn 0.285811 -0.398842 -0.871342
vn 0.351817 -0.429933 -0.831494
vn 0.394711 -0.506305 -0.766719
vn 0.548333 -0.480417 -0.684492
vn 0.772759 -0.441100 -0.456371
vn 0.615008 -0.745307 -0.257456
vn -0.777369 -0.472526 0.415231
vn -0.831142 -0.454494 0.320372
vn -0.842027 -0.412538 0.347568
vn -0.719376 -0.472994 0.508699
vn -0.661997 -0.350559 0.662471
vn -0.315700 -0.564348 0.762787
vn 0.618943 -0.647010 0.445296
vn 0.974177 -0.188810 0.123810
vn 0.999819 0.018644 0.003686
vn 0.972188 0.084645 -0.218372
vn 0.867996 0.279445 -0.410480
vn 0.689948 0.388829 -0.610560
vn 0.516577 0.494026 -0.699347
vn 0.347172 0.612409 -0.710230
vn 0.253509 0.632979 -0.731486
vn 0.194145 0.619343 -0.760738
vn 0.742876 0.529056 -0.410164
vn 0.996651 -0.023090 -0.078450
vn 0.943582 0.037631 -0.328995
vn 0.696978 0.391969 -0.600484
vn 0.230774 0.553726 -0.800082
vn 0.954700 -0.230727 -0.187915
vn 0.583106 0.733440 -0.349362
vn 0.490148 0.531214 -0.691061
vn 0.963030 0.108703 -0.246490
vn 0.266378 0.592169 -0.760512
vn 0.791059 -0.405377 -0.458143
vn 0.916701 -0.101164 -0.386555
vn -0.753335 -0.428977 0.498462
vn 0.677942 0.127566 -0.723962
vn -0.414038 -0.579754 -0.701754
vn -0.191373 0.070859 -0.978956
vn 0.202780 0.599452 -0.774298
vn 0.491169 0.470157 -0.733284
vn 0.776734 -0.591900 0.215264
vn -0.600622 -0.692304 0.399960
vn -0.025847 0.210230 -0.977310
vn -0.146310 0.524726 -0.838604
vn 0.881986 0.230629 -0.410988
vn 0.701676 0.364156 -0.612406
vn 0.874095 0.178690 -0.451695
vn 0.249495 0.465513 -0.849147
vn 0.605887 0.410663 -0.681364
vn 0.282452 0.097731 -0.954290
vn 0.863841 0.279813 -0.418907
vn -0.003427 -0.247578 -0.968862
vn 0.778581 0.378975 -0.500190
vn 0.318743 -0.117062 -0.940584
vn 0.664333 -0.341849 -0.664681
vn 0.923379 0.295861 -0.244617
vn 0.378712 0.441186 -0.813592
vn 0.226716 0.529412 -0.817510
vn 0.446305 0.464037 -0.765168
vn 0.734106 0.535646 -0.417339
vn 0.530742 0.442770 -0.722681
vn 0.371002 0.327447 -0.868985
vn 0.584269 0.448193 -0.676574
vn 0.818475 0.426185 -0.385310
vn 0.895933 0.302834 -0.324954
vn 0.952024 0.251350 -0.174567
vn 0.600616 0.676179 -0.426666
vn 0.903593 0.201486 -0.378052
vn 0.968670 -0.247623 0.019020
vn 0.543848 0.640420 -0.542303
vn 0.547603 0.602490 -0.580635
vn 0.580792 0.645864 -0.495520
vn 0.311408 -0.352036 -0.882664
vn 0.192228 -0.366321 -0.910416
vn 0.660529 -0.201877 -0.723151
vn 0.337434 -0.418026 -0.843441
vn 0.782521 -0.175852 -0.597275
vn 0.583338 0.430286 -0.688891
vn 0.773459 0.228874 -0.591082
vn 0.104908 -0.309504 -0.945093
vn 0.973057 0.123615 -0.194627
vn 0.138716 0.372100 -0.917769
vn 0.250628 0.460834 -0.851362
vn 0.013553 0.238576 -0.971029
vn -0.285526 0.366053 -0.885709
vn 0.762501 0.646158 0.032745
vn 0.500624 -0.450841 -0.738998
vn 0.410526 -0.452068 -0.791899
vn 0.161935 -0.986225 0.033713
vn -0.823890 -0.458263 0.333468
vn -0.836655 -0.447059 0.316460
vn -0.578224 -0.499402 0.645178
vn 0.403092 -0.816341 0.413647
vn 0.895838 -0.431625 0.105711
vn 0.983176 -0.099509 -0.153179
vn 0.370665 0.586145 -0.720445
vn 0.763396 -0.623395 0.169132
vn 0.917356 -0.398067 -0.000618
vn 0.964115 -0.243275 -0.106298
vn 0.528201 0.230290 -0.817295
vn 0.336844 0.382604 -0.860320
vn 0.736355 0.673605 -0.063541
vn 0.314111 0.550515 -0.773477
vn 0.289156 -0.161860 -0.943499
vn 0.919384 0.252397 -0.301710
vn 0.993029 0.051478 -0.106032
vn 0.540091 0.360754 -0.760368
vn 0.503456 0.371253 -0.780194
vn 0.479692 -0.318155 -0.817724
vn 0.558968 0.025420 -0.828800
vn 0.982475 0.105190 -0.153874
vn 0.406996 0.497714 -0.765921
vn 0.284479 0.493424 -0.821952
vn 0.838719 0.153659 -0.522435
vn 0.749687 0.439746 -0.494563
vn 0.624991 0.473537 -0.620604
vn 0.725224 0.488176 -0.485524
vn 0.892575 0.370133 -0.257511
vn 0.430319 0.596518 -0.677490
vn 0.812673 0.454311 -0.364916
vn 0.777095 0.499509 -0.382903
vn 0.662183 0.617376 -0.424689
vn 0.906067 0.204535 -0.370416
vn 0.600946 0.434252 -0.671036
vn 0.447115 0.462390 -0.765691
vn 0.254297 0.525254 -0.812060
vn 0.127453 0.545256 -0.828523
vn -0.049104 0.612295 -0.789103
vn -0.177796 0.598559 -0.781099
vn -0.354211 0.664666 -0.657840
vn -0.427763 0.729488 -0.533728
vn -0.485964 0.750980 -0.447066
vn -0.619286 0.678499 -0.395125
vn -0.825235 0.394319 -0.404350
vn -0.827944 -0.295855 -0.476423
vn -0.260595 0.290664 -0.920655
vn 0.415826 0.775515 -0.475041
vn 0.485627 0.723556 -0.490543
vn 0.626247 0.583781 -0.516735
vn 0.755431 0.351259 -0.553120
vn 0.777039 0.189820 -0.600149
vn 0.814673 0.068086 -0.575909
vn 0.842947 -0.057438 -0.534921
vn 0.793696 -0.295213 -0.531880
vn 0.714191 -0.396271 -0.576976
vn 0.696196 -0.453972 -0.556075
vn 0.648253 -0.528837 -0.547813
vn 0.624872 -0.563576 -0.540293
vn 0.536321 -0.637790 -0.552797
vn 0.538617 -0.427214 -0.726209
vn -0.100006 0.319948 -0.942142
vn -0.473748 0.555770 -0.683142
vn -0.437383 -0.039623 -0.898402
vn 0.014253 -0.842978 -0.537759
vn 0.714942 -0.686994 -0.129991
vn 0.854670 -0.494868 0.156989
vn 0.818891 -0.493558 0.292947
vn 0.819881 -0.459898 0.341010
vn 0.830675 -0.446300 0.332860
vn 0.876783 -0.411338 0.249103
vn 0.914932 -0.339130 0.218839
vn 0.915011 -0.376534 0.144837
vn 0.923991 -0.372274 0.087476
vn 0.928607 -0.365662 0.063086
vn 0.927123 -0.371546 0.048964
vn 0.942802 -0.333352 0.000066
vn 0.953899 -0.295763 -0.051008
vn 0.961412 -0.264166 -0.076837
vn 0.967605 -0.235646 -0.090616
vn 0.975478 -0.189052 -0.112703
vn 0.976398 -0.135739 -0.167993
vn 0.598386 0.353064 -0.719222
vn 0.840620 -0.541542 0.009519
vn 0.925588 -0.373306 0.062687
vn 0.970474 -0.235527 -0.052037
vn 0.747284 -0.569767 -0.341954
vn 0.769190 -0.603119 -0.211172
vn 0.990629 -0.066961 -0.119039
vn 0.953242 -0.111562 -0.280863
vn 0.878605 -0.424649 0.218465
vn 0.935639 -0.348099 0.058363
vn 0.575490 -0.611095 -0.543484
vn -0.267841 0.165397 -0.949160
vn 0.830748 -0.452834 0.323727
vn 0.712928 -0.689993 -0.125071
vn 0.980989 -0.170852 -0.092031
vn 0.955653 -0.179634 -0.233364
vn 0.983750 -0.171224 -0.054019
vn 0.671738 -0.632436 -0.385737
vn 0.858570 -0.416825 0.298520
vn 0.988699 -0.146375 -0.032395
vn 0.838235 -0.384208 -0.386970
vn 0.855133 -0.043411 -0.516588
vn 0.816227 -0.365052 -0.447784
vn 0.862565 0.214309 -0.458316
vn 0.956399 0.062029 -0.285401
vn 0.913803 -0.374440 0.157350
vn 0.988185 -0.126991 -0.085814
vn 0.945653 -0.322332 0.042915
vn 0.873693 -0.435070 0.217656
vn 0.859868 -0.505263 0.073049
vn 0.821756 -0.564291 0.079334
vn 0.886061 -0.360304 0.291680
vn 0.881035 -0.374184 0.289419
vn 0.855720 0.393913 -0.335524
vn 0.789991 0.279486 -0.545712
vn 0.723328 0.529535 -0.443159
vn -0.246278 0.639910 -0.727916
vn 0.321244 0.487135 -0.812097
vn 0.184457 0.692002 -0.697932
vn 0.937287 -0.305790 -0.167292
vn 0.969450 -0.242014 -0.039951
vn 0.878868 -0.420927 0.224524
vn 0.959881 0.171285 -0.222016
vn 0.980649 -0.175484 -0.086790
vn 0.990581 -0.091638 -0.101747
vn 0.983373 -0.080828 -0.162615
vn 0.951252 -0.190636 -0.242440
vn 0.419674 0.449784 -0.788396
vn -0.275052 0.609356 -0.743661
vn 0.076268 0.506297 -0.858980
vn 0.966438 -0.253572 -0.041222
vn 0.913843 -0.383424 0.133707
vn 0.886267 0.276681 -0.371454
vn -0.082510 0.735046 -0.672978
vn -0.740601 0.489450 -0.460379
vn 0.188603 0.491087 -0.850448
vn -0.498251 0.704445 -0.505473
vn 0.920580 -0.388875 0.036171
vn 0.994614 -0.025520 -0.100459
vn 0.942479 -0.244563 -0.227864
vn 0.016437 0.538397 -0.842531
vn 0.231619 0.476724 -0.847990
vn 0.460841 0.448458 -0.765840
vn 0.647360 0.365171 -0.669010
vn 0.540185 0.413653 -0.732865
vn 0.936713 0.136621 -0.322340
vn 0.913027 0.182985 -0.364553
vn 0.943388 0.221541 -0.246857
vn 0.688770 0.366429 -0.625560
vn 0.904567 0.329702 -0.270288
vn 0.951310 0.204110 -0.230972
vn 0.885892 0.348273 -0.306433
vn 0.873586 0.369481 -0.316751
vn 0.899380 0.252570 -0.356826
vn 0.989918 -0.065148 -0.125771
vn 0.792322 0.316743 -0.521441
vn 0.995362 -0.064203 -0.071641
vn 0.946367 0.136309 -0.292933
vn 0.984045 0.067095 -0.164782
vn 0.980596 0.113610 -0.159766
vn 0.992846 -0.109335 -0.047986
vn 0.984115 -0.174025 -0.035121
vn 0.994379 -0.070018 -0.079421
vn 0.993233 -0.114144 -0.021443
vn 0.981309 -0.148397 -0.122519
vn 0.973648 -0.225720 -0.032544
vn 0.993561 -0.111936 -0.017535
vn 0.985594 -0.013199 -0.168612
vn 0.990660 -0.080214 -0.110266
vn 0.981945 -0.164636 -0.093159
vn 0.997207 -0.028779 -0.068926
vn 0.998129 -0.048716 -0.036960
vn 0.991863 -0.033050 -0.122942
vn 0.978422 -0.202057 -0.043164
vn 0.990520 -0.094830 -0.099388
vn 0.980586 -0.195201 0.018638
vn 0.995922 -0.089061 -0.014412
vn 0.944106 -0.322646 0.067556
vn 0.954337 -0.297453 0.027607
vn 0.931873 -0.337522 0.133012
vn 0.924309 -0.333684 0.185221
vn 0.921882 -0.366024 0.127120
vn 0.986120 -0.033743 -0.162568
vn 0.985813 -0.165452 0.028258
vn 0.949910 -0.310938 0.031443
vn 0.552477 0.462216 -0.693632
vn -0.261576 0.291087 -0.920243
vn 0.938028 -0.345369 0.028704
vn 0.953630 -0.300043 -0.023761
vn 0.923346 -0.371615 0.096616
vn 0.323464 0.486017 -0.811886
vn 0.986663 -0.086424 -0.137938
vn -0.216085 0.569357 -0.793184
vn -0.355577 0.675373 -0.646093
vn -0.397040 0.702837 -0.590236
vn -0.585571 0.675181 -0.448594
vn 0.777125 0.422946 -0.466040
vn 0.583648 0.657768 -0.476126
vn 0.824016 0.205496 -0.527986
vn 0.835746 0.085140 -0.542475
vn 0.873076 -0.233060 -0.428276
vn 0.727404 -0.442053 -0.524854
vn 0.670180 -0.514037 -0.535373
vn 0.683236 -0.567649 -0.459307
vn 0.251425 -0.247548 -0.935685
vn -0.317787 0.481455 -0.816831
vn -0.244298 -0.493717 -0.834603
vn 0.843376 -0.518827 0.139768
vn 0.837312 -0.472768 0.274589
vn 0.972097 -0.221811 -0.076331
vn 0.964866 -0.255618 -0.060764
vn 0.952387 -0.304877 -0.002962
vn 0.738510 -0.494285 -0.458569
vn 0.849806 -0.430100 0.304702
vn 0.831702 -0.447049 0.329271
vn 0.915439 -0.375721 0.144240
vn -0.217125 0.626777 -0.748337
vn 0.232403 0.509569 -0.828449
vn 0.856659 -0.359309 -0.370179
vn 0.876337 -0.349505 -0.331481
vn 0.848105 -0.445781 0.286352
vn 0.833621 -0.537815 0.125823
vn 0.766761 -0.620130 -0.165880
vn 0.733082 -0.650001 -0.200222
vn 0.860691 -0.477035 -0.177898
vn 0.806374 0.262492 -0.529962
vn 0.643064 0.352228 -0.680003
vn -0.319678 0.608154 -0.726605
vn 0.849868 0.340968 -0.401826
vn 0.935648 0.072010 -0.345509
vn 0.568289 0.530158 -0.629269
vn 0.771979 0.453699 -0.445203
vn 0.852708 -0.415697 0.316363
vn 0.865252 -0.409081 0.289812
vn 0.895034 -0.394262 0.208500
vn 0.959101 -0.245441 -0.141008
vn 0.099425 0.539486 -0.836103
vn 0.973736 -0.224929 -0.035282
vn 0.919474 0.283741 -0.272137
vn 0.983952 -0.005679 -0.178344
vn 0.867846 -0.463588 0.178685
vn 0.874803 -0.376180 0.305301
vn 0.910809 -0.359481 0.202979
vn 0.353610 0.419532 -0.836034
vn 0.356779 0.485402 -0.798181
vn 0.987327 -0.114744 -0.109630
vn 0.988445 -0.072175 -0.133294
vn 0.800868 0.311323 -0.511554
vn 0.596404 0.387426 -0.702996
vn 0.991936 -0.126051 0.013194
vn 0.889844 -0.362592 0.276956
vn 0.883281 0.319421 -0.343197
vn 0.775559 0.370668 -0.510992
vn 0.967444 0.101049 -0.232038
vn 0.933192 -0.310713 0.180582
vn 0.994977 -0.052788 -0.085051
vn 0.981487 -0.187607 -0.038562
vn 0.991563 -0.123490 -0.039414
vn 0.958944 -0.259838 0.113621
vn 0.971242 -0.234391 -0.041821
vn 0.969624 -0.236587 0.062090
vn 0.953069 -0.291947 0.080173
vn 0.990391 -0.059760 -0.124720
vn 0.987292 -0.157609 -0.020328
vn 0.980820 -0.186184 0.057693
vn 0.994676 -0.078547 -0.066712
vn 0.995496 -0.002940 -0.094761
vn 0.470769 -0.609006 0.638348
vn 0.602968 -0.464023 0.648932
vn 0.752500 -0.192308 0.629891
vn 0.856279 -0.031066 0.515579
vn 0.934224 0.076498 0.348388
vn 0.954961 0.130588 0.266453
vn 0.957765 0.154703 0.242393
vn 0.967232 0.193101 0.164845
vn 0.980152 0.177937 0.087414
vn 0.976397 0.211512 0.043730
vn 0.983540 0.180287 0.012059
vn 0.993267 0.108339 -0.041030
vn 0.993789 0.032660 -0.106376
vn 0.973161 -0.072591 -0.218378
vn 0.946737 -0.175836 -0.269762
vn 0.914504 -0.229959 -0.332869
vn 0.912702 -0.256061 -0.318446
vn 0.888803 -0.366167 -0.275593
vn 0.825530 -0.491129 -0.278015
vn 0.749402 -0.618478 -0.236392
vn 0.636466 -0.705758 -0.311155
vn 0.465293 -0.774496 -0.428554
vn 0.366861 -0.810788 -0.456109
vn 0.309749 -0.869867 -0.383910
vn 0.240856 -0.900459 -0.362164
vn 0.154170 -0.934078 -0.322071
vn 0.071913 -0.970459 -0.230299
vn -0.045974 -0.981282 -0.187005
vn -0.289509 -0.934249 -0.208241
vn -0.546271 -0.824985 -0.144869
vn -0.621473 -0.783308 -0.014136
vn -0.711401 -0.696357 0.094842
vn -0.723627 -0.667544 0.175351
vn -0.755849 -0.606747 0.246068
vn -0.759694 -0.544331 0.355763
vn -0.742860 -0.537936 0.398477
vn -0.692077 -0.589659 0.416331
vn -0.605192 -0.676002 0.420434
vn -0.500794 -0.753816 0.425401
vn -0.365412 -0.817249 0.445621
vn -0.286287 -0.845648 0.450465
vn -0.218072 -0.866415 0.449187
vn -0.186798 -0.855413 0.483089
vn -0.074048 -0.873448 0.481254
vn -0.009210 -0.864336 0.502831
vn 0.031703 -0.858420 0.511967
vn 0.070931 -0.855435 0.513031
vn 0.117509 -0.858687 0.498847
vn 0.167163 -0.851826 0.496436
vn 0.209981 -0.830090 0.516583
vn 0.257727 -0.801260 0.539962
vn 0.319910 -0.770407 0.551480
vn 0.355602 -0.727792 0.586400
vn 0.855783 -0.220476 0.468002
vn 0.973406 -0.176878 0.145583
vn 0.884028 -0.071794 0.461887
vn 0.911444 0.016368 0.411098
vn 0.529921 -0.552768 0.643141
vn 0.976940 0.058310 0.205397
vn 0.963158 0.132702 0.233915
vn 0.977984 -0.114109 -0.174716
vn 0.994991 0.093227 -0.036077
vn 0.884403 -0.068999 0.461595
vn 0.988708 -0.149614 -0.008535
vn 0.938576 0.013484 0.344809
vn 0.968592 0.072810 0.237758
vn 0.685257 -0.341949 0.643035
vn 0.387594 -0.699326 0.600595
vn 0.920170 -0.175311 0.350076
vn 0.901909 -0.428537 -0.054003
vn 0.911702 -0.320215 -0.257414
vn 0.551725 -0.505174 0.663625
vn 0.431675 -0.644117 0.631483
vn 0.973181 -0.001014 0.230037
vn 0.810760 -0.213301 0.545133
vn 0.697001 -0.333133 0.634989
vn 0.682645 -0.366765 0.632044
vn 0.537745 -0.537230 0.649780
vn 0.154168 -0.836042 0.526560
vn 0.420480 -0.766489 0.485480
vn 0.993272 0.046247 0.106169
vn 0.927954 -0.000813 0.372694
vn 0.794464 -0.194679 0.575263
vn 0.815187 -0.168617 0.554111
vn 0.863502 -0.092403 0.495809
vn 0.816075 -0.144410 0.559613
vn 0.954242 -0.050648 0.294716
vn 0.669232 -0.332213 0.664653
vn 0.735741 -0.256771 0.626700
vn 0.580024 -0.481586 0.656998
vn 0.134469 -0.850504 0.508489
vn 0.197824 -0.832057 0.518215
vn 0.441190 -0.773441 0.455128
vn -0.625174 -0.696212 0.352770
vn -0.653888 -0.627770 0.422298
vn 0.821614 -0.532990 -0.202169
vn 0.642541 -0.734136 -0.219513
vn 0.832135 -0.550435 0.067627
vn 0.932774 -0.348889 0.090597
vn 0.946907 -0.320087 -0.030206
vn 0.941576 -0.229972 0.246064
vn 0.849231 -0.490769 0.194812
vn 0.778937 -0.450307 0.436441
vn 0.295946 -0.770676 0.564336
vn 0.892503 -0.101971 0.439363
vn 0.954198 0.011445 0.298958
vn 0.466383 -0.649112 0.600950
vn 0.031909 -0.866463 0.498220
vn 0.023644 -0.877105 0.479716
vn 0.088518 -0.859425 0.503540
vn 0.163777 -0.849276 0.501904
vn -0.012233 -0.885308 0.464843
vn 0.332337 -0.937125 -0.106528
vn 0.208121 -0.910618 0.357016
vn 0.551408 -0.800544 0.234688
vn -0.273434 -0.857832 0.435153
vn -0.533368 -0.792228 0.296468
vn -0.459023 -0.887102 -0.048446
vn -0.651537 -0.746862 0.133026
vn -0.700467 -0.674767 0.232458
vn -0.688796 -0.603367 0.401882
vn 0.575440 -0.791562 -0.205662
vn 0.739476 -0.649370 -0.177466
vn 0.855570 -0.517627 0.007828
vn 0.783543 -0.620971 -0.021316
vn 0.749328 -0.660960 0.040487
vn 0.706723 -0.674599 0.213211
vn 0.354625 -0.730149 0.584058
vn 0.818382 -0.362124 0.446225
vn 0.768221 -0.263353 0.583508
vn 0.151272 -0.846180 0.510976
vn 0.115665 -0.855233 0.505172
vn 0.167019 -0.842669 0.511873
vn 0.089221 -0.867080 0.490114
vn 0.157987 -0.855313 0.493437
vn 0.227950 -0.810563 0.539468
vn 0.181004 -0.844718 0.503676
vn 0.372444 -0.734022 0.567887
vn 0.207052 -0.838633 0.503809
vn 0.321150 -0.747064 0.582030
vn 0.347831 -0.758643 0.550885
vn 0.249411 -0.804353 0.539268
vn 0.280977 -0.790477 0.544241
vn 0.338485 -0.743844 0.576302
vn 0.416838 -0.667190 0.617336
vn 0.116276 -0.859652 0.497472
vn 0.231451 -0.918538 -0.320497
vn 0.132493 -0.984713 -0.113078
vn 0.298247 -0.912425 -0.280232
vn -0.171768 -0.981841 -0.080524
vn 0.107028 -0.985896 0.128659
vn -0.405728 -0.807961 0.427299
vn -0.740643 -0.608175 0.285607
vn -0.500950 -0.748911 0.433800
vn -0.439892 -0.758645 0.480576
vn -0.542490 -0.710852 0.447654
vn -0.580432 -0.680914 0.446604
vn -0.368647 -0.814563 0.447870
vn -0.084659 -0.871013 0.483910
vn -0.204786 -0.868274 0.451844
vn -0.294007 -0.846451 0.443937
vn -0.096033 -0.861816 0.498048
vn 0.800686 -0.548677 0.240533
vn 0.701352 -0.703312 0.116011
vn 0.630049 -0.774093 0.061799
vn 0.633957 -0.435196 0.639298
vn 0.568451 -0.572604 0.590752
vn 0.621937 -0.557205 0.550197
vn 0.673735 -0.587451 0.448310
vn 0.097060 -0.860699 0.499777
vn 0.095351 -0.868965 0.485601
vn 0.098848 -0.857308 0.505225
vn 0.486702 -0.667739 0.563246
vn 0.480886 -0.591770 0.646960
vn 0.423704 -0.684481 0.593262
vn 0.438026 -0.630109 0.641168
vn 0.314290 -0.768072 0.557931
vn 0.401262 -0.901917 0.159797
vn -0.359291 -0.904646 0.229184
vn 0.265978 -0.963455 0.031783
vn 0.542620 -0.839369 0.032010
vn 0.715500 -0.630361 0.301172
vn 0.614689 -0.753129 0.234424
vn 0.560471 -0.665886 0.492412
vn 0.613654 -0.709024 0.347439
vn 0.547347 -0.723248 0.421097
vn 0.633911 -0.630185 0.448356
vn 0.522342 -0.699716 0.487398
vn 0.622436 -0.587978 0.516581
vn 0.461539 -0.743599 0.483780
vn 0.474289 -0.720476 0.505930
vn 0.537479 -0.655886 0.530027
vn 0.499367 -0.612538 0.612723
vn 0.433744 -0.713332 0.550475
vn 0.426839 -0.694777 0.578873
vn 0.304888 -0.948253 -0.088655
vn 0.425491 -0.903753 0.046767
vn -0.210415 -0.867593 0.450564
vn 0.311015 -0.813163 0.491972
vn 0.498024 -0.821386 0.278024
vn 0.469408 -0.809011 0.353777
vn 0.478948 -0.729191 0.488764
vn 0.351476 -0.871088 0.343031
vn 0.383687 -0.797852 0.464991
vn 0.402933 -0.775196 0.486535
vn 0.233612 -0.836112 0.496329
vn 0.526231 -0.724113 0.445804
vn 0.089827 -0.874441 0.476744
vn 0.121297 -0.862111 0.491988
vn 0.231654 -0.852227 0.469091
vn 0.235031 -0.837087 0.494010
vn 0.367815 -0.778794 0.508125
vn 0.055005 -0.877423 0.476554
vn -0.224167 -0.887439 0.402741
vn 0.178296 -0.854427 0.488022
vn 0.951755 0.093998 0.292107
vn 0.932843 0.069462 0.353522
vn 0.976590 0.142188 0.161415
vn 0.985794 0.127359 0.109496
vn 0.980778 0.187948 0.052448
vn 0.988143 0.153408 0.006344
vn 0.994085 0.013206 -0.107801
vn 0.934315 -0.223391 -0.277762
vn 0.871871 -0.425221 -0.242958
vn 0.479306 -0.823454 -0.303628
vn 0.400581 -0.871627 -0.282492
vn 0.182845 -0.956666 -0.226625
vn 0.002669 -0.997119 -0.075808
vn -0.574787 -0.814817 0.075455
vn -0.752444 -0.539266 0.378180
vn -0.724938 -0.560180 0.400828
vn -0.621888 -0.661539 0.419072
vn -0.378275 -0.818631 0.432147
vn -0.109202 -0.879195 0.463779
vn -0.107227 -0.875559 0.471061
vn -0.028302 -0.887014 0.460874
vn 0.002151 -0.874099 0.485743
vn 0.069792 -0.861932 0.502197
vn 0.205826 -0.831735 0.515609
vn 0.241466 -0.810371 0.533848
vn 0.814172 -0.125639 0.566867
vn -0.495648 -0.746028 0.444719
vn 0.987382 0.103416 0.119922
vn -0.711594 -0.590418 0.380841
vn 0.019688 -0.878270 0.477759
vn 0.044368 -0.861932 0.505079
vn 0.956381 -0.254036 -0.144224
vn 0.476069 -0.601276 0.641736
vn 0.560810 -0.501951 0.658435
vn 0.996916 -0.026454 0.073878
vn 0.905674 -0.399358 -0.142366
vn 0.844660 -0.529247 -0.080294
vn 0.191278 -0.831705 0.521228
vn -0.102861 -0.882753 0.458440
vn -0.108152 -0.976473 0.186559
vn 0.285482 -0.780892 0.555615
vn 0.239097 -0.810215 0.535149
vn 0.958426 0.073893 0.275607
vn 0.364731 -0.721609 0.588432
vn 0.874132 -0.082214 0.478679
vn -0.343571 -0.802909 0.487130
vn 0.972339 -0.074567 0.221352
vn 0.016527 -0.943750 0.330248
vn 0.354901 -0.733527 0.579641
vn 0.869065 -0.101723 0.484127
vn 0.613388 -0.446700 0.651317
vn 0.409419 -0.677547 0.610988
vn 0.783822 -0.605355 0.138450
vn -0.005099 -0.868196 0.496195
vn 0.227505 -0.812660 0.536493
vn 0.372497 -0.898724 0.231387
vn 0.145957 -0.842685 0.518246
vn -0.191788 -0.857983 0.476533
vn -0.296309 -0.823083 0.484495
vn 0.827181 -0.170441 0.535464
vn 0.376771 -0.696614 0.610551
vn -0.108299 -0.866502 0.487283
vn 0.872093 -0.454822 0.180532
vn 0.748578 -0.276545 0.602622
vn 0.027510 -0.862829 0.504747
vn 0.580706 -0.724386 0.371544
vn 0.882631 -0.314936 0.348968
vn 0.224549 -0.812058 0.538646
vn 0.656542 -0.387241 0.647299
vn 0.843436 -0.364333 0.394813
vn 0.767839 -0.208931 0.605616
vn 0.524987 -0.562436 0.638792
vn 0.274888 -0.814981 0.510140
vn 0.601344 -0.646571 0.469394
vn 0.816092 -0.248930 0.521562
vn 0.589772 -0.516656 0.620673
vn 0.541713 -0.680182 0.493863
vn 0.721520 -0.251910 0.644941
vn 0.736675 -0.341410 0.583737
vn 0.302724 -0.819902 0.485920
vn 0.274083 -0.836695 0.474152
vn 0.584286 -0.644512 0.493167
vn 0.344330 -0.809237 0.475996
vn 0.687139 -0.452866 0.568112
vn -0.057944 -0.839096 0.540889
vn 0.021573 -0.866303 0.499052
vn 0.070155 -0.876533 0.476203
vn 0.066006 -0.888112 0.454863
vn 0.016937 -0.893682 0.448382
vn 0.076929 -0.870861 0.485472
vn 0.124631 -0.854061 0.505022
vn 0.132180 -0.858965 0.494680
vn 0.149728 -0.867648 0.474097
vn 0.148957 -0.879402 0.452177
vn 0.143910 -0.892500 0.427473
vn 0.134689 -0.895423 0.424355
vn 0.115779 -0.887630 0.445768
vn 0.084900 -0.881834 0.463854
vn 0.015227 -0.884288 0.466693
vn -0.007450 -0.917750 0.397089
vn -0.033658 -0.916806 0.397913
vn -0.138360 -0.888286 0.437956
vn -0.315492 -0.792076 0.522571
vn -0.542754 -0.654234 0.526684
vn -0.650410 -0.554990 0.518607
vn -0.698807 -0.463712 0.544647
vn -0.743830 -0.403951 0.532485
vn -0.773457 -0.366956 0.516824
vn -0.809073 -0.316338 0.495309
vn -0.849151 -0.269192 0.454398
vn -0.905043 -0.183514 0.383693
vn -0.953963 -0.042149 0.296948
vn -0.971782 0.043100 0.231910
vn -0.980934 0.091575 0.171415
vn -0.981279 0.138205 0.134132
vn -0.979287 0.184513 0.083374
vn -0.978792 0.198798 0.049461
vn -0.984996 0.172559 -0.002397
vn -0.977181 0.208875 -0.038576
vn -0.955342 0.295284 -0.011308
vn -0.950593 0.308959 0.030277
vn -0.967783 0.235677 0.088616
vn -0.974581 0.153377 0.163304
vn -0.975678 0.089355 0.200172
vn -0.975830 -0.001058 0.218527
vn -0.959407 -0.075204 0.271813
vn -0.950938 -0.090706 0.295786
vn -0.939834 -0.134710 0.313950
vn -0.914546 -0.204850 0.348773
vn -0.907598 -0.223696 0.355283
vn -0.845701 -0.322167 0.425439
vn -0.768682 -0.447557 0.456969
vn -0.634237 -0.574217 0.517704
vn -0.376104 -0.676971 0.632658
vn -0.202680 -0.712064 0.672225
vn -0.153515 -0.749478 0.643984
vn -0.105160 -0.787495 0.607283
vn -0.958223 -0.059458 0.279773
vn -0.980947 0.154751 0.117450
vn 0.047044 -0.877175 0.477861
vn -0.533127 -0.633526 0.560733
vn -0.096324 -0.885081 0.455361
vn -0.111008 -0.908799 0.402196
vn -0.896086 -0.233442 0.377537
vn -0.315985 -0.744748 0.587795
vn -0.979365 0.191769 0.063795
vn -0.966183 0.250943 0.059319
vn -0.975427 0.034511 0.217602
vn 0.050208 -0.878536 0.475031
vn -0.035680 -0.914558 0.402877
vn -0.027473 -0.872859 0.487198
vn -0.049766 -0.864971 0.499348
vn 0.024195 -0.873736 0.485798
vn 0.083042 -0.887964 0.452353
vn 0.069531 -0.892939 0.444775
vn 0.113321 -0.894785 0.431877
vn 0.124310 -0.888405 0.441909
vn 0.039289 -0.876950 0.478973
vn -0.035607 -0.867598 0.495990
vn 0.090372 -0.875351 0.474966
vn 0.138791 -0.876069 0.461780
vn -0.077793 -0.851273 0.518925
vn -0.126217 -0.847074 0.516271
vn -0.325599 -0.812415 0.483702
vn -0.933550 -0.165276 0.318069
vn -0.941328 -0.141234 0.306519
vn -0.536750 -0.547573 0.641922
vn -0.830901 -0.359443 0.424741
vn -0.259964 -0.750932 0.607059
vn -0.979614 0.200877 0.002079
vn -0.976398 0.211779 0.042382
vn -0.983843 0.134266 0.118429
vn -0.969360 0.233836 0.075250
vn -0.968362 0.248884 -0.018200
vn -0.980185 0.162135 0.113798
vn -0.978571 0.045527 0.200814
vn 0.047538 -0.892575 0.448386
vn 0.031323 -0.873222 0.486315
vn 0.128658 -0.863269 0.488072
vn 0.120590 -0.875075 0.468723
vn 0.036854 -0.884664 0.464771
vn 0.067543 -0.874722 0.479895
vn 0.031098 -0.873734 0.485409
vn 0.037354 -0.888133 0.458066
vn -0.663734 -0.510379 0.546781
vn -0.697934 -0.456935 0.551451
vn -0.029674 -0.866576 0.498163
vn -0.140601 -0.838798 0.525975
vn 0.001711 -0.872581 0.488466
vn -0.150810 -0.832404 0.533254
vn -0.253769 -0.815898 0.519531
vn -0.920882 -0.195809 0.337099
vn -0.612819 -0.565420 0.552045
vn -0.800376 -0.387323 0.457579
vn -0.670357 -0.494131 0.553586
vn -0.952316 -0.053118 0.300454
vn -0.916812 -0.157035 0.367147
vn -0.976880 0.036391 0.210670
vn -0.981046 0.159735 0.109698
vn -0.977188 0.169980 0.127319
vn -0.977658 0.185029 0.099749
vn -0.979493 0.152755 0.131378
vn -0.977832 0.059011 0.200902
vn -0.031538 -0.870545 0.491077
vn -0.028195 -0.864447 0.501932
vn -0.231565 -0.803386 0.548588
vn -0.113099 -0.850817 0.513147
vn -0.201982 -0.821610 0.533067
vn -0.169888 -0.828892 0.532988
vn 0.059694 -0.876224 0.478192
vn 0.041676 -0.880963 0.471347
vn -0.015147 -0.876785 0.480644
vn -0.637130 -0.530450 0.559185
vn -0.476265 -0.693193 0.540977
vn -0.568787 -0.617021 0.543844
vn -0.359168 -0.758051 0.544386
vn -0.217062 -0.870604 0.441512
vn -0.784363 -0.353901 0.509439
vn -0.819354 -0.305975 0.484807
vn -0.741529 -0.385672 0.548991
vn -0.042403 -0.868062 0.494641
vn -0.344761 -0.763951 0.545454
vn -0.273181 -0.798297 0.536743
vn -0.897535 -0.240002 0.369904
vn -0.728679 -0.460870 0.506583
vn -0.653490 -0.506564 0.562445
vn -0.480431 -0.647975 0.591028
vn -0.358180 -0.719566 0.594922
vn -0.795352 -0.349641 0.495143
vn -0.159050 -0.776993 0.609085
vn -0.190918 -0.791619 0.580422
vn -0.954237 -0.062706 0.292404
vn -0.974455 0.023412 0.223361
vn -0.969069 -0.010695 0.246556
vn -0.976458 0.021508 0.214633
vn -0.902702 -0.189243 0.386415
vn -0.890944 -0.216464 0.399201
vn -0.867789 -0.250479 0.429188
vn -0.953877 -0.104126 0.281560
vn -0.973135 -0.020415 0.229327
vn -0.980478 0.068827 0.184190
vn -0.004863 -0.870968 0.491316
vn -0.075058 -0.858896 0.506620
vn -0.136366 -0.812783 0.566382
vn -0.693527 -0.444139 0.567240
vn -0.600445 -0.560104 0.570744
vn -0.787997 -0.345108 0.509864
vn -0.560005 -0.585312 0.586349
vn -0.982978 0.096913 0.156082
vn -0.967366 -0.073276 0.242556
vn -0.412481 -0.738723 0.533055
vn -0.468558 -0.689582 0.552205
vn -0.797429 -0.338233 0.499705
vn -0.301041 -0.777076 0.552745
vn -0.154732 -0.838563 0.522370
vn 0.020869 -0.878108 0.478008
vn -0.777384 -0.349052 0.523295
vn -0.335822 -0.746549 0.574359
vn -0.430760 -0.695042 0.575641
vn -0.421190 -0.697807 0.579366
vn -0.528836 -0.612947 0.587051
vn -0.458899 -0.686603 0.563905
vn -0.451019 -0.723822 0.522172
vn -0.151114 -0.837341 0.525380
vn 0.013231 -0.881839 0.471364
vn -0.958584 -0.100981 0.266309
vn -0.948524 -0.119637 0.293238
vn -0.910682 -0.192991 0.365257
vn -0.938512 -0.147207 0.312292
vn -0.912632 -0.186641 0.363688
vn -0.828638 -0.321246 0.458433
vn -0.823175 -0.326546 0.464490
vn -0.932539 -0.147139 0.329729
vn -0.961002 -0.040084 0.273622
vn -0.631350 -0.547403 0.549316
vn -0.535888 -0.634186 0.557344
vn -0.504048 -0.673290 0.540940
vn -0.489487 -0.686577 0.537601
vn -0.720854 -0.453747 0.523911
vn -0.614102 -0.570514 0.545338
vn -0.571020 -0.603694 0.556318
vn -0.662494 -0.514207 0.544695
vn -0.820484 -0.308355 0.481376
vn -0.865078 -0.236950 0.442148
vn -0.757876 -0.387997 0.524483
vn -0.924773 -0.151739 0.348956
vn -0.899464 -0.201711 0.387656
vn -0.776274 -0.363501 0.515040
vn -0.380523 -0.735061 0.561149
vn -0.863477 -0.253670 0.435958
vn -0.948728 -0.094984 0.301485
vn -0.940069 -0.122196 0.318338
vn -0.974924 0.035599 0.219672
vn -0.821454 -0.303567 0.482763
vn -0.874410 -0.243688 0.419551
vn -0.979575 0.084090 0.182653
vn -0.967507 -0.024814 0.251622
vn -0.091799 -0.845978 0.525256
vn -0.006409 -0.860405 0.509571
vn -0.192311 -0.748183 0.635010
vn 0.035354 -0.880212 0.473261
vn 0.027063 -0.892699 0.449841
vn 0.106150 -0.860120 0.498924
vn 0.142068 -0.868464 0.474960
vn -0.016856 -0.903083 0.429135
vn -0.173334 -0.866224 0.468626
vn -0.492971 -0.699636 0.517193
vn -0.618021 -0.576128 0.534908
vn -0.716631 -0.443125 0.538590
vn -0.758961 -0.387982 0.522923
vn -0.862450 -0.250990 0.439528
vn -0.969835 0.007079 0.243659
vn -0.980013 0.089143 0.177845
vn -0.980575 0.179805 0.078375
vn -0.954603 0.297825 0.005816
vn -0.945776 0.322826 0.035920
vn -0.981435 0.099497 0.163965
vn -0.977415 0.097239 0.187629
vn -0.967711 -0.053628 0.246291
vn -0.972913 -0.035860 0.228372
vn -0.950798 -0.110604 0.289395
vn -0.884672 -0.271150 0.379254
vn -0.721912 -0.461587 0.515539
vn -0.337602 -0.671417 0.659715
vn -0.198531 -0.717241 0.667945
vn 0.081535 -0.878962 0.469869
vn 0.042658 -0.879440 0.474095
vn -0.981078 0.094822 0.168804
vn -0.980006 0.061761 0.189142
vn -0.981219 0.071474 0.179164
vn -0.962172 -0.083171 0.259435
vn -0.970630 -0.046950 0.235951
vn -0.299707 -0.683726 0.665353
vn -0.039316 -0.862530 0.504476
vn 0.015034 -0.880986 0.472903
vn 0.089601 -0.879265 0.467830
vn 0.100486 -0.870251 0.482251
vn -0.391226 -0.758250 0.521535
vn -0.970456 0.238911 0.033700
vn -0.746513 -0.394406 0.535876
vn -0.930714 -0.163568 0.327136
vn -0.912893 -0.207479 0.351538
vn -0.829291 -0.298136 0.472644
vn -0.164244 -0.849194 0.501890
vn -0.979881 0.083934 0.181076
vn -0.244428 -0.823974 0.511197
vn 0.010114 -0.878109 0.478355
vn -0.977710 0.011520 0.209645
vn -0.971594 0.022709 0.235560
vn 0.066114 -0.876717 0.476441
vn -0.937280 -0.115231 0.328979
vn -0.852787 -0.268170 0.448151
vn -0.625887 -0.538691 0.563984
vn -0.570309 -0.612585 0.547253
vn -0.596237 -0.575175 0.560066
vn -0.477050 -0.636526 0.606019
vn -0.262003 -0.783801 0.563036
vn -0.961547 -0.081420 0.262294
vn -0.962658 -0.073533 0.260541
vn -0.981891 0.086656 0.168466
vn 0.016344 -0.874487 0.484773
vn 0.013898 -0.882553 0.470008
vn -0.924225 -0.172268 0.340781
vn -0.981500 0.124001 0.145883
vn -0.875014 -0.275743 0.397891
vn -0.811205 -0.320238 0.489279
vn -0.181992 -0.824847 0.535263
vn -0.957874 -0.076836 0.276719
vn -0.724057 -0.412948 0.552464
vn -0.019208 -0.869725 0.493163
vn -0.045643 -0.861662 0.505425
vn -0.892487 -0.227711 0.389378
vn -0.906126 -0.185380 0.380223
vn -0.976854 0.046444 0.208805
vn -0.053650 -0.865566 0.497913
vn -0.698438 -0.475850 0.534558
vn -0.800223 -0.329297 0.501205
vn -0.299198 -0.782038 0.546715
vn -0.888444 -0.214585 0.405734
vn -0.041997 -0.870623 0.490156
vn -0.012379 -0.868807 0.494996
vn -0.650731 -0.504684 0.567313
vn -0.966519 -0.048457 0.251979
vn -0.775246 -0.353713 0.523336
vn -0.546694 -0.620080 0.562696
vn -0.037970 -0.865736 0.499058
vn -0.835021 -0.291454 0.466685
vn -0.596069 -0.556298 0.578994
vn -0.131425 -0.854076 0.503271
vn -0.042656 -0.862290 0.504615
vn -0.401830 -0.677290 0.616288
vn -0.879870 -0.238565 0.410993
vn -0.915737 -0.185644 0.356318
vn -0.935004 -0.144220 0.323987
vn -0.820795 -0.301871 0.484942
vn -0.695975 -0.452776 0.557326
vn -0.745481 -0.392031 0.539045
vn -0.257577 -0.797546 0.545505
vn -0.883053 -0.223323 0.412727
vn -0.621901 -0.552351 0.555110
vn -0.502010 -0.637245 0.584726
vn -0.686864 -0.480884 0.544948
vn -0.561473 -0.612566 0.556337
vn -0.492099 -0.704269 0.511707
vn -0.763896 0.364394 -0.532616
vn -0.612523 0.519120 -0.596095
vn -0.510294 0.658919 -0.552653
vn -0.570738 0.692037 -0.441977
vn -0.722657 0.651598 -0.230620
vn -0.792010 0.609920 -0.026799
vn -0.838635 0.522902 0.152528
vn -0.853196 0.473313 0.219161
vn -0.854020 0.459376 0.244179
vn -0.856757 0.455553 0.241742
vn -0.861641 0.452505 0.229811
vn -0.871938 0.440092 0.214577
vn -0.889734 0.415606 0.188798
vn -0.916064 0.370397 0.153732
vn -0.996359 0.074307 0.041793
vn -0.920407 -0.376292 -0.106089
vn -0.757201 -0.621706 -0.200318
vn -0.825120 -0.493219 -0.275521
vn -0.933479 -0.134836 -0.332320
vn -0.696270 -0.356568 -0.622950
vn -0.566098 -0.458048 -0.685364
vn -0.534213 -0.391404 -0.749279
vn -0.498572 -0.393835 -0.772218
vn -0.449817 -0.388081 -0.804399
vn -0.389029 -0.400158 -0.829777
vn -0.350954 -0.410256 -0.841737
vn -0.348152 -0.365428 -0.863280
vn -0.350234 -0.263623 -0.898799
vn -0.334839 -0.145481 -0.930977
vn -0.314560 -0.097909 -0.944175
vn -0.246701 -0.059811 -0.967244
vn -0.169821 -0.046605 -0.984372
vn -0.013092 -0.158910 -0.987206
vn 0.003491 -0.175792 -0.984421
vn -0.123381 0.043016 -0.991427
vn -0.394498 0.890963 -0.224846
vn -0.205414 0.978570 0.014317
vn -0.083151 0.990335 0.111010
vn -0.031845 0.970280 0.239880
vn -0.076506 0.927174 0.366735
vn -0.105352 0.928307 0.356576
vn -0.134651 0.937100 0.322045
vn -0.172233 0.946395 0.273263
vn -0.282471 0.930292 0.234022
vn -0.430842 0.884268 0.180127
vn -0.565724 0.821350 0.073078
vn -0.667985 0.744145 -0.006703
vn -0.661180 0.747232 -0.066970
vn -0.573491 0.815109 -0.081888
vn -0.512102 0.858323 -0.032135
vn -0.497340 0.867556 0.000691
vn -0.654275 0.754744 -0.047815
vn -0.747320 0.661211 -0.065666
vn -0.827653 0.554078 -0.089376
vn -0.928813 0.365905 -0.058472
vn -0.994434 0.082691 -0.065288
vn -0.970326 -0.241794 -0.001901
vn -0.904205 -0.422926 0.059550
vn -0.877335 -0.473260 0.079422
vn -0.917813 -0.393379 0.053600
vn -0.985118 -0.164608 -0.049464
vn -0.934184 0.216531 -0.283575
vn -0.975142 0.208343 -0.075439
vn -0.154307 -0.433812 -0.887692
vn -0.350254 0.899710 0.260471
vn -0.656529 0.248507 -0.712189
vn -0.294127 -0.366384 -0.882752
vn -0.026028 -0.315534 -0.948557
vn -0.125982 0.942604 0.309236
vn -0.089280 0.937371 0.336697
vn -0.936211 -0.349720 0.034730
vn -0.976090 -0.064948 -0.207436
vn -0.360838 -0.382702 -0.850491
vn -0.166663 -0.332550 -0.928242
vn -0.151287 0.936039 0.317715
vn -0.229224 0.934234 0.273246
vn -0.971013 0.135622 -0.196824
vn -0.667350 -0.333271 -0.666014
vn -0.853781 -0.437647 -0.281999
vn -0.965100 -0.261882 0.000304
vn -0.924342 -0.379388 0.040706
vn -0.754372 0.652340 -0.073309
vn -0.298864 -0.202531 -0.932557
vn -0.074217 -0.164608 -0.983563
vn -0.126349 -0.169928 -0.977323
vn -0.187632 0.952875 0.238379
vn -0.610269 -0.350251 -0.710561
vn -0.996567 -0.076599 -0.031416
vn -0.983921 0.169262 -0.057017
vn -0.890351 -0.452460 0.050551
vn -0.580930 0.811623 -0.061556
vn -0.637217 0.769417 -0.044186
vn -0.718396 0.693864 -0.049600
vn -0.074187 0.980913 0.179736
vn -0.875325 -0.482037 0.038036
vn -0.533816 0.843624 -0.057787
vn -0.350384 0.904389 0.243539
vn -0.905637 -0.421798 0.043677
vn -0.319203 0.926780 0.197959
vn -0.339890 0.932271 0.123880
vn -0.830423 0.538762 -0.141888
vn -0.906668 0.384049 0.174528
vn -0.446418 0.875898 0.183069
vn -0.972085 -0.233104 -0.026694
vn -0.186285 -0.430746 -0.883038
vn -0.550763 0.117206 -0.826391
vn -0.249389 -0.373066 -0.893659
vn -0.155127 -0.269261 -0.950491
vn -0.338788 -0.313965 -0.886932
vn -0.645900 0.753147 0.124828
vn -0.845605 0.528640 -0.074112
vn -0.608204 0.792978 -0.035699
vn -0.636384 0.771088 0.020944
vn -0.673207 0.739316 -0.014332
vn -0.956272 -0.246343 -0.157670
vn -0.380008 0.887783 0.259682
vn -0.428286 0.875366 0.224289
vn -0.568694 0.804155 -0.172980
vn -0.860128 0.465685 0.208127
vn -0.874839 0.479065 -0.071792
vn -0.917673 -0.341485 -0.203138
vn -0.888249 -0.458872 0.021232
vn -0.417155 -0.323034 -0.849488
vn -0.204196 0.866657 0.455202
vn -0.546709 -0.255361 -0.797433
vn -0.506279 -0.339406 -0.792770
vn -0.978128 -0.207626 0.012500
vn -0.957580 -0.286960 0.026370
vn -0.701097 0.710922 -0.055246
vn -0.558992 0.821235 0.114464
vn -0.506297 0.840079 0.194758
vn -0.375335 0.914457 0.151300
vn -0.365872 0.915903 0.165101
vn -0.211323 0.968851 0.129114
vn -0.648473 0.676130 -0.349759
vn -0.813233 0.581126 0.030724
vn -0.849548 0.477833 0.223479
vn -0.901397 0.395166 0.176997
vn -0.970497 0.227620 0.079526
vn -0.879692 0.432068 0.198642
vn -0.939117 -0.130507 -0.317849
vn -0.887381 -0.402799 -0.224297
vn -0.957668 -0.046486 -0.284096
vn -0.803445 -0.468066 -0.367955
vn -0.839255 -0.417177 -0.348733
vn -0.859662 -0.410848 -0.303621
vn -0.816549 0.423928 -0.391832
vn -0.698405 0.475949 -0.534511
vn -0.995032 -0.078197 -0.061623
vn -0.640219 0.580550 -0.503072
vn -0.705154 0.280444 -0.651236
vn -0.714230 0.599333 -0.361490
vn -0.925519 -0.378213 -0.019219
vn -0.916707 -0.398765 0.025204
vn -0.997748 -0.060192 -0.029609
vn -0.925563 0.359898 -0.117502
vn -0.804467 0.583189 -0.112800
vn -0.577864 0.815530 -0.031368
vn -0.565809 0.824517 0.005717
vn -0.841216 0.516929 0.158556
vn -0.791454 0.598490 -0.124137
vn -0.853914 0.462646 0.238306
vn -0.855585 0.465202 0.227073
vn -0.845889 0.510061 0.155913
vn -0.839805 0.540926 0.046102
vn -0.861859 0.453883 0.226250
vn -0.880927 0.431087 0.195273
vn -0.872023 0.443402 0.207293
vn -0.987022 -0.107816 -0.119009
vn -0.034483 0.877577 0.478195
vn -0.558930 0.829212 -0.002170
vn -0.428391 0.845071 0.319900
vn -0.726574 0.173590 -0.664799
vn -0.158025 0.883476 0.441019
vn -0.848985 -0.499990 -0.170978
vn -0.932505 -0.360999 0.010667
vn -0.598583 0.622391 -0.504309
vn -0.694511 0.655812 -0.295913
vn -0.551607 0.612878 -0.565783
vn -0.674587 0.631407 -0.382436
vn -0.811204 0.579391 -0.079090
vn -0.597542 0.605259 -0.525932
vn -0.860259 0.508045 0.042952
vn -0.867591 0.484377 0.112541
vn -0.993219 -0.109530 -0.038982
vn -0.861803 0.484503 0.150175
vn -0.910002 -0.414567 0.005628
vn -0.899171 -0.434025 0.055793
vn -0.997512 0.061064 -0.035230
vn -0.565991 0.823677 0.034792
vn -0.906587 0.391333 0.157982
vn -0.900307 0.394988 0.182846
vn -0.995597 -0.035522 -0.086743
vn -0.966095 0.247285 0.074233
vn -0.982823 0.180738 0.037326
vn -0.898156 0.411407 0.155113
vn -0.930894 0.335069 0.145483
vn -0.932838 -0.349587 -0.087188
vn -0.956698 0.280689 0.077091
vn -0.855272 -0.517822 -0.019224
vn -0.984120 -0.115531 -0.134757
vn -0.944901 -0.317267 -0.080646
vn -0.843940 -0.497396 -0.200902
vn -0.765702 0.636527 -0.092375
vn -0.947623 0.312526 -0.065864
vn -0.846977 0.526511 -0.073596
vn -0.966305 -0.169262 -0.193919
vn -0.882278 -0.423409 -0.205692
vn -0.962503 0.269706 -0.029100
vn -0.916038 -0.365491 -0.165198
vn -0.997183 0.032466 -0.067615
vn -0.769433 0.633454 0.081906
vn -0.984956 0.125215 -0.119089
vn -0.947489 0.300345 -0.109807
vn -0.895242 -0.427390 -0.126013
vn -0.946831 0.321317 0.016307
vn -0.803847 0.589462 -0.079778
vn -0.251038 0.822806 0.509873
vn -0.623204 0.782052 0.003389
vn -0.630863 0.775552 -0.023049
vn -0.542712 0.838693 0.045374
vn -0.552169 0.833431 0.022393
vn -0.545228 0.838286 -0.001876
vn -0.570787 0.820544 -0.030149
vn -0.970589 0.077983 -0.227762
vn -0.833665 -0.551530 -0.028592
vn -0.996228 -0.015260 -0.085426
vn -0.992263 0.038598 -0.118001
vn -0.912710 0.406229 -0.044019
vn -0.891745 0.450211 -0.045834
vn -0.770772 0.636749 -0.021488
vn -0.587516 0.808671 0.029603
vn -0.591574 0.806119 0.014562
vn -0.566491 0.823724 0.023805
vn -0.551357 0.833182 0.042584
vn -0.537753 0.842500 0.031875
vn -0.601863 0.792322 0.099937
vn -0.547560 0.836280 0.028534
vn -0.572517 0.819791 0.012912
vn -0.572078 0.818146 0.058001
vn -0.977253 0.189242 -0.095725
vn -0.594552 0.789217 0.153766
vn -0.095360 0.789732 0.605995
vn -0.766561 0.627355 0.137149
vn -0.916705 0.399554 0.002901
vn -0.503329 0.834145 0.225525
vn -0.560086 0.827602 0.037138
vn -0.558833 0.826725 0.065045
vn -0.545030 0.825418 0.147062
vn -0.428491 0.830447 0.356024
vn -0.508110 0.850234 0.137573
vn -0.529329 0.847604 0.037129
vn -0.320978 0.825393 0.464434
vn -0.276462 0.726456 0.629151
vn -0.549959 0.832409 0.068122
vn -0.471594 0.871565 0.134066
vn -0.449815 0.870995 0.197573
vn -0.491953 0.867362 0.075266
vn -0.438683 0.897297 0.049145
vn -0.506403 0.856057 0.103549
vn -0.594825 0.287488 -0.750689
vn -0.467826 0.699965 0.539618
vn -0.417624 0.103165 -0.902744
vn -0.369427 0.897679 0.240198
vn -0.639840 0.739909 0.207702
vn -0.254594 0.679931 0.687660
vn -0.242632 0.749723 0.615667
vn -0.295550 0.742770 0.600785
vn -0.644197 0.764580 -0.020696
vn -0.504358 0.844062 -0.182161
vn -0.423098 0.898403 0.117725
vn -0.931249 0.346916 -0.111467
vn -0.918734 0.394854 0.004262
vn -0.596749 0.765272 0.241349
vn -0.597639 0.801552 0.018474
vn -0.676861 0.735046 -0.039580
vn -0.881953 0.220481 -0.416590
vn -0.929563 -0.368639 0.004139
vn -0.885311 -0.460474 0.064719
vn -0.876161 -0.476464 0.072963
vn -0.627306 0.584006 -0.515193
vn -0.540065 0.652686 -0.531349
vn -0.472087 0.703485 -0.531265
vn -0.755155 0.634370 -0.165273
vn -0.850687 0.481830 0.210169
vn -0.852847 0.462420 0.242527
vn -0.939649 0.313573 0.136861
vn -0.999859 -0.016788 -0.000663
vn -0.813629 -0.551406 -0.184281
vn -0.929921 -0.010833 -0.367600
vn -0.874842 0.034169 -0.483201
vn -0.559638 -0.333749 -0.758562
vn -0.458044 -0.336892 -0.822617
vn -0.346544 -0.381013 -0.857168
vn -0.354255 -0.344411 -0.869416
vn -0.341891 -0.229041 -0.911401
vn -0.224836 -0.133047 -0.965270
vn 0.027871 -0.221924 -0.974666
vn -0.059782 -0.111611 -0.991952
vn -0.290207 0.097880 -0.951945
vn -0.031513 0.960515 0.276438
vn -0.076874 0.929433 0.360895
vn -0.106869 0.934215 0.340324
vn -0.338205 0.911738 0.233134
vn -0.566411 0.821336 0.067719
vn -0.463525 0.869665 0.169786
vn -0.642338 0.764758 -0.050481
vn -0.505034 0.863087 -0.004668
vn -0.589030 0.808100 -0.004232
vn -0.866229 0.494007 -0.074869
vn -0.797129 0.600645 -0.061736
vn -0.959143 0.276325 -0.060733
vn -0.997635 0.040955 -0.055191
vn -0.426704 0.808184 0.405909
vn -0.855257 0.236420 -0.461130
vn -0.544008 0.659505 -0.518757
vn -0.804363 0.451641 -0.386033
vn -0.315375 -0.434060 -0.843878
vn -0.318931 -0.410707 -0.854168
vn -0.361236 0.899738 0.244910
vn -0.260613 0.925111 0.276136
vn -0.232648 0.930016 0.284510
vn -0.620164 0.784249 -0.018692
vn -0.551261 0.833406 -0.039327
vn -0.538067 0.842099 -0.036789
vn -0.888235 0.450576 -0.089550
vn -0.052990 -0.255495 -0.965357
vn -0.370507 0.080701 -0.925317
vn -0.654802 0.752509 0.070460
vn -0.972259 0.221721 -0.074517
vn -0.664025 -0.130569 -0.736222
vn -0.597046 -0.159680 -0.786154
vn -0.868227 -0.491415 0.068506
vn -0.900386 -0.434687 0.018787
vn -0.942825 -0.333045 0.012748
vn -0.830619 0.554831 0.047270
vn -0.404196 -0.250590 -0.879676
vn -0.305624 0.913382 0.268936
vn -0.497751 -0.173886 -0.849710
vn -0.386260 0.854993 0.346108
vn -0.849888 0.483610 0.209311
vn -0.671777 0.572496 -0.470068
vn -0.718845 0.624631 -0.305121
vn -0.977783 0.068807 -0.198006
vn -0.778575 0.266098 -0.568343
vn -0.734862 0.654740 0.176899
vn -0.986896 0.157369 -0.035659
vn -0.357131 0.914165 0.191730
vn -0.373433 0.919258 0.124549
vn -0.868767 -0.400538 -0.291226
vn -0.855085 0.490470 0.168133
vn -0.594483 0.804034 0.010882
vn -0.064931 -0.468326 -0.881167
vn -0.089578 -0.362876 -0.927522
vn -0.990064 0.125485 -0.063451
vn -0.901274 0.428032 -0.067042
vn -0.659453 0.024822 -0.751336
vn -0.540602 0.826304 0.158025
vn -0.949867 0.297050 0.097537
vn -0.846995 0.526028 0.076770
vn -0.802202 0.586117 -0.113747
vn -0.972649 0.226961 -0.049419
vn -0.577922 0.812911 0.071985
vn -0.892975 0.413676 0.177391
vn -0.377432 0.687664 0.620212
vn -0.950274 0.182456 -0.252366
vn -0.676883 0.584149 -0.447883
vn -0.384421 0.917857 0.098789
vn -0.593151 0.805089 -0.001858
vn -0.853257 -0.426646 -0.299876
vn -0.862277 -0.402309 -0.307612
vn -0.397505 0.880016 0.259926
vn -0.585451 0.764279 0.270417
vn -0.392323 0.892288 0.223394
vn -0.400842 0.900531 0.168432
vn -0.194861 -0.326459 -0.924908
vn -0.316556 -0.139124 -0.938316
vn -0.972597 -0.232398 -0.006828
vn -0.438978 0.868761 0.229243
vn -0.555253 0.831438 0.020151
vn -0.878388 0.441884 0.182135
vn -0.574669 0.814211 0.082558
vn -0.562301 0.825438 0.049700
vn -0.525709 0.206593 -0.825197
vn -0.581863 0.811462 -0.054446
vn -0.642914 0.758438 -0.106923
vn -0.512132 0.844819 0.154924
vn -0.844365 0.450979 -0.289249
vn -0.333517 0.760018 0.557799
vn -0.203615 0.668460 0.715334
vn -0.868308 0.495147 -0.029501
vn -0.936916 0.311653 0.158304
vn -0.977608 0.184883 0.100500
vn -0.991973 -0.014469 -0.125616
vn 0.041434 0.805792 0.590747
vn -0.535427 0.838905 0.097755
vn -0.541591 0.838265 0.063173
vn -0.912686 0.392131 0.115059
vn -0.927432 0.360363 -0.100040
vn -0.997511 0.062834 -0.031983
vn -0.912190 -0.292775 -0.286691
vn -0.984723 -0.166355 -0.051444
vn -0.780976 0.542702 -0.309113
vn -0.540829 0.840384 0.035477
vn -0.358136 0.773674 0.522654
vn 0.054922 0.709252 0.702812
vn -0.132552 0.867389 0.479653
vn -0.547516 0.835932 0.037998
vn -0.942906 0.194940 -0.270049
vn -0.960689 -0.203300 -0.189067
vn -0.871409 -0.490318 0.015329
vn -0.851026 -0.524915 0.014804
vn -0.603326 0.797489 0.003126
vn -0.603229 0.797415 -0.015579
vn -0.666087 0.744317 -0.048169
vn -0.545814 0.837186 0.034747
vn -0.049713 0.715998 0.696330
vn -0.509968 0.859878 0.023309
vn -0.909725 0.403892 -0.096295
vn -0.593976 0.804472 0.004157
vn -0.099103 0.787296 0.608559
vn -0.470315 0.800505 0.371478
vn -0.967088 0.250861 -0.042535
vn -0.967381 -0.154926 -0.200428
vn -0.878675 -0.477109 -0.017232
vn -0.615247 0.755092 0.226511
vn -0.916634 0.399298 0.018527
vn -0.956756 -0.286471 -0.050512
vn -0.742964 0.669016 -0.020541
vn -0.862280 -0.467082 -0.195724
vn -0.550299 0.834376 0.031420
vn -0.591498 0.779137 0.207545
vn -0.847595 -0.470796 -0.244815
vn -0.564972 0.824126 0.040276
vn -0.535604 0.841135 0.074968
vn -0.970038 -0.191263 -0.149816
vn -0.567200 0.821976 0.051377
vn -0.745426 0.660585 0.089257
vn -0.686086 0.726889 0.030286
vn -0.576962 0.813847 0.069054
vn -0.734973 0.674492 0.069830
vn -0.586916 0.805528 0.081574
vn -0.077613 -0.269181 -0.959957
vn -0.151746 -0.228053 -0.961751
vn -0.175175 -0.169796 -0.969785
vn -0.214809 -0.049070 -0.975423
vn -0.203160 0.061116 -0.977236
vn -0.179585 0.157325 -0.971081
vn -0.184565 0.267622 -0.945682
vn -0.143988 0.343841 -0.927923
vn -0.154521 0.417301 -0.895535
vn -0.148373 0.458499 -0.876221
vn -0.179214 0.466625 -0.866108
vn -0.217293 0.488894 -0.844847
vn -0.216827 0.515226 -0.829174
vn -0.190108 0.514576 -0.836104
vn -0.179527 0.463890 -0.867512
vn -0.199460 0.402557 -0.893400
vn -0.258561 0.372087 -0.891458
vn -0.262138 0.389697 -0.882848
vn -0.245849 0.360788 -0.899661
vn 0.504615 0.429692 -0.748818
vn 0.972919 0.231148 -0.000217
vn 0.774264 0.626227 -0.091404
vn 0.537711 0.842145 0.040721
vn 0.428235 0.892618 0.140885
vn 0.361480 0.913047 0.188884
vn 0.296692 0.940137 0.167678
vn 0.236604 0.966801 0.096513
vn 0.125776 0.990220 0.060372
vn 0.004210 0.998937 0.045899
vn -0.106379 0.994312 0.005130
vn -0.237984 0.971080 0.019149
vn -0.324563 0.944269 0.054904
vn -0.391450 0.913426 0.111446
vn -0.437767 0.883446 0.166982
vn -0.568088 0.809090 0.150500
vn -0.692787 0.702240 0.164027
vn -0.747244 0.569785 0.342011
vn -0.880164 0.395192 0.262937
vn -0.941795 0.308246 0.134189
vn -0.941986 0.145574 -0.302441
vn -0.791669 -0.123052 -0.598431
vn -0.652598 -0.426481 -0.626282
vn -0.637534 -0.505594 -0.581314
vn -0.673779 -0.439713 -0.593864
vn -0.661843 -0.359052 -0.658062
vn -0.652148 -0.261942 -0.711399
vn -0.648215 -0.143451 -0.747823
vn -0.596682 -0.060490 -0.800195
vn -0.547916 0.030107 -0.835992
vn -0.515393 0.078085 -0.853389
vn -0.467238 0.132162 -0.874198
vn -0.382914 0.174522 -0.907149
vn -0.313553 0.214331 -0.925066
vn -0.232022 0.232860 -0.944427
vn 0.014798 0.104991 -0.994363
vn 0.126589 -0.032380 -0.991427
vn 0.134942 -0.099682 -0.985827
vn 0.147175 -0.141546 -0.978930
vn 0.147147 -0.195383 -0.969625
vn 0.141204 -0.226579 -0.963703
vn 0.132361 -0.250584 -0.959004
vn 0.126670 -0.266057 -0.955598
vn 0.112991 -0.278063 -0.953894
vn 0.089082 -0.287125 -0.953742
vn 0.072711 -0.294800 -0.952789
vn 0.041874 -0.298983 -0.953339
vn 0.000823 -0.297447 -0.954738
vn -0.027002 -0.291079 -0.956318
vn -0.398969 0.773502 -0.492462
vn -0.014192 0.173227 -0.984780
vn 0.160404 -0.099831 -0.981990
vn 0.133138 -0.224189 -0.965408
vn 0.161474 0.011501 -0.986810
vn 0.120286 -0.253922 -0.959716
vn 0.144980 -0.045374 -0.988394
vn 0.115479 -0.269441 -0.956068
vn 0.126226 -0.267169 -0.955347
vn 0.139868 -0.222817 -0.964774
vn 0.101762 -0.244608 -0.964267
vn 0.136553 -0.171022 -0.975759
vn 0.154280 -0.190246 -0.969538
vn 0.080637 0.359310 -0.929728
vn -0.132267 0.595284 -0.792555
vn -0.673985 0.670378 -0.310383
vn -0.053264 0.188112 -0.980702
vn 0.161421 -0.077313 -0.983853
vn 0.175411 0.088651 -0.980496
vn 0.119202 -0.203834 -0.971721
vn 0.005000 0.108386 -0.994096
vn 0.134765 0.065610 -0.988703
vn 0.119166 -0.157609 -0.980285
vn -0.235059 0.371709 -0.898098
vn 0.724770 0.602716 -0.333829
vn -0.049032 0.400266 -0.915086
vn 0.062165 0.706597 -0.704880
vn -0.626365 0.740986 -0.242090
vn -0.378694 0.277313 -0.882999
vn -0.277287 0.099227 -0.955649
vn -0.090967 0.262899 -0.960526
vn 0.099790 0.122083 -0.987491
vn -0.089991 0.185517 -0.978512
vn -0.254578 0.186242 -0.948949
vn 0.157971 0.181624 -0.970597
vn 0.062730 0.184694 -0.980792
vn -0.081652 0.191978 -0.977997
vn 0.175224 0.202450 -0.963489
vn 0.070289 -0.006534 -0.997505
vn 0.104499 -0.168799 -0.980095
vn 0.047817 -0.091874 -0.994622
vn 0.163513 -0.005444 -0.986526
vn 0.136570 -0.014053 -0.990531
vn 0.478767 0.440457 -0.759460
vn -0.050681 0.375658 -0.925372
vn 0.638157 0.765768 -0.079719
vn -0.063042 0.482928 -0.873388
vn -0.141897 0.276083 -0.950602
vn -0.080398 0.505136 -0.859287
vn -0.576496 0.800041 -0.166094
vn -0.627153 0.763658 -0.153318
vn -0.832005 -0.032895 -0.553792
vn -0.395265 -0.058611 -0.916695
vn -0.669460 -0.303612 -0.677969
vn -0.403595 0.157801 -0.901227
vn -0.309743 0.182078 -0.933224
vn -0.332641 0.187774 -0.924170
vn -0.271170 0.174776 -0.946531
vn -0.539634 0.046383 -0.840621
vn -0.324357 0.183843 -0.927898
vn -0.002208 -0.044226 -0.999019
vn -0.034821 0.016589 -0.999256
vn -0.193940 0.526038 -0.828053
vn -0.117846 0.221276 -0.968065
vn -0.138868 0.468039 -0.872728
vn -0.128618 0.469020 -0.873772
vn 0.536063 0.835802 -0.118619
vn 0.486052 0.871921 -0.059222
vn 0.396009 0.917675 -0.032409
vn 0.335665 0.941947 0.008060
vn 0.044721 0.392517 -0.918657
vn -0.207459 0.500999 -0.840215
vn -0.219730 0.425341 -0.877954
vn 0.653554 0.671830 -0.348584
vn -0.171069 0.516634 -0.838943
vn 0.162787 0.417943 -0.893770
vn -0.012648 0.999329 -0.034360
vn -0.310404 0.950132 0.029979
vn -0.172498 -0.134533 -0.975779
vn -0.228804 0.097188 -0.968609
vn 0.018352 0.665543 -0.746134
vn -0.124663 0.320300 -0.939078
vn -0.116215 0.415792 -0.902004
vn -0.049676 0.547403 -0.835393
vn -0.372650 0.927585 0.026793
vn -0.448356 -0.248863 -0.858512
vn -0.438566 -0.097773 -0.893365
vn -0.574781 -0.176279 -0.799094
vn -0.636635 0.015906 -0.771001
vn -0.796830 0.583084 0.158351
vn -0.137161 0.144524 -0.979949
vn -0.460596 0.112036 -0.880511
vn -0.606839 -0.025231 -0.794424
vn -0.109335 0.445066 -0.888798
vn 0.620102 0.482774 -0.618387
vn 0.613490 0.514499 -0.599100
vn 0.605252 0.427690 -0.671380
vn 0.535126 0.345955 -0.770685
vn 0.023406 0.588223 -0.808360
vn 0.281152 0.513230 -0.810894
vn 0.367006 0.439491 -0.819850
vn 0.318240 0.302138 -0.898574
vn 0.248218 0.436877 -0.864596
vn 0.203581 0.630270 -0.749209
vn 0.137085 0.629242 -0.765024
vn 0.201292 0.975469 0.089118
vn -0.189801 0.436817 -0.879299
vn 0.030928 0.468710 -0.882811
vn -0.000911 0.974972 -0.222327
vn -0.105213 0.972088 -0.209702
vn -0.243465 0.951770 -0.186705
vn 0.011778 0.583894 -0.811745
vn -0.594575 0.794384 -0.124236
vn -0.645741 0.757916 0.092640
vn -0.623021 0.721950 -0.301054
vn -0.604551 -0.059394 -0.794349
vn -0.412441 0.110743 -0.904228
vn -0.057271 0.157195 -0.985906
vn -0.276893 0.168133 -0.946077
vn -0.570823 -0.042661 -0.819964
vn -0.539760 0.005995 -0.841798
vn 0.047271 0.539177 -0.840865
vn -0.145124 0.386063 -0.910985
vn -0.058011 0.511212 -0.857495
vn 0.246354 0.864869 -0.437391
vn 0.419594 0.552129 -0.720482
vn 0.095062 0.732548 -0.674045
vn 0.064590 0.605500 -0.793220
vn -0.121152 0.596132 -0.793693
vn -0.046274 0.716939 -0.695599
vn -0.129034 0.587657 -0.798755
vn -0.130573 0.908067 -0.397950
vn -0.286561 0.875823 -0.388353
vn 0.001581 0.867709 -0.497070
vn 0.177588 0.648501 -0.740209
vn 0.158615 0.661168 -0.733279
vn 0.139082 0.721866 -0.677913
vn 0.017662 0.565081 -0.824847
vn 0.080786 0.653352 -0.752732
vn 0.079123 0.966665 -0.243512
vn -0.090969 0.615911 -0.782546
vn -0.656501 0.685272 -0.315290
vn -0.416964 0.820943 -0.390120
vn -0.342758 0.822984 -0.453005
vn -0.445138 0.741988 -0.501304
vn -0.701272 0.654066 -0.283575
vn -0.660331 0.697308 -0.278791
vn -0.514945 0.519110 -0.682171
vn -0.502478 0.774023 -0.385232
vn -0.562941 0.719688 -0.406383
vn -0.469148 0.725662 -0.503304
vn -0.550927 0.713772 -0.432445
vn -0.512969 0.631543 -0.581391
vn -0.598377 0.707998 -0.375077
vn -0.625657 0.644000 -0.440247
vn -0.363084 0.545591 -0.755315
vn -0.402802 0.534034 -0.743343
vn -0.079503 0.381696 -0.920862
vn -0.100006 0.406480 -0.908170
vn 0.089580 0.253971 -0.963055
vn 0.150339 0.190150 -0.970176
vn -0.635253 0.656840 -0.406220
vn 0.097459 0.248125 -0.963813
vn -0.496987 0.704363 -0.506830
vn -0.658147 0.663901 -0.355076
vn 0.161740 0.061582 -0.984910
vn 0.156004 0.134027 -0.978621
vn 0.048585 0.256280 -0.965381
vn -0.588028 0.696651 -0.410976
vn -0.614920 0.649409 -0.447372
vn -0.146354 0.658775 -0.737967
vn -0.141650 0.678865 -0.720471
vn -0.580989 0.665738 -0.468236
vn 0.116670 0.210536 -0.970599
vn -0.324873 0.537375 -0.778258
vn 0.061837 0.200998 -0.977638
vn -0.070952 0.270950 -0.959975
vn -0.164219 0.421732 -0.891725
vn -0.515972 0.628203 -0.582352
vn -0.412222 0.436732 -0.799586
vn 0.001845 0.222272 -0.974983
vn -0.652478 0.683130 -0.328032
vn 0.017594 0.290283 -0.956779
vn -0.620736 0.635706 -0.458874
vn -0.608121 0.738869 -0.290278
vn -0.718697 0.632419 -0.288999
vn -0.798757 0.591072 -0.112344
vn -0.896222 0.440277 -0.054247
vn 0.089705 0.189054 -0.977861
vn -0.860963 0.437887 -0.258839
vn -0.724815 0.608785 -0.322528
vn -0.715943 0.412918 -0.562961
vn -0.551850 0.665603 -0.502428
vn -0.589565 0.727705 -0.350513
vn -0.076433 -0.139948 -0.987204
vn -0.112502 0.166215 -0.979651
vn -0.066065 0.109365 -0.991804
vn 0.037546 -0.180912 -0.982782
vn -0.089562 0.770330 -0.631324
vn 0.050104 0.747763 -0.662073
vn 0.041609 0.734932 -0.676863
vn -0.065541 0.620833 -0.781198
vn -0.129797 0.519178 -0.844753
vn 0.000543 0.772439 -0.635089
vn -0.179709 0.774144 -0.606965
vn -0.150192 0.774103 -0.614986
vn -0.102557 0.740398 -0.664299
vn -0.151986 0.360407 -0.920330
vn -0.484863 0.736135 -0.472244
vn 0.517469 0.439748 -0.734062
vn 0.324662 0.371621 -0.869766
vn 0.508252 0.474805 -0.718498
vn 0.185777 0.353019 -0.916986
vn 0.105665 0.365568 -0.924768
vn -0.054903 0.457825 -0.887346
vn -0.105292 0.340367 -0.934379
vn -0.228710 0.430810 -0.872980
vn -0.028546 0.238568 -0.970706
vn -0.417187 0.759515 -0.499090
vn -0.520712 0.622514 -0.584240
vn -0.455014 0.741087 -0.493713
vn -0.281378 0.715459 -0.639487
vn -0.395023 0.732096 -0.554970
vn -0.318304 0.796533 -0.514022
vn -0.175451 0.753077 -0.634108
vn -0.287840 0.795651 -0.532999
vn -0.278233 0.775190 -0.567157
vn -0.244583 0.726934 -0.641675
vn -0.155130 0.317071 -0.935629
vn -0.484230 0.504820 -0.714618
vn -0.160524 0.141792 -0.976794
vn -0.057497 0.186172 -0.980833
vn -0.255343 0.587053 -0.768225
vn -0.325120 0.724591 -0.607672
vn -0.341913 0.781107 -0.522462
vn -0.362016 0.785680 -0.501648
vn -0.270733 0.545635 -0.793087
vn -0.088936 0.180620 -0.979524
vn -0.337215 0.782475 -0.523469
vn -0.413492 0.609241 -0.676646
vn -0.315284 0.651682 -0.689860
vn -0.353341 0.745496 -0.565142
vn -0.276941 0.772146 -0.571922
vn -0.339732 0.801031 -0.492881
vn -0.034360 -0.266811 -0.963136
vn -0.063108 -0.211191 -0.975405
vn -0.136205 -0.188698 -0.972544
vn -0.216328 -0.067617 -0.973976
vn -0.193102 0.158766 -0.968248
vn -0.192967 0.212677 -0.957879
vn -0.201561 0.321854 -0.925085
vn -0.189144 0.493864 -0.848719
vn -0.210925 0.521690 -0.826650
vn -0.208134 0.523538 -0.826189
vn -0.243361 0.364670 -0.898772
vn -0.227310 0.369728 -0.900906
vn 0.864023 0.500682 -0.052739
vn 0.109651 0.991611 0.068447
vn 0.065152 0.995672 0.066282
vn -0.197603 0.980219 -0.011155
vn -0.119802 0.992022 -0.039245
vn -0.446834 0.889919 0.091563
vn -0.494251 0.858503 0.136706
vn -0.914831 0.377739 0.142823
vn -0.960414 0.267854 -0.076544
vn -0.654529 -0.357445 -0.666202
vn -0.588495 -0.536337 -0.604992
vn -0.649838 -0.475710 -0.592799
vn -0.677383 -0.410824 -0.610226
vn -0.689924 -0.329355 -0.644617
vn -0.666158 -0.241523 -0.705621
vn -0.645605 -0.128837 -0.752725
vn -0.490277 0.099491 -0.865870
vn -0.269884 0.211572 -0.939361
vn 0.136657 0.063538 -0.988579
vn 0.165367 -0.150315 -0.974710
vn 0.135291 -0.245753 -0.959845
vn 0.094506 -0.281189 -0.954988
vn 0.069123 -0.288423 -0.955005
vn 0.035921 -0.287556 -0.957090
vn -0.002731 -0.287256 -0.957850
vn 0.124187 -0.247561 -0.960880
vn 0.279978 0.959910 -0.013597
vn -0.191768 0.134526 -0.972177
vn -0.164735 0.056137 -0.984739
vn -0.105077 -0.036814 -0.993783
vn -0.123561 0.368681 -0.921307
vn -0.125834 0.522212 -0.843481
vn -0.067635 0.494778 -0.866383
vn 0.076244 0.997089 0.000123
vn 0.143489 0.986399 -0.080174
vn -0.418177 0.889480 0.184267
vn -0.635383 -0.305942 -0.709005
vn -0.603008 -0.439489 -0.665756
vn -0.861240 0.231969 -0.452168
vn -0.007744 -0.257832 -0.966159
vn 0.036661 -0.265407 -0.963439
vn 0.069825 -0.261734 -0.962611
vn 0.140001 -0.194606 -0.970839
vn -0.055446 -0.228065 -0.972066
vn -0.092711 -0.129055 -0.987294
vn 0.164272 0.115415 -0.979640
vn 0.588564 0.704222 -0.397070
vn 0.593031 0.678960 -0.432814
vn 0.513659 0.685753 -0.515652
vn 0.308276 0.761495 -0.570168
vn -0.405223 0.141099 -0.903264
vn -0.542623 0.053805 -0.838252
vn 0.086323 0.185725 -0.978803
vn -0.053820 0.182557 -0.981721
vn -0.231730 0.189626 -0.954119
vn -0.175517 0.381086 -0.907726
vn -0.174036 0.495408 -0.851048
vn -0.682157 -0.217312 -0.698167
vn -0.650682 -0.140422 -0.746253
vn -0.379705 0.901848 -0.206140
vn 0.153215 0.670468 -0.725946
vn -0.164761 0.304526 -0.938146
vn 0.443391 0.454700 -0.772433
vn -0.518587 0.854743 0.021943
vn 0.197005 0.171015 -0.965372
vn 0.080909 0.976902 -0.197777
vn 0.124936 -0.125000 -0.984259
vn 0.063874 -0.178679 -0.981832
vn -0.009115 -0.162264 -0.986705
vn 0.266338 0.426739 -0.864267
vn -0.170825 0.197793 -0.965244
vn 0.133449 0.196770 -0.971325
vn 0.198733 0.530176 -0.824269
vn 0.044654 0.449617 -0.892105
vn -0.592145 -0.023166 -0.805498
vn 0.137986 0.897577 -0.418708
vn -0.524438 0.820872 -0.226127
vn -0.059100 0.531845 -0.844777
vn 0.044077 0.413242 -0.909554
vn -0.002915 0.926249 -0.376902
vn 0.369666 0.516254 -0.772547
vn -0.411475 0.082954 -0.907638
vn 0.100624 -0.127610 -0.986707
vn -0.594404 0.742956 -0.307733
vn -0.608284 0.735364 -0.298715
vn -0.057736 0.689368 -0.722107
vn -0.123289 0.848358 -0.514867
vn 0.126602 0.152079 -0.980226
vn 0.001842 0.824699 -0.565569
vn -0.505433 0.780676 -0.367536
vn 0.135739 0.158699 -0.977952
vn 0.104049 0.745270 -0.658594
vn -0.024183 0.753169 -0.657382
vn -0.140205 0.740978 -0.656730
vn -0.224932 0.459102 -0.859437
vn -0.636913 0.692673 -0.338447
vn -0.100389 0.318471 -0.942602
vn -0.190283 0.386564 -0.902419
vn -0.177684 0.293644 -0.939256
vn -0.228062 0.613250 -0.756249
vn -0.213570 0.761701 -0.611718
vn -0.080313 0.373381 -0.924195
vn -0.169840 0.402077 -0.899716
vn -0.045349 0.731626 -0.680196
vn 0.058741 0.227262 -0.972060
vn -0.306256 0.576836 -0.757276
vn -0.020432 0.606140 -0.795095
vn -0.689477 0.644851 -0.329831
vn -0.379865 0.735700 -0.560757
vn -0.121544 0.620560 -0.774682
vn -0.173428 0.342573 -0.923345
vn -0.077513 0.683844 -0.725499
vn -0.283207 0.498356 -0.819411
vn -0.654266 0.682198 -0.326407
vn -0.150031 0.636995 -0.756128
vn -0.545290 0.625077 -0.558513
vn -0.119293 0.762180 -0.636279
vn -0.382800 0.759136 -0.526475
vn -0.542463 0.714774 -0.441397
vn -0.128627 0.676044 -0.725548
vn -0.570042 0.648221 -0.504838
vn -0.524829 0.702363 -0.480875
vn -0.185806 0.694169 -0.695418
vn -0.217479 0.775380 -0.592865
vn -0.171421 0.729648 -0.661988
vn -0.253657 0.745222 -0.616686
vn -0.280751 0.787132 -0.549183
vn -0.231267 0.765453 -0.600497
vn -0.326960 0.781098 -0.531962
vn -0.404335 0.745644 0.529650
vn -0.171466 0.679679 0.713187
vn -0.021050 0.559588 0.828503
vn 0.031813 0.446563 0.894186
vn 0.059155 0.315913 0.946942
vn -0.001263 0.332839 0.942983
vn -0.050884 0.582553 0.811198
vn -0.178369 0.956135 0.232358
vn -0.291196 0.954949 -0.057243
vn -0.360352 0.901431 -0.239935
vn -0.395281 0.894597 -0.208443
vn -0.408554 0.892798 -0.189727
vn -0.378559 0.901888 -0.208064
vn -0.307847 0.935575 -0.173004
vn -0.280674 0.956713 -0.076959
vn -0.193374 0.969499 0.150592
vn 0.877695 0.031620 0.478175
vn 0.871361 -0.466810 0.151056
vn 0.879333 -0.465617 -0.099869
vn 0.776697 -0.560735 -0.286912
vn 0.762962 -0.522165 -0.381094
vn 0.685255 -0.516210 -0.513763
vn 0.566297 -0.510731 -0.646886
vn 0.509667 -0.510759 -0.692362
vn 0.536297 -0.451256 -0.713269
vn 0.584307 -0.342657 -0.735643
vn 0.533091 -0.307521 -0.788191
vn 0.502198 -0.239141 -0.831029
vn 0.497031 -0.137852 -0.856713
vn 0.529072 0.092574 -0.843512
vn 0.519395 0.492885 -0.698064
vn 0.613023 0.686843 -0.390449
vn 0.705131 0.705771 0.068392
vn 0.722009 0.590738 0.360183
vn 0.785317 0.415330 0.459105
vn 0.896927 0.363607 0.251620
vn 0.938028 0.341027 0.061669
vn 0.954298 0.292480 -0.061407
vn 0.957848 0.260658 -0.120766
vn 0.952825 0.277094 -0.123869
vn 0.945503 0.318849 -0.066021
vn 0.896087 0.442915 0.029236
vn 0.847593 0.528065 0.052288
vn 0.804991 0.585655 0.094856
vn 0.700725 0.708414 0.084461
vn 0.595112 0.797492 0.099237
vn 0.540461 0.824056 0.169803
vn 0.349966 0.918435 0.184395
vn 0.142020 0.948238 0.284032
vn -0.134032 0.902519 0.409261
vn -0.305745 0.864195 0.399608
vn -0.442970 0.823656 0.354075
vn -0.506757 0.807654 0.301485
vn -0.534464 0.798312 0.277571
vn -0.547840 0.796749 0.255075
vn -0.546204 0.795660 0.261890
vn -0.530421 0.797752 0.286782
vn -0.497050 0.799006 0.338423
vn -0.459429 0.788401 0.409083
vn 0.550702 0.608607 0.571249
vn 0.477091 0.809818 0.341437
vn 0.946240 0.320992 -0.039921
vn 0.996651 -0.038623 0.072075
vn 0.946880 0.311584 -0.079586
vn 0.951319 0.305044 0.044038
vn 0.790501 0.065670 -0.608930
vn -0.454324 0.819632 0.348989
vn 0.873014 -0.312497 -0.374422
vn 0.226355 0.879682 0.418237
vn 0.240368 0.930019 0.278005
vn 0.946725 0.309146 -0.090226
vn 0.732259 0.671711 -0.112254
vn 0.643308 0.218367 -0.733805
vn 0.882611 0.416166 0.218640
vn 0.649596 0.005376 -0.760261
vn 0.647933 -0.432765 -0.626816
vn -0.331660 0.762064 0.556111
vn -0.530742 0.805691 0.263010
vn 0.659601 -0.478135 -0.579925
vn -0.191983 0.899515 0.392447
vn 0.957368 0.270293 -0.101920
vn 0.958990 0.262763 -0.106270
vn 0.847956 0.526637 0.060196
vn 0.666355 0.739244 0.097417
vn 0.773580 0.625968 0.098676
vn 0.554779 0.800623 0.226323
vn 0.800259 0.532898 -0.274963
vn 0.715468 -0.331583 -0.614946
vn -0.233886 0.742762 0.627378
vn -0.543575 0.799873 0.254420
vn -0.455760 0.821214 0.343352
vn -0.542034 0.798933 0.260586
vn 0.677059 -0.442087 -0.588346
vn 0.900245 0.435318 -0.007568
vn 0.888942 0.456870 0.032436
vn 0.837550 0.543556 0.055280
vn 0.888084 0.454313 0.070050
vn 0.940936 0.332224 0.065322
vn -0.547989 0.799859 0.244811
vn -0.509144 0.811971 0.285441
vn -0.535831 0.806733 0.249132
vn -0.532435 0.803667 0.265769
vn -0.056748 0.920162 0.387404
vn 0.781144 -0.037576 -0.623219
vn 0.832294 -0.096246 -0.545916
vn -0.392572 0.804725 0.445313
vn -0.500441 0.811208 0.302490
vn -0.332538 0.877110 0.346550
vn -0.141743 0.929562 0.340327
vn -0.474762 0.830466 0.291423
vn 0.331519 0.848962 0.411532
vn -0.329447 0.889449 0.316774
vn 0.296009 0.853972 0.427914
vn 0.063866 0.547027 0.834675
vn -0.122535 0.991639 0.040455
vn 0.871877 0.396864 -0.286929
vn 0.789041 0.323907 -0.522014
vn 0.999439 -0.033092 0.005108
vn 0.727944 -0.506228 -0.462418
vn 0.885776 -0.115271 -0.449571
vn -0.088065 0.626604 0.774347
vn -0.292298 0.787523 0.542559
vn 0.994752 0.033505 -0.096676
vn 0.960728 0.272704 -0.051322
vn 0.962570 0.267011 -0.046526
vn 0.949373 0.311603 0.039935
vn 0.960867 0.274489 -0.037299
vn 0.826676 0.556510 0.083089
vn 0.796753 0.568595 0.204657
vn 0.935007 0.354465 0.010778
vn -0.440578 0.849859 0.289189
vn 0.585554 0.789647 0.183258
vn 0.693062 0.701325 0.166757
vn 0.417589 0.880642 0.223808
vn 0.349155 0.872406 0.342051
vn 0.221269 0.891590 0.395105
vn 0.579908 0.761377 0.289848
vn 0.154127 0.319119 0.935098
vn 0.011901 0.949893 0.312349
vn -0.013983 0.935362 0.353415
vn 0.152281 0.945666 0.287272
vn 0.793101 0.514290 0.326338
vn 0.906779 0.400051 0.133082
vn 0.810187 0.218302 -0.544005
vn 0.050466 0.398047 0.915976
vn 0.884691 0.319684 0.339299
vn 0.891431 -0.268560 -0.365002
vn 0.926458 0.373869 0.043552
vn 0.945043 0.326822 -0.008984
vn 0.936220 0.269547 -0.225471
vn -0.530254 0.805915 0.263309
vn -0.110322 0.920935 0.373775
vn 0.815531 0.566941 0.116135
vn 0.105997 0.254482 0.961251
vn -0.022607 0.751362 0.659503
vn 0.057788 0.340747 0.938377
vn 0.026505 0.390561 0.920195
vn 0.608182 0.623929 0.490741
vn 0.998922 0.045971 -0.006498
vn 0.739071 0.643363 0.199646
vn 0.572366 0.746714 0.338843
vn 0.898268 0.438722 -0.025267
vn 0.842797 0.536004 0.048910
vn 0.922798 0.372426 -0.098703
vn 0.812630 0.572198 0.110548
vn 0.921307 0.372234 -0.112407
vn 0.883031 0.469244 0.008182
vn 0.723477 0.666237 0.180859
vn 0.650254 0.723363 0.232198
vn 0.957651 0.223011 -0.182129
vn 0.967642 0.230038 -0.103688
vn 0.944071 0.073237 -0.321507
vn 0.859682 0.509042 0.042703
vn 0.326319 0.895843 0.301631
vn 0.855862 0.498232 0.138800
vn 0.689519 0.690363 0.219002
vn 0.527481 0.800544 0.284417
vn 0.611834 0.731274 0.301492
vn 0.823052 0.540999 0.172930
vn 0.939837 0.341549 0.007183
vn 0.675831 0.709296 0.200377
vn 0.945252 0.324746 -0.032238
vn 0.153330 0.921075 0.357925
vn 0.902685 0.425506 0.064060
vn 0.416674 0.849036 0.324841
vn 0.893861 0.447284 -0.030831
vn 0.889455 0.456943 0.008549
vn 0.780126 0.613151 0.124297
vn 0.902318 0.430188 0.027566
vn 0.831447 0.547767 0.092996
vn 0.917779 0.114608 -0.380193
vn 0.704394 0.688885 0.171074
vn 0.696961 0.688036 0.202119
vn 0.803673 0.584254 0.112944
vn -0.056323 0.926426 0.372240
vn -0.483948 0.833027 0.268067
vn -0.386722 0.878921 0.279184
vn -0.269522 0.911127 0.311778
vn -0.188746 0.922312 0.337219
vn -0.282143 0.877785 0.387155
vn -0.421027 0.836408 0.350938
vn 0.331988 0.881366 0.336122
vn 0.374228 0.876139 0.303865
vn 0.181111 0.466102 0.865995
vn 0.366832 0.764080 0.530675
vn 0.386613 0.677838 0.625353
vn 0.258221 0.689317 0.676878
vn 0.401739 0.593464 0.697429
vn 0.092001 0.940069 0.328339
vn -0.077852 0.835726 0.543601
vn -0.002497 0.898986 0.437970
vn -0.374339 0.797469 0.473195
vn 0.165100 0.820724 0.546950
vn 0.269062 0.897066 0.350539
vn 0.055689 0.718186 0.693620
vn -0.379623 0.789804 0.481764
vn 0.362885 0.508000 0.781185
vn 0.333035 0.452054 0.827487
vn 0.335960 0.642016 0.689164
vn 0.226627 0.547624 0.805449
vn 0.187885 0.370531 0.909619
vn -0.081519 0.518231 0.851346
vn -0.024147 0.513709 0.857625
vn -0.511510 0.810602 0.285100
vn -0.432660 0.846290 0.310802
vn -0.037020 0.578530 0.814821
vn -0.221533 0.730003 0.646544
vn -0.124840 0.653946 0.746170
vn 0.787875 0.424124 0.446511
vn -0.243722 0.959591 -0.140656
vn -0.321934 0.929917 -0.177802
vn 0.966682 -0.192986 0.168172
vn 0.012257 0.503531 0.863890
vn 0.034489 0.287647 0.957115
vn -0.153367 0.964015 0.217149
vn -0.266215 0.963782 0.015948
vn -0.281952 0.959420 -0.004070
vn -0.361254 0.919335 -0.155948
vn 0.778664 -0.501599 -0.376936
vn 0.616873 -0.320872 -0.718685
vn 0.573018 -0.243116 -0.782653
vn 0.582692 -0.160644 -0.796658
vn 0.597294 0.018324 -0.801813
vn 0.727475 0.668849 0.153041
vn 0.703715 0.556304 0.441941
vn 0.783392 0.458353 0.419772
vn 0.935559 0.339471 0.097413
vn 0.956709 0.287085 -0.047859
vn 0.908556 0.417762 -0.000766
vn 0.789889 0.604768 0.101647
vn 0.615799 0.770530 0.164543
vn 0.093797 0.920174 0.380108
vn -0.446733 0.834127 0.323516
vn -0.353020 0.855712 0.378331
vn -0.526317 0.802605 0.280742
vn -0.503505 0.809631 0.301630
vn -0.518881 0.805542 0.286120
vn -0.486373 0.804897 0.339974
vn -0.437806 0.809942 0.390283
vn 0.956319 0.266742 -0.119595
vn -0.166807 0.985758 0.021386
vn 0.155683 0.864089 0.478657
vn 0.909957 -0.373593 -0.180018
vn 0.844823 -0.387337 -0.369113
vn 0.785187 0.286391 -0.549056
vn 0.632450 0.509588 -0.583376
vn 0.826415 0.457213 0.328625
vn 0.960421 0.273414 -0.053245
vn -0.289661 0.887115 0.359338
vn -0.403870 0.854155 0.327580
vn -0.478441 0.824151 0.303099
vn 0.801875 0.591987 0.080924
vn 0.735775 0.661002 0.147349
vn 0.892844 -0.195952 -0.405502
vn -0.495179 0.811322 0.310732
vn 0.067703 0.807507 0.585960
vn 0.932180 0.179699 0.314244
vn 0.947242 0.318596 -0.035075
vn 0.660065 0.545628 0.516338
vn 0.620488 0.749922 0.229374
vn 0.959142 0.274318 -0.069257
vn 0.917264 0.369439 0.148798
vn 0.906336 0.400009 0.136191
vn -0.393215 0.808828 0.437240
vn -0.358479 0.782534 0.509052
vn 0.716461 0.687162 0.120382
vn -0.146306 0.911342 0.384774
vn -0.315721 0.885794 0.340131
vn 0.877117 0.289040 -0.383566
vn 0.889757 0.238083 -0.389421
vn 0.918220 0.163650 -0.360682
vn 0.981986 0.053009 -0.181368
vn 0.957024 0.015729 -0.289581
vn -0.530771 0.810208 0.248687
vn 0.889153 0.421514 -0.178138
vn -0.034604 0.490528 0.870738
vn 0.050744 0.387277 0.920566
vn 0.300693 0.389040 0.870765
vn 0.088642 0.931494 0.352791
vn 0.401269 0.592576 0.698453
vn 0.695638 0.690407 0.198560
vn 0.851559 0.323442 0.412593
vn 0.604714 0.552656 0.573491
vn 0.849777 0.502646 -0.158824
vn 0.683398 0.714693 0.148932
vn 0.897396 0.402825 -0.180034
vn 0.915541 0.324688 -0.237406
vn 0.973236 0.157905 -0.166969
vn 0.875328 0.424592 0.231349
vn -0.517600 0.816699 0.255133
vn -0.475075 0.834995 0.277644
vn 0.954647 0.297739 0.000721
vn -0.086255 0.932181 0.351566
vn 0.060633 0.916890 0.394507
vn 0.691487 0.689040 0.216956
vn 0.899165 0.432497 -0.066697
vn -0.445928 0.815025 0.369975
vn -0.249507 0.722164 0.645155
vn 0.952593 0.233475 -0.195078
vn 0.908896 0.409526 -0.078713
vn -0.491372 0.826068 0.275979
vn 0.190005 0.914215 0.357923
vn 0.919027 0.394011 -0.012035
vn 0.706388 0.677951 0.203469
vn -0.180243 0.719548 0.670644
vn 0.691614 0.694115 0.199687
vn 0.615403 0.749567 0.243779
vn 0.959243 0.243267 -0.143782
vn -0.338246 0.873754 0.349490
vn -0.017282 0.923393 0.383468
vn 0.917944 0.396302 -0.017976
vn 0.696821 0.683840 0.216343
vn 0.425537 0.751261 0.504506
vn -0.203455 0.687071 0.697523
vn 0.927436 0.371893 -0.039474
vn 0.715229 0.668463 0.203974
vn 0.838190 0.540218 0.074842
vn 0.655429 0.708254 0.262277
vn 0.195086 0.860002 0.471528
vn -0.317072 0.806187 0.499528
vn 0.897652 0.440536 -0.012191
vn 0.711712 0.672242 0.203858
vn 0.649820 0.678313 0.342966
vn -0.067177 0.938736 0.338026
vn 0.270277 0.885568 0.377782
vn 0.692846 0.686979 0.219144
vn 0.549506 0.793223 0.262373
vn 0.935551 -0.340470 0.093936
vn 0.929890 -0.353938 0.100164
vn 0.919680 -0.377691 0.107414
vn 0.900004 -0.423457 0.103328
vn 0.878914 -0.465467 0.104165
vn 0.852987 -0.515545 0.081405
vn 0.804684 -0.591635 0.049516
vn 0.757734 -0.652433 0.013058
vn 0.680512 -0.732434 -0.021045
vn 0.622017 -0.781838 -0.042722
vn 0.578990 -0.812634 -0.066306
vn 0.528379 -0.843895 -0.093048
vn 0.466787 -0.877006 -0.113892
vn 0.385636 -0.913585 -0.129027
vn 0.319805 -0.937759 -0.135400
vn 0.291150 -0.945538 -0.145566
vn 0.287135 -0.943213 -0.167042
vn 0.310074 -0.921680 -0.233153
vn 0.371801 -0.895986 -0.242843
vn 0.224281 -0.917907 0.327330
vn -0.065751 -0.458342 0.886340
vn 0.093727 -0.256856 0.961894
vn 0.163602 0.051585 0.985177
vn 0.217995 0.111742 0.969532
vn 0.287388 0.132451 0.948612
vn 0.343464 0.196763 0.918323
vn 0.369856 0.227335 0.900847
vn 0.413320 0.286888 0.864212
vn 0.441664 0.334231 0.832600
vn 0.444838 0.391642 0.805441
vn 0.348318 0.509084 0.787088
vn 0.246912 0.561313 0.789913
vn 0.442373 0.506236 0.740292
vn 0.908472 0.333294 0.252178
vn 0.893201 -0.033751 -0.448389
vn 0.887358 -0.116187 -0.446203
vn 0.930458 0.279767 -0.236595
vn 0.815996 0.548640 -0.182058
vn 0.821438 0.351439 -0.449145
vn 0.653655 -0.037707 -0.755852
vn 0.358600 -0.391204 -0.847565
vn 0.224483 -0.490800 -0.841857
vn 0.224418 -0.540905 -0.810592
vn 0.377932 -0.499871 -0.779292
vn 0.516678 -0.441393 -0.733633
vn 0.620211 -0.384561 -0.683703
vn 0.632614 -0.343566 -0.694090
vn 0.617954 -0.307485 -0.723592
vn 0.566702 -0.276065 -0.776297
vn 0.529673 -0.271594 -0.803544
vn 0.531743 -0.293824 -0.794302
vn 0.543676 -0.415379 -0.729298
vn 0.581618 -0.599092 -0.550281
vn 0.626580 -0.696950 -0.348796
vn 0.695571 -0.717156 -0.043218
vn 0.720962 -0.618149 0.313219
vn 0.493777 -0.524769 0.693399
vn 0.414592 -0.433384 0.800182
vn 0.392284 -0.356348 0.848015
vn 0.430968 -0.352897 0.830500
vn 0.528701 -0.377999 0.759994
vn 0.672513 -0.407288 0.617934
vn 0.777262 -0.382946 0.499216
vn 0.863261 -0.355204 0.358624
vn 0.906700 -0.330638 0.261865
vn 0.916369 -0.354286 0.186410
vn 0.932652 -0.337523 0.127427
vn 0.934385 -0.339400 0.108318
vn 0.508402 -0.515853 0.689509
vn 0.853816 -0.387198 0.347959
vn 0.460908 -0.435530 0.773225
vn 0.602184 -0.366730 0.709143
vn 0.656981 -0.652785 0.377158
vn 0.755583 -0.405560 0.514408
vn 0.637748 -0.602522 0.479838
vn 0.787975 -0.389726 0.476664
vn 0.700621 -0.394701 0.594426
vn 0.446962 -0.362457 0.817832
vn 0.813822 -0.413778 0.408020
vn 0.419107 -0.376142 0.826357
vn 0.406203 -0.361440 0.839262
vn 0.137673 -0.946904 -0.290550
vn 0.404911 -0.835853 -0.370671
vn 0.976133 -0.092482 -0.196499
vn 0.487832 -0.461777 -0.740798
vn 0.490510 -0.517014 0.701496
vn 0.717659 -0.696150 -0.018447
vn 0.890435 -0.367325 0.268698
vn 0.803519 -0.379343 0.458755
vn 0.584774 -0.408187 0.701016
vn 0.626929 -0.405120 0.665461
vn 0.558999 -0.570703 0.601513
vn 0.482569 -0.393562 0.782455
vn 0.236012 -0.941277 -0.241444
vn 0.227734 -0.768493 0.597960
vn 0.405234 -0.912263 0.059677
vn 0.792963 -0.604238 0.078145
vn 0.722649 -0.448392 -0.526044
vn 0.459761 -0.407336 -0.789111
vn 0.290862 -0.540439 -0.789509
vn 0.925446 -0.357257 0.126162
vn 0.704246 -0.683590 -0.191685
vn 0.667476 -0.657489 -0.349548
vn 0.533172 -0.443926 -0.720179
vn 0.602165 -0.655231 -0.456147
vn 0.486937 -0.509386 -0.709520
vn 0.533382 -0.522910 -0.664883
vn 0.510830 -0.574360 -0.639659
vn 0.749549 -0.400031 0.527401
vn 0.479482 -0.414124 0.773691
vn 0.723804 -0.389630 0.569470
vn 0.547572 -0.540406 0.638848
vn 0.488826 -0.482828 0.726585
vn 0.232196 -0.920987 0.312839
vn 0.154574 -0.967593 -0.199675
vn 0.197525 -0.153668 0.968179
vn 0.479415 -0.871188 -0.105796
vn 0.846528 -0.522241 0.103220
vn 0.737042 -0.674907 0.035638
vn 0.799690 -0.452700 -0.394409
vn 0.948239 0.034304 -0.315699
vn 0.550051 -0.178870 -0.815751
vn 0.272013 -0.536466 -0.798882
vn 0.312408 -0.521874 -0.793756
vn 0.525342 -0.338807 -0.780529
vn 0.524664 -0.388698 -0.757391
vn 0.557863 -0.465630 -0.687006
vn 0.522398 -0.395111 -0.755637
vn 0.579427 -0.296803 -0.759060
vn 0.537918 -0.394050 -0.745231
vn 0.810574 -0.413185 0.415028
vn 0.859427 -0.390317 0.330210
vn 0.778007 -0.412968 0.473459
vn 0.566065 -0.821199 -0.072131
vn 0.617757 -0.785187 -0.043094
vn 0.239913 -0.089364 0.966673
vn 0.248609 -0.002293 0.968601
vn 0.321944 0.027870 0.946348
vn 0.406192 0.067455 0.911295
vn 0.267427 -0.959751 0.085797
vn 0.376017 -0.915793 -0.141188
vn 0.332839 -0.930364 -0.153758
vn 0.283169 -0.684356 0.671917
vn 0.464951 -0.876572 -0.124268
vn 0.535910 -0.841566 -0.067578
vn 0.529989 0.274180 0.802457
vn 0.367919 0.538034 0.758390
vn 0.921771 -0.373760 0.103165
vn 0.888885 -0.446366 0.103151
vn 0.866436 -0.487561 0.107575
vn 0.916691 -0.382669 0.115071
vn 0.894688 -0.431198 0.116625
vn 0.856838 -0.506241 0.097719
vn 0.425092 0.449327 0.785749
vn 0.356509 -0.457270 -0.814742
vn 0.250741 -0.545221 -0.799914
vn 0.291196 -0.526736 -0.798595
vn 0.542192 -0.294494 -0.786957
vn 0.930890 0.235049 -0.279634
vn 0.411722 -0.500496 -0.761570
vn 0.562883 -0.337147 -0.754649
vn 0.604989 -0.323000 -0.727777
vn 0.693208 -0.720648 -0.011390
vn 0.336247 -0.863565 -0.375756
vn 0.260895 -0.935250 -0.239252
vn 0.261443 -0.873059 -0.411602
vn 0.476355 -0.860740 0.179480
vn 0.377815 -0.873771 -0.306236
vn 0.575239 -0.787028 0.222903
vn 0.594538 -0.764122 0.250283
vn 0.490949 -0.845461 0.210154
vn 0.585224 -0.810668 0.018155
vn 0.648273 -0.751152 0.124546
vn 0.650213 -0.696978 0.302397
vn 0.396209 0.255858 0.881791
vn 0.361497 -0.928167 -0.088468
vn 0.552816 -0.830017 -0.073934
vn 0.742720 0.001529 0.669600
vn 0.725578 0.112374 0.678902
vn 0.726907 0.172453 0.664730
vn 0.787840 -0.611495 0.073368
vn 0.803327 -0.311982 -0.507280
vn 0.909546 -0.063343 -0.410747
vn 0.565705 -0.525047 -0.635849
vn 0.584418 -0.364404 -0.725028
vn 0.528584 -0.412474 -0.741932
vn 0.445674 -0.470562 -0.761542
vn 0.376459 -0.533886 -0.757129
vn 0.368128 -0.499622 -0.784129
vn 0.538300 -0.395690 -0.744084
vn 0.611318 -0.790555 -0.036223
vn 0.753935 -0.656481 0.024795
vn 0.777769 -0.625791 0.058827
vn 0.661221 -0.343148 0.667110
vn 0.286314 -0.828177 -0.481817
vn 0.508051 -0.828281 -0.236293
vn 0.103674 -0.672673 -0.732641
vn -0.059862 -0.712177 -0.699443
vn -0.141400 -0.695672 -0.704305
vn 0.683189 -0.631735 0.366284
vn 0.456169 -0.865069 -0.208723
vn 0.794701 -0.410804 0.446866
vn 0.767911 -0.616089 0.175350
vn 0.478098 -0.787206 -0.389523
vn 0.655261 -0.755390 0.004348
vn 0.675786 -0.737097 -0.000791
vn 0.720041 -0.692795 0.039701
vn 0.692806 -0.721123 0.000795
vn 0.744004 -0.666589 0.046019
vn 0.765227 -0.112669 0.633825
vn 0.099539 -0.785828 -0.610381
vn 0.773711 -0.340244 -0.534421
vn 0.602906 -0.750236 -0.271385
vn 0.119033 -0.831015 -0.543365
vn 0.234696 -0.726670 -0.645653
vn 0.953405 0.051234 -0.297310
vn 0.763312 -0.346167 -0.545457
vn 0.604429 -0.344347 -0.718395
vn 0.301649 -0.756046 -0.580863
vn 0.752965 -0.542482 -0.372501
vn 0.654623 -0.721157 -0.226719
vn 0.696256 -0.572884 -0.432471
vn 0.796819 -0.494007 -0.347903
vn 0.661811 -0.345685 -0.665213
vn 0.572786 -0.468236 -0.672809
vn 0.510077 -0.432594 -0.743427
vn 0.464069 -0.524485 -0.713832
vn 0.648473 -0.407543 -0.642955
vn 0.575426 -0.551793 -0.603663
vn 0.486531 -0.563693 -0.667487
vn 0.470668 -0.551957 -0.688342
vn 0.721294 -0.578597 -0.380738
vn 0.597434 -0.628808 -0.497667
vn 0.673216 -0.723072 0.154752
vn 0.729086 -0.455910 -0.510470
vn 0.710409 -0.664815 0.230956
vn 0.713042 -0.692198 -0.111505
vn 0.372601 -0.509748 -0.775452
vn 0.688026 -0.671184 -0.275921
vn 0.668793 -0.734551 -0.114676
vn 0.370787 -0.817388 -0.440902
vn 0.720911 -0.691410 0.047326
vn 0.733446 -0.642349 -0.222362
vn 0.679826 -0.588408 -0.437736
vn 0.383873 -0.525060 -0.759575
vn 0.403949 -0.529397 -0.746032
vn 0.394817 -0.505025 -0.767509
vn 0.538784 -0.426868 -0.726289
vn 0.448519 -0.481235 -0.753156
vn 0.350244 -0.521287 -0.778196
vn 0.964847 -0.007806 -0.262697
vn 0.342491 -0.499833 -0.795530
vn 0.752759 -0.249759 -0.609076
vn 0.921778 0.003037 -0.387705
vn 0.961786 0.099712 -0.255000
vn 0.969736 0.084726 -0.228985
vn 0.915231 0.272120 -0.297159
vn 0.374425 -0.509485 -0.774746
vn 0.923133 0.014332 -0.384214
vn 0.808681 -0.156780 -0.566971
vn 0.716634 -0.217308 -0.662732
vn 0.663939 -0.310360 -0.680340
vn 0.868760 -0.159322 -0.468905
vn 0.913270 -0.356111 0.197796
vn 0.920827 -0.356005 0.159181
vn 0.890757 -0.368934 0.265406
vn 0.905471 -0.372871 0.202706
vn 0.823038 -0.495364 0.277889
vn 0.818845 -0.562296 0.115398
vn 0.701565 -0.679714 0.213999
vn 0.901669 -0.415047 0.121363
vn 0.910880 -0.384540 0.149757
vn 0.793693 -0.582982 0.173735
vn 0.836055 -0.421978 0.350637
vn 0.812347 -0.414302 0.410421
vn 0.752512 -0.585201 0.302103
vn 0.746905 -0.554127 0.367528
vn 0.606943 -0.501528 0.616514
vn 0.213512 -0.932465 -0.291412
vn 0.363672 -0.911314 0.193002
vn 0.114966 -0.960775 -0.252376
vn 0.507724 -0.861509 0.004201
vn 0.448175 -0.888365 0.099737
vn 0.439294 -0.894488 -0.083139
vn 0.700329 -0.681204 0.213307
vn 0.635273 -0.642262 0.428869
vn 0.732578 -0.677306 0.067720
vn 0.591208 -0.578690 0.561775
vn 0.670198 -0.651776 0.354996
vn 0.564606 -0.594958 0.572054
vn 0.763061 -0.640984 0.082926
vn 0.680106 -0.728506 -0.082063
vn 0.725354 -0.669368 0.160651
vn 0.718304 -0.540736 0.437771
vn 0.720133 -0.577436 0.384677
vn 0.728371 -0.461389 0.506553
vn 0.783538 -0.475892 0.399493
vn 0.679864 -0.557133 0.476851
vn 0.734584 -0.663576 0.141608
vn 0.348804 -0.465653 -0.813328
vn 0.536795 -0.363289 -0.761493
vn 0.326472 -0.484609 -0.811524
vn 0.288134 -0.514113 -0.807878
vn 0.757562 -0.416531 0.502596
vn 0.690394 -0.627521 0.359963
vn 0.577880 -0.451655 0.679752
vn 0.651643 -0.426323 0.627383
vn 0.692280 -0.429051 0.580228
vn 0.647446 -0.451001 0.614338
vn 0.932003 -0.345660 0.109040
vn 0.934910 -0.341570 0.096299
vn 0.931550 -0.350269 0.097606
vn 0.908662 -0.404851 0.102121
vn 0.866468 -0.488555 0.102698
vn 0.835975 -0.542833 0.080487
vn 0.792986 -0.606643 0.056190
vn 0.517691 -0.849809 -0.099104
vn 0.481370 -0.868972 -0.114765
vn 0.435565 -0.891196 -0.126699
vn 0.298380 -0.943182 -0.146209
vn 0.312080 -0.909406 -0.274930
vn 0.089282 -0.377551 0.921675
vn 0.430938 0.297453 0.851947
vn 0.432926 0.323890 0.841231
vn 0.455949 0.442576 0.772164
vn 0.524140 0.355064 0.774084
vn 0.638340 0.392294 0.662290
vn 0.985527 0.097793 -0.138465
vn 0.849928 0.434976 -0.297354
vn 0.812522 0.207136 -0.544888
vn 0.333950 -0.415517 -0.846063
vn 0.220578 -0.511601 -0.830428
vn 0.246516 -0.544191 -0.801926
vn 0.336438 -0.514804 -0.788535
vn 0.470592 -0.457446 -0.754510
vn 0.576916 -0.404803 -0.709437
vn 0.618986 -0.355732 -0.700223
vn 0.535170 -0.286249 -0.794767
vn 0.630198 -0.583680 -0.512023
vn 0.708825 -0.702988 0.058089
vn 0.439263 -0.399009 0.804885
vn 0.579284 -0.374290 0.724111
vn 0.857363 -0.380867 0.346220
vn 0.888373 -0.386269 0.248173
vn 0.909469 -0.377168 0.174955
vn 0.928618 -0.347741 0.129403
vn 0.669045 -0.389663 0.632883
vn 0.477172 0.084427 0.874745
vn 0.901165 -0.418707 0.112189
vn 0.918903 -0.379927 0.106171
vn 0.929921 -0.352959 0.103278
vn 0.819290 -0.566534 0.088336
vn 0.488834 -0.864966 -0.113466
vn 0.514506 -0.851282 -0.102973
vn 0.501988 0.245513 0.829296
vn 0.579641 0.113080 0.806988
vn 0.741447 0.396052 0.541663
vn 0.261448 -0.544668 -0.796857
vn 0.250939 -0.525521 -0.812931
vn 0.795495 -0.015717 -0.605757
vn 0.921938 -0.352021 0.161592
vn 0.908196 -0.370778 0.194177
vn 0.866920 -0.415485 0.275357
vn 0.496248 -0.375867 0.782599
vn 0.925005 -0.348992 0.150234
vn 0.932345 -0.343156 0.113916
vn 0.700438 -0.691829 -0.175385
vn 0.345734 -0.575633 0.741022
vn 0.410337 -0.482182 0.774031
vn 0.464994 -0.395148 0.792236
vn 0.558774 -0.382581 0.735801
vn 0.535537 -0.337250 -0.774250
vn 0.583494 -0.345345 -0.735032
vn 0.606498 -0.620138 -0.497582
vn 0.579820 -0.588133 -0.563835
vn 0.605685 -0.521190 -0.601254
vn 0.259346 -0.964196 -0.055375
vn 0.426402 -0.894301 -0.135669
vn 0.428263 -0.463738 -0.775589
vn 0.533371 -0.407364 -0.741329
vn 0.877321 -0.019834 0.479493
vn 0.575422 -0.814939 0.069013
vn 0.876569 -0.467177 0.115643
vn 0.233158 -0.947811 0.217468
vn 0.995349 -0.000681 0.096336
vn 0.605591 -0.577998 -0.546972
vn 0.679822 -0.017357 0.733172
vn 0.419911 -0.381944 0.823282
vn 0.835354 -0.380282 0.396950
vn 0.911503 -0.350848 0.214634
vn 0.124309 -0.974513 -0.186740
vn 0.515456 -0.437604 -0.736755
vn 0.531650 -0.561186 -0.634364
vn 0.592992 -0.804063 -0.042932
vn 0.503072 -0.859815 -0.087387
vn 0.483712 -0.432621 -0.760830
vn 0.797010 -0.476565 0.371026
vn 0.833830 -0.466133 -0.295716
vn 0.826990 -0.552723 0.102882
vn 0.678621 -0.395241 0.619079
vn 0.485984 -0.872814 -0.044897
vn 0.824541 -0.461599 0.327197
vn 0.277471 -0.847669 -0.452181
vn 0.451670 -0.494999 -0.742273
vn 0.637988 -0.414816 0.648768
vn 0.553311 -0.391332 0.735327
vn 0.883518 -0.353134 0.307723
vn 0.848991 -0.382033 0.365055
vn 0.927930 0.089039 -0.361965
vn 0.985251 0.067565 -0.157212
vn 0.059126 -0.689175 -0.722178
vn -0.131323 -0.748161 -0.650391
vn 0.898173 -0.368102 0.240388
vn 0.694463 -0.681284 0.231460
vn -0.153273 -0.704423 -0.693034
vn 0.433874 -0.722301 -0.538548
vn 0.416265 -0.519220 -0.746414
vn 0.723390 -0.684554 0.089959
vn 0.871856 -0.467226 0.146856
vn 0.885359 -0.418853 0.201745
vn 0.412713 -0.464112 -0.783753
vn 0.310231 -0.494953 -0.811652
vn 0.532595 -0.427503 0.730468
vn 0.534194 -0.492611 0.687002
vn 0.739772 -0.421227 0.524695
vn -0.058351 -0.710586 -0.701186
vn 0.740504 -0.624882 -0.247338
vn 0.871000 -0.405281 0.277681
vn -0.192025 -0.711293 -0.676157
vn 0.438751 -0.550119 -0.710540
vn 0.551969 -0.549298 0.627377
vn 0.562275 -0.514840 0.647137
vn 0.647336 -0.680202 0.343919
vn 0.878358 -0.113393 -0.464359
vn 0.479145 -0.738816 -0.473890
vn 0.693953 -0.413946 0.589133
vn 0.594903 -0.803229 0.030221
vn 0.690633 -0.637164 0.342122
vn 0.853995 -0.282729 -0.436757
vn 0.723072 -0.675181 0.145941
vn 0.624290 -0.574830 0.528992
vn 0.688276 -0.641493 0.338767
vn 0.655566 -0.484514 0.579205
vn 0.708571 -0.704322 -0.043104
vn 0.723592 -0.661278 -0.197802
vn 0.706684 -0.650743 0.277723
vn 0.693095 -0.601223 0.397682
vn 0.713468 -0.585014 0.385644
vn 0.650576 -0.641300 0.406799
vn 0.647544 -0.664102 0.373704
vn 0.654269 -0.607561 0.450336
vt 0.660373 0.376306
vt 0.652594 0.376306
vt 0.644815 0.376306
vt 0.637036 0.376306
vt 0.629257 0.376306
vt 0.630072 0.386345
vt 0.630643 0.396401
vt 0.630718 0.406471
vt 0.630040 0.416517
vt 0.628359 0.426442
vt 0.625485 0.436088
vt 0.621359 0.445268
vt 0.616187 0.453907
vt 0.610597 0.462285
vt 0.605160 0.470762
vt 0.600545 0.479705
vt 0.597954 0.489400
vt 0.598835 0.499375
vt 0.602320 0.508812
vt 0.606681 0.517891
vt 0.610797 0.527081
vt 0.613415 0.536781
vt 0.612902 0.546782
vt 0.609604 0.556281
vt 0.605199 0.565337
vt 0.600797 0.574395
vt 0.597585 0.583921
vt 0.597528 0.593911
vt 0.601622 0.603063
vt 0.607287 0.611388
vt 0.612724 0.619859
vt 0.616072 0.629311
vt 0.616531 0.639349
vt 0.615398 0.649354
vt 0.614059 0.659335
vt 0.613832 0.669390
vt 0.615989 0.679190
vt 0.620520 0.688171
vt 0.625951 0.696652
vt 0.631183 0.705254
vt 0.634771 0.714622
vt 0.633778 0.724482
vt 0.628387 0.732952
vt 0.621843 0.740608
vt 0.615634 0.748528
vt 0.611719 0.757718
vt 0.611918 0.767738
vt 0.613881 0.777616
vt 0.614918 0.787611
vt 0.612790 0.797400
vt 0.608796 0.806644
vt 0.605645 0.816182
vt 0.607326 0.825921
vt 0.613563 0.833780
vt 0.621201 0.840338
vt 0.629257 0.846383
vt 0.637036 0.846383
vt 0.644815 0.846383
vt 0.652594 0.846383
vt 0.660373 0.846383
vt 0.660373 0.836164
vt 0.660373 0.825945
vt 0.660373 0.815726
vt 0.660373 0.805507
vt 0.660373 0.795287
vt 0.660373 0.785069
vt 0.660373 0.774849
vt 0.660373 0.764630
vt 0.660373 0.754411
vt 0.660373 0.744192
vt 0.660373 0.733973
vt 0.660373 0.723754
vt 0.660373 0.713535
vt 0.660373 0.703316
vt 0.660373 0.693097
vt 0.660373 0.682878
vt 0.660373 0.672659
vt 0.660373 0.662440
vt 0.660373 0.652221
vt 0.660373 0.642002
vt 0.660373 0.631783
vt 0.660373 0.621564
vt 0.660373 0.611345
vt 0.660373 0.601126
vt 0.660373 0.590906
vt 0.660373 0.580687
vt 0.660373 0.570468
vt 0.660373 0.560249
vt 0.660373 0.550030
vt 0.660373 0.539811
vt 0.660373 0.529592
vt 0.660373 0.519373
vt 0.660373 0.509154
vt 0.660373 0.498935
vt 0.660373 0.488716
vt 0.660373 0.478497
vt 0.660373 0.468278
vt 0.660373 0.458059
vt 0.660373 0.447840
vt 0.660373 0.437621
vt 0.660373 0.427402
vt 0.660373 0.417183
vt 0.660373 0.406963
vt 0.660373 0.396744
vt 0.660373 0.386525
vt 0.630169 0.839688
vt 0.625064 0.492781
vt 0.635483 0.543648
vt 0.645459 0.396747
vt 0.637920 0.406774
vt 0.652927 0.396775
vt 0.635964 0.771514
vt 0.636200 0.665318
vt 0.641784 0.689396
vt 0.649572 0.737573
vt 0.644126 0.824890
vt 0.652552 0.829631
vt 0.653444 0.837742
vt 0.641165 0.836122
vt 0.626120 0.834586
vt 0.643651 0.488196
vt 0.623011 0.515032
vt 0.618173 0.499028
vt 0.611134 0.589160
vt 0.642089 0.572404
vt 0.626535 0.549272
vt 0.645071 0.417215
vt 0.636244 0.427033
vt 0.643562 0.437635
vt 0.652458 0.427526
vt 0.651821 0.448048
vt 0.624815 0.457404
vt 0.644333 0.427352
vt 0.652732 0.417246
vt 0.637499 0.756478
vt 0.642566 0.780396
vt 0.630355 0.680545
vt 0.646666 0.652573
vt 0.649966 0.695203
vt 0.635011 0.693039
vt 0.628234 0.688864
vt 0.639064 0.699800
vt 0.645495 0.679776
vt 0.642304 0.731598
vt 0.643481 0.749365
vt 0.635001 0.738123
vt 0.640675 0.743372
vt 0.651047 0.726387
vt 0.642854 0.618385
vt 0.654140 0.814408
vt 0.612832 0.814799
vt 0.646525 0.832358
vt 0.631937 0.830724
vt 0.635617 0.819410
vt 0.648085 0.815266
vt 0.646458 0.807147
vt 0.652170 0.494770
vt 0.614848 0.516652
vt 0.611709 0.507818
vt 0.609087 0.490603
vt 0.610847 0.482094
vt 0.603290 0.592030
vt 0.604928 0.585618
vt 0.607639 0.577483
vt 0.621114 0.584040
vt 0.623803 0.574430
vt 0.628466 0.587875
vt 0.616678 0.572096
vt 0.626463 0.600600
vt 0.632764 0.577050
vt 0.624646 0.618390
vt 0.619644 0.622626
vt 0.631809 0.612944
vt 0.621547 0.629627
vt 0.639793 0.607568
vt 0.651370 0.570994
vt 0.644454 0.582829
vt 0.647191 0.600145
vt 0.646168 0.591967
vt 0.652327 0.538568
vt 0.652862 0.528867
vt 0.650862 0.559839
vt 0.619426 0.458991
vt 0.651768 0.468616
vt 0.621001 0.778829
vt 0.621509 0.760346
vt 0.620850 0.788690
vt 0.624327 0.752084
vt 0.651634 0.755577
vt 0.649554 0.775776
vt 0.652486 0.796520
vt 0.649795 0.668164
vt 0.622681 0.677169
vt 0.622785 0.655937
vt 0.636108 0.653548
vt 0.628258 0.654154
vt 0.654866 0.651615
vt 0.651373 0.643707
vt 0.636556 0.763625
vt 0.642324 0.772220
vt 0.619277 0.798665
vt 0.634027 0.810590
vt 0.627067 0.800566
vt 0.636340 0.801709
vt 0.651910 0.623703
vt 0.653864 0.608862
vt 0.652902 0.511830
vt 0.614001 0.473715
vt 0.617174 0.465537
vt 0.618054 0.556130
vt 0.627981 0.627808
vt 0.636616 0.625314
vt 0.642342 0.600514
vt 0.652296 0.581394
vt 0.642933 0.547153
vt 0.633011 0.552573
vt 0.644573 0.536957
vt 0.640149 0.559341
vt 0.651730 0.458327
vt 0.642770 0.468761
vt 0.633391 0.468510
vt 0.628615 0.779726
vt 0.636757 0.779785
vt 0.636245 0.789989
vt 0.628194 0.789743
vt 0.644748 0.798539
vt 0.643765 0.788858
vt 0.641653 0.672424
vt 0.642192 0.659901
vt 0.622508 0.638692
vt 0.627459 0.675888
vt 0.638906 0.682980
vt 0.633126 0.686357
vt 0.644470 0.630479
vt 0.616344 0.808104
vt 0.632320 0.479812
vt 0.624559 0.523835
vt 0.621050 0.536171
vt 0.620099 0.506673
vt 0.625007 0.498617
vt 0.632671 0.500876
vt 0.627013 0.486661
vt 0.612764 0.563252
vt 0.631875 0.564871
vt 0.629904 0.558188
vt 0.645703 0.527701
vt 0.629224 0.637741
vt 0.630383 0.647484
vt 0.646756 0.519570
vt 0.638794 0.525753
vt 0.631587 0.523758
vt 0.632149 0.513229
vt 0.628474 0.540352
vt 0.624646 0.565114
vt 0.652786 0.386534
vt 0.637593 0.386452
vt 0.645163 0.386510
vt 0.648261 0.838827
vt 0.637904 0.396594
vt 0.637319 0.416885
vt 0.634638 0.437012
vt 0.609451 0.499206
vt 0.617813 0.525935
vt 0.619635 0.547089
vt 0.610570 0.569542
vt 0.607263 0.596805
vt 0.612935 0.603132
vt 0.622768 0.647867
vt 0.621615 0.670094
vt 0.620589 0.663873
vt 0.625447 0.683687
vt 0.646414 0.706110
vt 0.628954 0.744810
vt 0.620763 0.769401
vt 0.616442 0.820182
vt 0.621108 0.827756
vt 0.635077 0.838229
vt 0.654796 0.820983
vt 0.653364 0.805895
vt 0.651545 0.786556
vt 0.651226 0.765048
vt 0.651265 0.746677
vt 0.653664 0.732645
vt 0.647903 0.717629
vt 0.651888 0.676939
vt 0.652925 0.658698
vt 0.652031 0.632418
vt 0.654407 0.615640
vt 0.653604 0.600300
vt 0.653110 0.591142
vt 0.651624 0.548898
vt 0.653223 0.519910
vt 0.652011 0.487562
vt 0.651728 0.478423
vt 0.652053 0.437707
vt 0.652886 0.407001
vt 0.649405 0.686813
vt 0.633159 0.447087
vt 0.619192 0.610495
vt 0.618035 0.564148
vt 0.645334 0.406934
vt 0.624525 0.466948
vt 0.622630 0.476181
vt 0.619626 0.484154
vt 0.617987 0.491641
vt 0.625479 0.530774
vt 0.626088 0.662163
vt 0.629297 0.669980
vt 0.634845 0.748564
vt 0.631521 0.754856
vt 0.629552 0.762379
vt 0.628724 0.770755
vt 0.624437 0.812383
vt 0.628275 0.822568
vt 0.649889 0.822692
vt 0.643605 0.694800
vt 0.649119 0.616482
vt 0.647492 0.608264
vt 0.642617 0.478798
vt 0.642785 0.458289
vt 0.642832 0.447765
vt 0.617911 0.594233
vt 0.614141 0.580695
vt 0.643492 0.764302
vt 0.644026 0.756431
vt 0.643047 0.639667
vt 0.638211 0.827786
vt 0.633537 0.457822
vt 0.640549 0.777467
vt 0.646411 0.624189
vt 0.624785 0.557176
vt 0.647945 0.513871
vt 0.635654 0.495252
vt 0.650370 0.504675
vt 0.644020 0.497677
vt 0.638608 0.751469
vt 0.640346 0.647457
vt 0.641877 0.817150
vt 0.639675 0.809149
vt 0.635053 0.676482
vt 0.631664 0.658796
vt 0.640261 0.594066
vt 0.636113 0.636690
vt 0.635614 0.643877
vt 0.627481 0.504849
vt 0.630740 0.532372
vt 0.637397 0.534683
vt 0.640469 0.517191
vt 0.637771 0.586070
vt 0.633720 0.590641
vt 0.635059 0.598219
vt 0.630251 0.493920
vt 0.644260 0.510307
vt 0.638275 0.505522
vt 0.630990 0.489657
vt 0.635654 0.488229
vt 0.629310 0.497805
vt 0.229730 0.460161
vt 0.226382 0.451446
vt 0.223824 0.442470
vt 0.222305 0.433263
vt 0.222243 0.423939
vt 0.224083 0.414807
vt 0.228262 0.406496
vt 0.234604 0.399688
vt 0.242446 0.394662
vt 0.251099 0.391181
vt 0.258780 0.397104
vt 0.266460 0.403027
vt 0.274141 0.408950
vt 0.281822 0.414873
vt 0.289503 0.420796
vt 0.297183 0.426719
vt 0.304864 0.432642
vt 0.312545 0.438565
vt 0.316077 0.447121
vt 0.317475 0.456224
vt 0.314064 0.464631
vt 0.306522 0.469912
vt 0.297968 0.473466
vt 0.289423 0.477044
vt 0.281618 0.481988
vt 0.274168 0.487790
vt 0.265923 0.492370
vt 0.256781 0.494512
vt 0.247720 0.492309
vt 0.240704 0.486081
vt 0.235827 0.478012
vt 0.232335 0.469240
vt 0.248156 0.427928
vt 0.285012 0.450015
vt 0.231857 0.433881
vt 0.240651 0.414306
vt 0.261703 0.419494
vt 0.247130 0.462334
vt 0.288904 0.441180
vt 0.231939 0.425671
vt 0.240431 0.406170
vt 0.233161 0.417855
vt 0.261260 0.408564
vt 0.278635 0.475173
vt 0.263444 0.482710
vt 0.246957 0.480737
vt 0.244017 0.455112
vt 0.301799 0.443515
vt 0.290745 0.462646
vt 0.306861 0.459415
vt 0.240370 0.426969
vt 0.248280 0.442883
vt 0.250875 0.398666
vt 0.250651 0.407672
vt 0.249397 0.419662
vt 0.281102 0.422416
vt 0.243287 0.473539
vt 0.240380 0.434545
vt 0.250502 0.452074
vt 0.256006 0.485164
vt 0.269914 0.437362
vt 0.260664 0.474461
vt 0.257544 0.466682
vt 0.264946 0.463633
vt 0.250376 0.469999
vt 0.254164 0.459179
vt 0.261507 0.455712
vt 0.269893 0.453578
vt 0.280321 0.458684
vt 0.288034 0.456282
vt 0.292944 0.447123
vt 0.296106 0.453732
vt 0.272775 0.442057
vt 0.280144 0.430720
vt 0.274885 0.434335
vt 0.277533 0.452097
vt 0.257443 0.435965
vt 0.283223 0.465222
vt 0.284554 0.435719
vt 0.267115 0.433925
vt 0.262048 0.429912
vt 0.257135 0.446410
vt 0.248565 0.435330
vt 0.256822 0.424673
vt 0.237019 0.457686
vt 0.234388 0.449941
vt 0.239943 0.465700
vt 0.250228 0.486070
vt 0.271086 0.479230
vt 0.286211 0.471480
vt 0.293589 0.468478
vt 0.299456 0.466312
vt 0.232694 0.442064
vt 0.235626 0.411207
vt 0.246101 0.401793
vt 0.255391 0.403002
vt 0.267511 0.414276
vt 0.290905 0.431549
vt 0.285413 0.426370
vt 0.305211 0.450945
vt 0.296618 0.437221
vt 0.298292 0.460526
vt 0.275655 0.468154
vt 0.268088 0.471369
vt 0.253501 0.477590
vt 0.273087 0.420011
vt 0.240895 0.419698
vt 0.245283 0.411953
vt 0.240701 0.442023
vt 0.241462 0.448715
vt 0.255753 0.413848
vt 0.272704 0.461012
vt 0.276369 0.425767
vt 0.246748 0.447890
vt 0.266996 0.424834
vt 0.278485 0.439101
vt 0.254140 0.429522
vt 0.281826 0.444101
vt 0.271341 0.429715
vt 0.275020 0.445918
vt 0.268060 0.445261
vt 0.265633 0.438128
vt 0.089358 0.710189
vt 0.086009 0.701474
vt 0.083452 0.692498
vt 0.081933 0.683291
vt 0.081871 0.673967
vt 0.083711 0.664836
vt 0.087890 0.656524
vt 0.094231 0.649716
vt 0.102074 0.644690
vt 0.110727 0.641209
vt 0.118407 0.647132
vt 0.126088 0.653055
vt 0.133769 0.658978
vt 0.141450 0.664901
vt 0.149130 0.670824
vt 0.156811 0.676747
vt 0.164492 0.682670
vt 0.172173 0.688593
vt 0.175705 0.697149
vt 0.177103 0.706252
vt 0.173692 0.714659
vt 0.166150 0.719940
vt 0.157596 0.723494
vt 0.149051 0.727072
vt 0.141246 0.732016
vt 0.133795 0.737818
vt 0.125551 0.742399
vt 0.116409 0.744540
vt 0.107348 0.742337
vt 0.100332 0.736109
vt 0.095455 0.728041
vt 0.091963 0.719268
vt 0.107446 0.677896
vt 0.145504 0.699775
vt 0.091377 0.683843
vt 0.100259 0.664271
vt 0.121289 0.669430
vt 0.106572 0.711744
vt 0.148999 0.691087
vt 0.091514 0.675647
vt 0.100055 0.656163
vt 0.092764 0.667840
vt 0.120883 0.658521
vt 0.138384 0.724974
vt 0.123109 0.732574
vt 0.106589 0.730672
vt 0.103157 0.704679
vt 0.161568 0.693448
vt 0.150610 0.712468
vt 0.166546 0.709394
vt 0.099821 0.676917
vt 0.106488 0.692442
vt 0.110502 0.648668
vt 0.110270 0.657635
vt 0.108910 0.669617
vt 0.140802 0.672311
vt 0.102894 0.723398
vt 0.099635 0.684458
vt 0.108822 0.701216
vt 0.115649 0.735086
vt 0.131374 0.687620
vt 0.120354 0.724005
vt 0.117180 0.715706
vt 0.124857 0.711945
vt 0.109958 0.719524
vt 0.113474 0.707576
vt 0.121360 0.701654
vt 0.131356 0.701646
vt 0.140704 0.708115
vt 0.148186 0.706001
vt 0.152999 0.696989
vt 0.156029 0.703593
vt 0.138538 0.689505
vt 0.140060 0.680562
vt 0.135252 0.684424
vt 0.132637 0.693373
vt 0.124186 0.691596
vt 0.115907 0.686457
vt 0.143203 0.714876
vt 0.150622 0.681501
vt 0.126984 0.684874
vt 0.121408 0.680255
vt 0.113144 0.695442
vt 0.107369 0.685313
vt 0.116224 0.674753
vt 0.096476 0.707527
vt 0.093825 0.699829
vt 0.099476 0.715484
vt 0.109862 0.736032
vt 0.130797 0.728988
vt 0.145978 0.721334
vt 0.153326 0.718395
vt 0.159165 0.716266
vt 0.092122 0.691985
vt 0.095242 0.661200
vt 0.105725 0.651789
vt 0.115016 0.652989
vt 0.127136 0.664217
vt 0.145154 0.676300
vt 0.156420 0.687177
vt 0.164962 0.700896
vt 0.158087 0.710430
vt 0.135628 0.717571
vt 0.127909 0.720627
vt 0.113138 0.727322
vt 0.132751 0.669939
vt 0.100439 0.669662
vt 0.104873 0.661922
vt 0.099717 0.691807
vt 0.100524 0.698401
vt 0.144555 0.685664
vt 0.115338 0.663801
vt 0.133136 0.709819
vt 0.136163 0.675705
vt 0.105278 0.697353
vt 0.126621 0.674908
vt 0.142720 0.694210
vt 0.113192 0.679702
vt 0.131255 0.679978
vt 0.138851 0.701503
vt 0.138069 0.696362
vt 0.169475 0.370270
vt 0.172823 0.361556
vt 0.175381 0.352579
vt 0.176900 0.343373
vt 0.176962 0.334048
vt 0.175122 0.324917
vt 0.170943 0.316605
vt 0.164601 0.309798
vt 0.156759 0.304772
vt 0.148106 0.301290
vt 0.140425 0.307213
vt 0.132745 0.313136
vt 0.125064 0.319059
vt 0.117383 0.324982
vt 0.109702 0.330905
vt 0.102022 0.336828
vt 0.094341 0.342751
vt 0.086660 0.348674
vt 0.083128 0.357230
vt 0.081730 0.366334
vt 0.085141 0.374741
vt 0.092683 0.380021
vt 0.101237 0.383576
vt 0.109782 0.387153
vt 0.117587 0.392097
vt 0.125037 0.397900
vt 0.133282 0.402480
vt 0.142424 0.404621
vt 0.151484 0.402418
vt 0.158501 0.396191
vt 0.163378 0.388122
vt 0.166870 0.379350
vt 0.108771 0.361891
vt 0.141114 0.381157
vt 0.141224 0.341573
vt 0.124814 0.374346
vt 0.098749 0.352791
vt 0.132978 0.389005
vt 0.133898 0.324566
vt 0.153227 0.324832
vt 0.160701 0.342321
vt 0.152271 0.361861
vt 0.119395 0.378903
vt 0.091805 0.369752
vt 0.151490 0.391185
vt 0.162013 0.372670
vt 0.148477 0.396573
vt 0.142592 0.396161
vt 0.138960 0.318550
vt 0.121750 0.330792
vt 0.162122 0.320991
vt 0.167992 0.342889
vt 0.166636 0.350428
vt 0.167870 0.335440
vt 0.109369 0.372762
vt 0.092478 0.354051
vt 0.148980 0.371290
vt 0.135794 0.379665
vt 0.149873 0.310377
vt 0.156562 0.354808
vt 0.158290 0.331190
vt 0.129719 0.376296
vt 0.160725 0.364991
vt 0.147350 0.348251
vt 0.157232 0.370033
vt 0.139737 0.372364
vt 0.131817 0.358572
vt 0.146756 0.355940
vt 0.145435 0.366601
vt 0.100082 0.361834
vt 0.145039 0.322996
vt 0.148586 0.332103
vt 0.140775 0.330864
vt 0.155268 0.341386
vt 0.159259 0.348404
vt 0.149297 0.380797
vt 0.134945 0.333160
vt 0.134804 0.348595
vt 0.143266 0.350058
vt 0.107138 0.352600
vt 0.160815 0.336666
vt 0.143494 0.387661
vt 0.152183 0.316845
vt 0.116594 0.349790
vt 0.164187 0.357946
vt 0.165851 0.328134
vt 0.158490 0.314371
vt 0.155041 0.309840
vt 0.144098 0.313482
vt 0.125835 0.326561
vt 0.115999 0.336414
vt 0.091873 0.360717
vt 0.100623 0.371981
vt 0.124920 0.384075
vt 0.136284 0.395882
vt 0.155915 0.384476
vt 0.159596 0.377847
vt 0.109643 0.342225
vt 0.130507 0.329882
vt 0.127061 0.335294
vt 0.122245 0.341701
vt 0.103707 0.345859
vt 0.153776 0.374992
vt 0.147106 0.317774
vt 0.117925 0.369966
vt 0.133139 0.338833
vt 0.128996 0.345283
vt 0.144782 0.376402
vt 0.153527 0.335114
vt 0.156537 0.337722
vt 0.153346 0.346164
vt 0.151003 0.351291
vt 0.117117 0.360333
vt 0.125335 0.367775
vt 0.125424 0.351949
vt 0.152828 0.367728
vt 0.148188 0.343859
vt 0.150964 0.339505
vt 0.146925 0.337727
vt 0.133472 0.367179
vt 0.124923 0.359657
vt 0.130682 0.353039
vt 0.140849 0.361047
vt 0.137684 0.354568
vt 0.275279 0.153580
vt 0.278691 0.144830
vt 0.281402 0.135838
vt 0.283217 0.126626
vt 0.283858 0.117262
vt 0.282930 0.107928
vt 0.280037 0.099016
vt 0.275021 0.091111
vt 0.268191 0.084701
vt 0.260133 0.079903
vt 0.251395 0.076480
vt 0.243764 0.082365
vt 0.236133 0.088249
vt 0.228502 0.094134
vt 0.220871 0.100019
vt 0.213240 0.105903
vt 0.205609 0.111788
vt 0.197978 0.117672
vt 0.190347 0.123557
vt 0.182716 0.129442
vt 0.179169 0.137774
vt 0.177222 0.146594
vt 0.178820 0.155392
vt 0.184946 0.161928
vt 0.192990 0.166069
vt 0.201422 0.169389
vt 0.209718 0.173026
vt 0.217283 0.177976
vt 0.224653 0.183783
vt 0.232691 0.188609
vt 0.241544 0.191635
vt 0.250845 0.191297
vt 0.258995 0.186812
vt 0.265060 0.179690
vt 0.269452 0.171404
vt 0.272733 0.162613
vt 0.249834 0.094813
vt 0.206659 0.134734
vt 0.235074 0.115726
vt 0.258023 0.118320
vt 0.253956 0.142886
vt 0.255394 0.161208
vt 0.254224 0.087077
vt 0.259480 0.107855
vt 0.221498 0.168719
vt 0.212993 0.165381
vt 0.187005 0.151636
vt 0.212147 0.128994
vt 0.198209 0.132698
vt 0.270897 0.120493
vt 0.270561 0.142319
vt 0.265532 0.159108
vt 0.233929 0.179797
vt 0.250955 0.182060
vt 0.270903 0.109147
vt 0.213940 0.115435
vt 0.190053 0.134795
vt 0.200558 0.144767
vt 0.238121 0.101359
vt 0.250514 0.168572
vt 0.228181 0.164733
vt 0.249079 0.153182
vt 0.224803 0.128572
vt 0.227763 0.108292
vt 0.216434 0.121747
vt 0.224113 0.120772
vt 0.218207 0.128563
vt 0.207332 0.140906
vt 0.265772 0.130585
vt 0.255165 0.136690
vt 0.248218 0.105107
vt 0.236810 0.167046
vt 0.231981 0.170542
vt 0.221619 0.147471
vt 0.258615 0.148581
vt 0.248034 0.143396
vt 0.236048 0.126965
vt 0.233887 0.136952
vt 0.213257 0.135471
vt 0.256192 0.128276
vt 0.245437 0.116256
vt 0.225808 0.158666
vt 0.229775 0.155924
vt 0.239659 0.131979
vt 0.219269 0.134967
vt 0.224778 0.142442
vt 0.231740 0.146558
vt 0.233050 0.161095
vt 0.239851 0.149485
vt 0.263158 0.091161
vt 0.269495 0.094195
vt 0.270288 0.100244
vt 0.267497 0.150897
vt 0.273400 0.133948
vt 0.275838 0.127022
vt 0.231462 0.101262
vt 0.219764 0.112601
vt 0.203258 0.125568
vt 0.189196 0.142243
vt 0.196551 0.155784
vt 0.205549 0.160692
vt 0.228015 0.175710
vt 0.257114 0.174216
vt 0.261873 0.166484
vt 0.260690 0.098518
vt 0.209362 0.122024
vt 0.240066 0.180039
vt 0.246072 0.175346
vt 0.207355 0.129765
vt 0.262528 0.139544
vt 0.230112 0.116686
vt 0.259847 0.156299
vt 0.236599 0.110408
vt 0.234859 0.174522
vt 0.220523 0.159965
vt 0.214915 0.159186
vt 0.238621 0.173080
vt 0.242691 0.170571
vt 0.243305 0.163209
vt 0.229549 0.123951
vt 0.233557 0.121845
vt 0.245862 0.127465
vt 0.247989 0.136011
vt 0.237326 0.156694
vt 0.219427 0.153472
vt 0.211045 0.152267
vt 0.224086 0.154369
vt 0.226805 0.151081
vt 0.231072 0.129110
vt 0.240144 0.124735
vt 0.238553 0.119640
vt 0.241167 0.141581
vt 0.225684 0.135733
vt 0.219609 0.140209
vt 0.214572 0.143265
vt 0.232947 0.153059
vt 0.242938 0.136524
vt 0.333621 0.187179
vt 0.330166 0.178320
vt 0.327422 0.169217
vt 0.325585 0.159890
vt 0.324935 0.150409
vt 0.325875 0.140960
vt 0.328804 0.131937
vt 0.333882 0.123933
vt 0.340798 0.117444
vt 0.348955 0.112586
vt 0.357802 0.109121
vt 0.365528 0.115078
vt 0.373254 0.121036
vt 0.380980 0.126994
vt 0.388706 0.132952
vt 0.396432 0.138909
vt 0.404158 0.144867
vt 0.411884 0.150825
vt 0.419610 0.156783
vt 0.427336 0.162741
vt 0.430926 0.171176
vt 0.432897 0.180106
vt 0.431280 0.189014
vt 0.425078 0.195631
vt 0.416934 0.199823
vt 0.408397 0.203185
vt 0.399997 0.206867
vt 0.392339 0.211879
vt 0.384877 0.217758
vt 0.376739 0.222644
vt 0.367776 0.225708
vt 0.358359 0.225365
vt 0.350107 0.220824
vt 0.343967 0.213614
vt 0.339521 0.205225
vt 0.336199 0.196325
vt 0.350688 0.153355
vt 0.368834 0.193504
vt 0.403046 0.181051
vt 0.357878 0.207984
vt 0.351896 0.189516
vt 0.411500 0.177222
vt 0.349079 0.136663
vt 0.385811 0.206834
vt 0.354892 0.212920
vt 0.375060 0.214325
vt 0.347100 0.200480
vt 0.416435 0.166714
vt 0.406929 0.169891
vt 0.397909 0.201266
vt 0.419355 0.189964
vt 0.341945 0.149762
vt 0.342227 0.130652
vt 0.348525 0.125135
vt 0.378720 0.207315
vt 0.344184 0.192711
vt 0.356179 0.203354
vt 0.389094 0.201173
vt 0.415502 0.183955
vt 0.337115 0.159644
vt 0.334536 0.143381
vt 0.368056 0.215853
vt 0.360923 0.215562
vt 0.374314 0.207700
vt 0.349455 0.181980
vt 0.362095 0.201665
vt 0.354117 0.130135
vt 0.368601 0.201082
vt 0.356825 0.122305
vt 0.355887 0.144339
vt 0.410969 0.160152
vt 0.395141 0.185597
vt 0.407768 0.187544
vt 0.354140 0.172391
vt 0.357577 0.179233
vt 0.351290 0.166582
vt 0.348440 0.161120
vt 0.346804 0.174767
vt 0.368834 0.185217
vt 0.366874 0.175530
vt 0.376835 0.194140
vt 0.375132 0.201485
vt 0.389135 0.179052
vt 0.383698 0.197287
vt 0.374859 0.169877
vt 0.379842 0.184954
vt 0.388131 0.190993
vt 0.364170 0.163048
vt 0.392364 0.166649
vt 0.370828 0.168470
vt 0.360729 0.168864
vt 0.377402 0.165293
vt 0.357612 0.164321
vt 0.371569 0.157070
vt 0.359647 0.155787
vt 0.354097 0.158646
vt 0.384123 0.140564
vt 0.375675 0.134724
vt 0.393841 0.155193
vt 0.392019 0.144866
vt 0.401998 0.161500
vt 0.340090 0.144869
vt 0.344547 0.155970
vt 0.400363 0.191664
vt 0.366936 0.128624
vt 0.393874 0.196274
vt 0.397869 0.174161
vt 0.364425 0.149986
vt 0.338897 0.176504
vt 0.341539 0.184593
vt 0.337035 0.168396
vt 0.334633 0.150799
vt 0.337339 0.136859
vt 0.405944 0.155640
vt 0.398990 0.150142
vt 0.420565 0.174073
vt 0.423410 0.181210
vt 0.424682 0.186729
vt 0.412190 0.193678
vt 0.404715 0.197448
vt 0.393114 0.204773
vt 0.381117 0.211558
vt 0.350534 0.207592
vt 0.343420 0.162995
vt 0.344637 0.168185
vt 0.343678 0.141421
vt 0.354095 0.196947
vt 0.368340 0.208187
vt 0.361884 0.136461
vt 0.370532 0.142770
vt 0.348049 0.147219
vt 0.380840 0.203230
vt 0.388668 0.149990
vt 0.380159 0.149936
vt 0.362309 0.208349
vt 0.361219 0.194769
vt 0.359882 0.187184
vt 0.385942 0.159268
vt 0.355407 0.151160
vt 0.383805 0.171636
vt 0.376345 0.175499
vt 0.252039 0.325801
vt 0.248314 0.316388
vt 0.245173 0.306765
vt 0.242798 0.296927
vt 0.241305 0.286918
vt 0.241012 0.276806
vt 0.242143 0.266757
vt 0.245068 0.257083
vt 0.249916 0.248223
vt 0.256533 0.240588
vt 0.264536 0.234414
vt 0.273461 0.229656
vt 0.282929 0.226084
vt 0.291004 0.232311
vt 0.299079 0.238538
vt 0.307155 0.244765
vt 0.315230 0.250992
vt 0.323305 0.257219
vt 0.331380 0.263447
vt 0.339455 0.269674
vt 0.347530 0.275901
vt 0.355605 0.282128
vt 0.363680 0.288355
vt 0.371755 0.294582
vt 0.375541 0.303156
vt 0.378240 0.312124
vt 0.378768 0.321445
vt 0.375606 0.330161
vt 0.368871 0.336599
vt 0.360621 0.341029
vt 0.351933 0.344554
vt 0.343214 0.348002
vt 0.334758 0.352045
vt 0.327048 0.357354
vt 0.319317 0.363588
vt 0.311018 0.369037
vt 0.302055 0.373290
vt 0.292384 0.375418
vt 0.282585 0.374258
vt 0.273930 0.369508
vt 0.267147 0.362288
vt 0.261952 0.353833
vt 0.257891 0.344773
vt 0.254665 0.335380
vt 0.359096 0.306373
vt 0.348479 0.328097
vt 0.364302 0.300161
vt 0.367642 0.312267
vt 0.371185 0.319374
vt 0.367154 0.324348
vt 0.354425 0.323403
vt 0.354631 0.334186
vt 0.347415 0.317545
vt 0.326295 0.326086
vt 0.360593 0.318064
vt 0.334992 0.317212
vt 0.341927 0.322394
vt 0.340183 0.312047
vt 0.342866 0.332235
vt 0.336777 0.326850
vt 0.321096 0.339815
vt 0.337988 0.336292
vt 0.327019 0.335342
vt 0.332019 0.331143
vt 0.308471 0.349802
vt 0.320846 0.351070
vt 0.280646 0.274459
vt 0.345695 0.306479
vt 0.351430 0.300543
vt 0.343806 0.294770
vt 0.284952 0.342268
vt 0.295544 0.349385
vt 0.302705 0.343718
vt 0.302435 0.354854
vt 0.303544 0.332581
vt 0.314839 0.344807
vt 0.297974 0.337304
vt 0.260638 0.267890
vt 0.327675 0.312533
vt 0.338192 0.300876
vt 0.325171 0.301695
vt 0.330674 0.295395
vt 0.317868 0.296382
vt 0.319827 0.308107
vt 0.322007 0.322558
vt 0.336227 0.289016
vt 0.341856 0.282509
vt 0.277387 0.344878
vt 0.286952 0.357320
vt 0.286878 0.350227
vt 0.293549 0.357840
vt 0.281940 0.357013
vt 0.252103 0.268003
vt 0.260831 0.294737
vt 0.300480 0.258987
vt 0.314560 0.272565
vt 0.310570 0.291161
vt 0.328730 0.283352
vt 0.266367 0.340392
vt 0.285314 0.364743
vt 0.264413 0.277055
vt 0.254209 0.304398
vt 0.262030 0.248053
vt 0.267757 0.253892
vt 0.281282 0.255929
vt 0.282477 0.235999
vt 0.294902 0.248792
vt 0.316010 0.284496
vt 0.326528 0.270842
vt 0.263065 0.331545
vt 0.279208 0.324796
vt 0.283513 0.333420
vt 0.271241 0.328046
vt 0.268059 0.319353
vt 0.260015 0.322509
vt 0.272749 0.307929
vt 0.269626 0.300275
vt 0.275853 0.316427
vt 0.293342 0.319563
vt 0.283389 0.313647
vt 0.288752 0.302597
vt 0.307312 0.307988
vt 0.280351 0.305146
vt 0.299586 0.310606
vt 0.292045 0.341095
vt 0.272045 0.270321
vt 0.267148 0.264213
vt 0.300051 0.265973
vt 0.319237 0.265443
vt 0.292141 0.257745
vt 0.285407 0.246688
vt 0.321457 0.277814
vt 0.262433 0.302500
vt 0.276561 0.296671
vt 0.298007 0.294364
vt 0.303569 0.302863
vt 0.291851 0.267011
vt 0.306199 0.297754
vt 0.312801 0.302557
vt 0.286268 0.291025
vt 0.292767 0.278245
vt 0.282419 0.265715
vt 0.273021 0.259873
vt 0.302555 0.285701
vt 0.266849 0.295084
vt 0.289203 0.327984
vt 0.302823 0.320075
vt 0.309444 0.327463
vt 0.321180 0.329656
vt 0.315166 0.333868
vt 0.330346 0.322040
vt 0.323320 0.289906
vt 0.308935 0.278914
vt 0.288988 0.240409
vt 0.256901 0.313471
vt 0.252424 0.295611
vt 0.251947 0.286601
vt 0.252369 0.277116
vt 0.269925 0.348802
vt 0.273985 0.356202
vt 0.278792 0.361867
vt 0.292870 0.365681
vt 0.300163 0.364800
vt 0.306881 0.361260
vt 0.253293 0.260306
vt 0.257004 0.253798
vt 0.266552 0.243781
vt 0.302720 0.251707
vt 0.308224 0.254200
vt 0.334142 0.276594
vt 0.349621 0.288463
vt 0.357258 0.294381
vt 0.369162 0.305195
vt 0.361270 0.329634
vt 0.348139 0.337920
vt 0.343113 0.340738
vt 0.327663 0.346058
vt 0.312479 0.261061
vt 0.276377 0.241494
vt 0.333971 0.341423
vt 0.272992 0.248774
vt 0.306597 0.259746
vt 0.313879 0.356430
vt 0.298716 0.359165
vt 0.280047 0.352080
vt 0.274627 0.336684
vt 0.265036 0.310813
vt 0.261821 0.287158
vt 0.258903 0.262268
vt 0.262703 0.258543
vt 0.353200 0.312115
vt 0.305125 0.264542
vt 0.308695 0.267766
vt 0.309063 0.338744
vt 0.302612 0.272725
vt 0.286285 0.321498
vt 0.275354 0.283195
vt 0.270146 0.290527
vt 0.332805 0.306787
vt 0.323460 0.318175
vt 0.316611 0.323811
vt 0.275828 0.265303
vt 0.293768 0.332026
vt 0.289775 0.335513
vt 0.298400 0.327426
vt 0.291267 0.311603
vt 0.293648 0.324991
vt 0.314007 0.315631
vt 0.297479 0.302607
vt 0.053459 0.246843
vt 0.049983 0.237931
vt 0.047223 0.228774
vt 0.045375 0.219392
vt 0.044721 0.209855
vt 0.045667 0.200349
vt 0.048613 0.191273
vt 0.053721 0.183221
vt 0.060678 0.176693
vt 0.068884 0.171807
vt 0.077784 0.168321
vt 0.085555 0.174314
vt 0.093327 0.180307
vt 0.101099 0.186300
vt 0.108871 0.192293
vt 0.116643 0.198287
vt 0.124414 0.204280
vt 0.132186 0.210273
vt 0.139958 0.216266
vt 0.147730 0.222259
vt 0.151342 0.230745
vt 0.153325 0.239728
vt 0.151697 0.248688
vt 0.145459 0.255346
vt 0.137266 0.259562
vt 0.128679 0.262944
vt 0.120229 0.266648
vt 0.112525 0.271689
vt 0.105019 0.277604
vt 0.096833 0.282518
vt 0.087816 0.285601
vt 0.078343 0.285256
vt 0.070043 0.280688
vt 0.063866 0.273435
vt 0.059393 0.264996
vt 0.056052 0.256043
vt 0.075270 0.214168
vt 0.123560 0.240634
vt 0.101931 0.257714
vt 0.083249 0.267747
vt 0.071140 0.247649
vt 0.131884 0.236725
vt 0.069132 0.194692
vt 0.076297 0.273329
vt 0.094444 0.271872
vt 0.067345 0.259412
vt 0.136835 0.226150
vt 0.127459 0.229286
vt 0.139605 0.249606
vt 0.062828 0.208985
vt 0.062172 0.189409
vt 0.068425 0.183954
vt 0.063919 0.251741
vt 0.078602 0.260883
vt 0.117158 0.261209
vt 0.135782 0.243556
vt 0.057418 0.219261
vt 0.054647 0.202527
vt 0.086467 0.275839
vt 0.080369 0.278141
vt 0.091551 0.260999
vt 0.068468 0.241018
vt 0.084964 0.254973
vt 0.074047 0.188562
vt 0.092774 0.252984
vt 0.076766 0.181198
vt 0.075982 0.200737
vt 0.090249 0.201073
vt 0.131377 0.219528
vt 0.103767 0.243754
vt 0.073299 0.232482
vt 0.075223 0.238546
vt 0.070963 0.226605
vt 0.086932 0.238371
vt 0.068642 0.221373
vt 0.066227 0.234351
vt 0.085283 0.245094
vt 0.091954 0.242961
vt 0.097606 0.249353
vt 0.110820 0.238400
vt 0.083300 0.220995
vt 0.113120 0.225846
vt 0.113751 0.255687
vt 0.080372 0.230999
vt 0.077114 0.224671
vt 0.073675 0.220071
vt 0.104228 0.199558
vt 0.095624 0.193571
vt 0.114240 0.214236
vt 0.112250 0.204003
vt 0.122495 0.220767
vt 0.060565 0.203868
vt 0.066039 0.215947
vt 0.086892 0.187375
vt 0.118740 0.233542
vt 0.058586 0.236028
vt 0.061108 0.243907
vt 0.056933 0.227995
vt 0.054903 0.210157
vt 0.057413 0.195825
vt 0.126330 0.214972
vt 0.119309 0.209373
vt 0.140945 0.233592
vt 0.143761 0.240799
vt 0.145021 0.246365
vt 0.132340 0.253378
vt 0.124659 0.257215
vt 0.110284 0.265157
vt 0.102919 0.268087
vt 0.071528 0.266765
vt 0.128035 0.247225
vt 0.120576 0.251342
vt 0.108655 0.259519
vt 0.063522 0.222850
vt 0.064411 0.227950
vt 0.064190 0.200099
vt 0.074447 0.254307
vt 0.081793 0.194437
vt 0.069568 0.205997
vt 0.115942 0.245249
vt 0.083193 0.207795
vt 0.091196 0.215209
vt 0.108897 0.208922
vt 0.100192 0.208557
vt 0.108848 0.250601
vt 0.080573 0.249540
vt 0.077495 0.244102
vt 0.106410 0.218040
vt 0.088744 0.249003
vt 0.082810 0.241117
vt 0.097994 0.223581
vt 0.104904 0.231153
vt 0.081334 0.237258
vt 0.097506 0.236963
vt 0.088056 0.242142
vt 0.089221 0.230182
vt 0.219635 0.667363
vt 0.211492 0.661252
vt 0.204702 0.653653
vt 0.199279 0.645022
vt 0.195322 0.635631
vt 0.192991 0.625712
vt 0.192519 0.615537
vt 0.194009 0.605462
vt 0.197372 0.595848
vt 0.202393 0.586983
vt 0.208735 0.579007
vt 0.216044 0.571898
vt 0.224115 0.565663
vt 0.232670 0.560106
vt 0.240113 0.566322
vt 0.247555 0.572538
vt 0.254997 0.578754
vt 0.262440 0.584970
vt 0.269882 0.591186
vt 0.277324 0.597401
vt 0.284767 0.603617
vt 0.292209 0.609833
vt 0.299652 0.616049
vt 0.307094 0.622265
vt 0.314536 0.628481
vt 0.321979 0.634697
vt 0.329421 0.640913
vt 0.336864 0.647129
vt 0.341219 0.655539
vt 0.344745 0.664324
vt 0.346868 0.673528
vt 0.346237 0.682903
vt 0.341506 0.690965
vt 0.333667 0.696194
vt 0.324756 0.699372
vt 0.315503 0.701396
vt 0.306155 0.702938
vt 0.296804 0.704458
vt 0.287557 0.706501
vt 0.278893 0.710218
vt 0.273658 0.717763
vt 0.266401 0.722292
vt 0.257311 0.719670
vt 0.249157 0.714795
vt 0.241904 0.708648
vt 0.235541 0.701583
vt 0.230113 0.693774
vt 0.225626 0.685389
vt 0.222127 0.676544
vt 0.229118 0.614985
vt 0.321407 0.670825
vt 0.265523 0.713227
vt 0.253221 0.689014
vt 0.331477 0.665910
vt 0.330298 0.675179
vt 0.236396 0.666385
vt 0.278492 0.620975
vt 0.293848 0.693542
vt 0.267547 0.702391
vt 0.329564 0.654376
vt 0.338668 0.673733
vt 0.315784 0.691418
vt 0.335233 0.683613
vt 0.233831 0.679623
vt 0.299086 0.640555
vt 0.247116 0.681753
vt 0.323243 0.648045
vt 0.316104 0.684240
vt 0.241621 0.674203
vt 0.303212 0.635093
vt 0.278428 0.609318
vt 0.292667 0.623056
vt 0.232120 0.645773
vt 0.231078 0.658565
vt 0.279821 0.704044
vt 0.254880 0.676446
vt 0.274440 0.684701
vt 0.307090 0.664520
vt 0.311719 0.659182
vt 0.316269 0.663111
vt 0.301303 0.679492
vt 0.310724 0.674761
vt 0.247426 0.597162
vt 0.258134 0.591739
vt 0.241291 0.591937
vt 0.221776 0.592029
vt 0.226945 0.598958
vt 0.229961 0.585265
vt 0.305157 0.644274
vt 0.300337 0.649929
vt 0.318233 0.677901
vt 0.265949 0.620018
vt 0.277937 0.631828
vt 0.288677 0.641755
vt 0.294488 0.645802
vt 0.293477 0.636748
vt 0.216951 0.630295
vt 0.210428 0.603547
vt 0.208743 0.612850
vt 0.276035 0.673970
vt 0.283016 0.689843
vt 0.259144 0.602531
vt 0.231352 0.574642
vt 0.220330 0.581106
vt 0.220572 0.603923
vt 0.209368 0.592703
vt 0.306149 0.654401
vt 0.272149 0.626035
vt 0.284398 0.627120
vt 0.203018 0.623271
vt 0.212109 0.620441
vt 0.214756 0.638415
vt 0.225478 0.638047
vt 0.212600 0.648649
vt 0.224578 0.663341
vt 0.265514 0.608560
vt 0.248796 0.623681
vt 0.218454 0.656057
vt 0.250293 0.614621
vt 0.254684 0.619374
vt 0.251746 0.607558
vt 0.242544 0.609671
vt 0.241755 0.627894
vt 0.260617 0.636808
vt 0.237142 0.619970
vt 0.246117 0.648741
vt 0.239849 0.640621
vt 0.247757 0.635728
vt 0.254353 0.630383
vt 0.259062 0.652871
vt 0.262674 0.645312
vt 0.256577 0.664400
vt 0.249205 0.669120
vt 0.269178 0.667134
vt 0.268435 0.678413
vt 0.243783 0.661484
vt 0.270764 0.656716
vt 0.277745 0.642005
vt 0.283214 0.637053
vt 0.283682 0.647009
vt 0.285943 0.655743
vt 0.272267 0.646826
vt 0.272181 0.636667
vt 0.275018 0.662926
vt 0.295640 0.654947
vt 0.284504 0.659338
vt 0.284940 0.676441
vt 0.278403 0.680535
vt 0.301246 0.659469
vt 0.292789 0.671490
vt 0.284891 0.683054
vt 0.263896 0.660280
vt 0.291265 0.659249
vt 0.268663 0.690572
vt 0.231480 0.605763
vt 0.231860 0.568875
vt 0.258343 0.708068
vt 0.251235 0.701896
vt 0.272946 0.707470
vt 0.208090 0.641144
vt 0.229233 0.671473
vt 0.201489 0.614621
vt 0.201756 0.606868
vt 0.204731 0.599742
vt 0.215052 0.586211
vt 0.250715 0.587998
vt 0.242381 0.584434
vt 0.264653 0.597135
vt 0.271480 0.603104
vt 0.285449 0.615796
vt 0.300909 0.626890
vt 0.306219 0.630155
vt 0.316608 0.642313
vt 0.334929 0.660489
vt 0.337455 0.666114
vt 0.340046 0.680083
vt 0.329074 0.688197
vt 0.322696 0.691186
vt 0.238932 0.687531
vt 0.244732 0.695006
vt 0.260166 0.695968
vt 0.309878 0.637540
vt 0.302595 0.694616
vt 0.308975 0.694941
vt 0.279170 0.698261
vt 0.206976 0.607755
vt 0.205845 0.632585
vt 0.297635 0.632005
vt 0.292932 0.629228
vt 0.321166 0.685735
vt 0.324693 0.681753
vt 0.317377 0.654487
vt 0.323219 0.661742
vt 0.311323 0.648869
vt 0.225255 0.651079
vt 0.219522 0.644047
vt 0.215536 0.598050
vt 0.254901 0.597144
vt 0.272096 0.614718
vt 0.234256 0.594450
vt 0.238927 0.601761
vt 0.308854 0.688814
vt 0.301490 0.687080
vt 0.293305 0.685463
vt 0.288505 0.632537
vt 0.214867 0.608917
vt 0.261299 0.683611
vt 0.259473 0.613877
vt 0.238274 0.653641
vt 0.313872 0.668304
vt 0.309246 0.681827
vt 0.293084 0.678222
vt 0.219835 0.615448
vt 0.225251 0.610030
vt 0.262268 0.671598
vt 0.266298 0.631206
vt 0.233572 0.632266
vt 0.227323 0.622593
vt 0.251385 0.656874
vt 0.301603 0.670854
vt 0.244694 0.616986
vt 0.235071 0.612597
vt 0.260321 0.625245
vt 0.296179 0.663944
vt 0.289938 0.650875
vt 0.266935 0.641403
vt 0.255245 0.643892
vt 0.290722 0.666191
vt 0.280115 0.667970
vt 0.286709 0.667058
vt 0.286138 0.670740
vt 0.266192 0.650431
vt 0.283599 0.664325
vt 0.287523 0.662276
vt 0.280393 0.659974
vt 0.278610 0.653253
vt 0.057838 0.522527
vt 0.054252 0.513650
vt 0.051108 0.504608
vt 0.048477 0.495403
vt 0.046452 0.486046
vt 0.045150 0.476563
vt 0.044721 0.467001
vt 0.045361 0.457453
vt 0.047257 0.448078
vt 0.050563 0.439106
vt 0.055329 0.430821
vt 0.061448 0.423478
vt 0.068675 0.417219
vt 0.076723 0.412045
vt 0.085371 0.407949
vt 0.094355 0.404650
vt 0.102432 0.410879
vt 0.110509 0.417108
vt 0.118586 0.423336
vt 0.126663 0.429565
vt 0.134740 0.435794
vt 0.142818 0.442022
vt 0.150895 0.448251
vt 0.158972 0.454480
vt 0.167049 0.460708
vt 0.175126 0.466937
vt 0.183203 0.473166
vt 0.191280 0.479394
vt 0.199358 0.485623
vt 0.204566 0.494371
vt 0.209192 0.503439
vt 0.212695 0.512990
vt 0.214047 0.523036
vt 0.211263 0.532686
vt 0.204019 0.539709
vt 0.194850 0.544099
vt 0.185157 0.547212
vt 0.175329 0.549876
vt 0.165515 0.552593
vt 0.155846 0.555779
vt 0.146508 0.559827
vt 0.137525 0.564399
vt 0.128480 0.568849
vt 0.119318 0.573051
vt 0.109948 0.576760
vt 0.100261 0.579515
vt 0.090245 0.580236
vt 0.080790 0.577068
vt 0.073666 0.570039
vt 0.068745 0.561265
vt 0.065156 0.551850
vt 0.062298 0.542185
vt 0.059933 0.532387
vt 0.088080 0.461057
vt 0.086549 0.439879
vt 0.069744 0.475875
vt 0.062014 0.482217
vt 0.088137 0.506379
vt 0.063623 0.451004
vt 0.053973 0.467087
vt 0.081251 0.420732
vt 0.068410 0.430163
vt 0.057122 0.490008
vt 0.082347 0.429828
vt 0.062097 0.475275
vt 0.063017 0.459061
vt 0.060316 0.503304
vt 0.078029 0.524115
vt 0.084169 0.451836
vt 0.099510 0.439873
vt 0.101262 0.421346
vt 0.063314 0.511550
vt 0.066754 0.520277
vt 0.072267 0.450217
vt 0.062674 0.493986
vt 0.080087 0.492505
vt 0.069457 0.499412
vt 0.080197 0.507487
vt 0.096048 0.553384
vt 0.138901 0.505904
vt 0.068136 0.442010
vt 0.070565 0.468028
vt 0.075388 0.484412
vt 0.086067 0.470971
vt 0.078316 0.469299
vt 0.076984 0.477087
vt 0.078588 0.454353
vt 0.088573 0.488283
vt 0.082134 0.485990
vt 0.087026 0.498047
vt 0.089248 0.563637
vt 0.124288 0.533128
vt 0.154285 0.489128
vt 0.193599 0.519054
vt 0.188580 0.529767
vt 0.114352 0.430979
vt 0.129560 0.442875
vt 0.111825 0.451596
vt 0.096087 0.444008
vt 0.094085 0.437852
vt 0.090334 0.447658
vt 0.105620 0.459788
vt 0.110713 0.474918
vt 0.089197 0.534598
vt 0.079092 0.461059
vt 0.071235 0.459591
vt 0.113321 0.504294
vt 0.099189 0.570307
vt 0.113734 0.559027
vt 0.097694 0.561951
vt 0.081348 0.565731
vt 0.132497 0.545905
vt 0.161720 0.473316
vt 0.169848 0.496039
vt 0.139882 0.473522
vt 0.157266 0.538845
vt 0.190242 0.511390
vt 0.195087 0.499359
vt 0.202500 0.515831
vt 0.204493 0.523802
vt 0.183900 0.539881
vt 0.137259 0.448879
vt 0.121878 0.436884
vt 0.105390 0.445135
vt 0.116975 0.444183
vt 0.124439 0.450109
vt 0.126745 0.463167
vt 0.083559 0.528497
vt 0.102484 0.470508
vt 0.092705 0.474733
vt 0.105385 0.552033
vt 0.113510 0.553406
vt 0.122359 0.539303
vt 0.138946 0.536909
vt 0.130903 0.538489
vt 0.105532 0.540503
vt 0.137100 0.529742
vt 0.117219 0.520469
vt 0.129918 0.531632
vt 0.097824 0.527424
vt 0.124688 0.517598
vt 0.127520 0.524959
vt 0.120851 0.527884
vt 0.108977 0.523705
vt 0.097386 0.515307
vt 0.084306 0.571399
vt 0.166728 0.469180
vt 0.177498 0.479133
vt 0.157948 0.466882
vt 0.190113 0.491778
vt 0.176822 0.490697
vt 0.181721 0.515221
vt 0.205000 0.529894
vt 0.168680 0.542030
vt 0.177277 0.526399
vt 0.185294 0.522610
vt 0.181018 0.533281
vt 0.164097 0.535518
vt 0.154556 0.532348
vt 0.149374 0.541673
vt 0.152294 0.548788
vt 0.163322 0.523568
vt 0.114445 0.465790
vt 0.131871 0.455901
vt 0.138962 0.461545
vt 0.095092 0.493295
vt 0.114226 0.496101
vt 0.115640 0.487544
vt 0.118397 0.479104
vt 0.106188 0.560325
vt 0.126049 0.545358
vt 0.144948 0.527509
vt 0.119297 0.504048
vt 0.081520 0.515120
vt 0.106601 0.513923
vt 0.088812 0.514945
vt 0.072546 0.539897
vt 0.155817 0.478454
vt 0.186419 0.503874
vt 0.171408 0.484653
vt 0.145467 0.467143
vt 0.122130 0.470925
vt 0.133631 0.468469
vt 0.136427 0.490092
vt 0.128968 0.475630
vt 0.140389 0.484323
vt 0.125213 0.482973
vt 0.133802 0.496721
vt 0.122706 0.490358
vt 0.141879 0.498326
vt 0.129883 0.505058
vt 0.122705 0.497714
vt 0.105473 0.504418
vt 0.122141 0.509735
vt 0.114820 0.512105
vt 0.166222 0.478894
vt 0.151144 0.472761
vt 0.142966 0.551997
vt 0.158624 0.494952
vt 0.145356 0.478576
vt 0.150064 0.483685
vt 0.148370 0.493654
vt 0.165056 0.489934
vt 0.147777 0.502724
vt 0.152642 0.498510
vt 0.155892 0.502655
vt 0.144931 0.488521
vt 0.159781 0.512279
vt 0.150557 0.517245
vt 0.152539 0.507202
vt 0.142542 0.520106
vt 0.132309 0.514582
vt 0.169191 0.504864
vt 0.178269 0.507878
vt 0.162667 0.502158
vt 0.054055 0.475606
vt 0.054911 0.483469
vt 0.054542 0.458375
vt 0.055851 0.449988
vt 0.058026 0.442611
vt 0.062475 0.436401
vt 0.075171 0.424485
vt 0.090812 0.416802
vt 0.107189 0.425552
vt 0.144736 0.454868
vt 0.151781 0.460843
vt 0.171393 0.473536
vt 0.183928 0.485250
vt 0.199255 0.507505
vt 0.199273 0.533197
vt 0.191651 0.536736
vt 0.177848 0.542279
vt 0.160939 0.545564
vt 0.132049 0.554954
vt 0.123885 0.561448
vt 0.116219 0.565454
vt 0.107886 0.568212
vt 0.090747 0.571395
vt 0.078072 0.557878
vt 0.075045 0.549089
vt 0.057155 0.497564
vt 0.174326 0.537063
vt 0.063262 0.445208
vt 0.196486 0.526455
vt 0.118605 0.556187
vt 0.123226 0.550664
vt 0.094228 0.427720
vt 0.074552 0.517112
vt 0.071880 0.508890
vt 0.074585 0.436625
vt 0.102683 0.432840
vt 0.109850 0.438284
vt 0.086944 0.555407
vt 0.140946 0.544121
vt 0.182052 0.496937
vt 0.081238 0.538381
vt 0.084275 0.546688
vt 0.062413 0.467363
vt 0.071213 0.529796
vt 0.061963 0.487039
vt 0.169756 0.530637
vt 0.079393 0.444639
vt 0.174840 0.501430
vt 0.078670 0.532225
vt 0.068475 0.482849
vt 0.079192 0.499363
vt 0.082585 0.520736
vt 0.119363 0.457666
vt 0.146956 0.534610
vt 0.093763 0.543793
vt 0.160345 0.484103
vt 0.116157 0.545969
vt 0.160658 0.530478
vt 0.173101 0.519051
vt 0.066548 0.488816
vt 0.088195 0.522900
vt 0.170085 0.511018
vt 0.100407 0.450960
vt 0.072870 0.491286
vt 0.153346 0.525167
vt 0.135036 0.480028
vt 0.094395 0.455011
vt 0.114430 0.532849
vt 0.085229 0.492945
vt 0.098577 0.460477
vt 0.084084 0.478670
vt 0.096522 0.504850
vt 0.134868 0.522347
vt 0.131022 0.486524
vt 0.095462 0.466694
vt 0.105550 0.494561
vt 0.141079 0.492313
vt 0.090813 0.480595
vt 0.097701 0.480712
vt 0.140115 0.512936
vt 0.146881 0.511022
vt 0.127559 0.492829
vt 0.144520 0.506550
vt 0.107401 0.484434
vt 0.327136 0.560738
vt 0.320230 0.553764
vt 0.314103 0.546098
vt 0.308909 0.537772
vt 0.304842 0.528845
vt 0.302131 0.519421
vt 0.301017 0.509684
vt 0.301699 0.499910
vt 0.304240 0.490448
vt 0.308518 0.481631
vt 0.314243 0.473675
vt 0.321062 0.466628
vt 0.328687 0.460453
vt 0.336919 0.455112
vt 0.345561 0.450461
vt 0.354495 0.446397
vt 0.363653 0.442861
vt 0.371730 0.449090
vt 0.379807 0.455318
vt 0.387884 0.461547
vt 0.395961 0.467776
vt 0.404038 0.474004
vt 0.412115 0.480233
vt 0.420193 0.486462
vt 0.428270 0.492690
vt 0.436347 0.498919
vt 0.444424 0.505148
vt 0.452501 0.511376
vt 0.460578 0.517605
vt 0.468655 0.523833
vt 0.473549 0.532588
vt 0.477789 0.541675
vt 0.480814 0.551231
vt 0.481644 0.561191
vt 0.478908 0.570739
vt 0.472318 0.578195
vt 0.463689 0.583261
vt 0.454329 0.586850
vt 0.444707 0.589685
vt 0.435008 0.592248
vt 0.425337 0.594914
vt 0.415806 0.598038
vt 0.406200 0.601534
vt 0.396520 0.604817
vt 0.386726 0.607739
vt 0.376771 0.610048
vt 0.366635 0.611292
vt 0.356473 0.610518
vt 0.347158 0.606488
vt 0.340025 0.599243
vt 0.335161 0.590272
vt 0.331731 0.580649
vt 0.329169 0.570755
vt 0.433526 0.549175
vt 0.457232 0.561096
vt 0.330712 0.499972
vt 0.380017 0.497583
vt 0.361351 0.463675
vt 0.366844 0.459955
vt 0.388820 0.579010
vt 0.352364 0.567118
vt 0.471221 0.552472
vt 0.460104 0.570867
vt 0.450039 0.541799
vt 0.321259 0.536561
vt 0.364458 0.453676
vt 0.350061 0.459495
vt 0.354745 0.467727
vt 0.342434 0.463856
vt 0.335073 0.468759
vt 0.334788 0.481382
vt 0.328264 0.474369
vt 0.322139 0.480714
vt 0.335724 0.493126
vt 0.346145 0.483143
vt 0.324098 0.493409
vt 0.316866 0.487661
vt 0.352802 0.480043
vt 0.359859 0.475580
vt 0.376139 0.461296
vt 0.393546 0.595614
vt 0.403955 0.582438
vt 0.353960 0.588646
vt 0.374756 0.589371
vt 0.346320 0.576917
vt 0.472209 0.560163
vt 0.465821 0.559616
vt 0.462228 0.545375
vt 0.456991 0.577365
vt 0.470165 0.567320
vt 0.453906 0.567682
vt 0.454753 0.538951
vt 0.314420 0.533006
vt 0.321982 0.542410
vt 0.310157 0.502631
vt 0.319656 0.498880
vt 0.319337 0.522154
vt 0.315713 0.511827
vt 0.330386 0.508149
vt 0.320365 0.530385
vt 0.398096 0.480190
vt 0.399200 0.494312
vt 0.346486 0.492685
vt 0.352783 0.496797
vt 0.338693 0.503045
vt 0.357413 0.489156
vt 0.365694 0.496849
vt 0.384704 0.597979
vt 0.350026 0.600015
vt 0.365938 0.599768
vt 0.365147 0.588313
vt 0.447550 0.517677
vt 0.439654 0.511869
vt 0.429191 0.585490
vt 0.461935 0.553901
vt 0.447262 0.578978
vt 0.451246 0.573624
vt 0.468490 0.538629
vt 0.462214 0.526370
vt 0.331529 0.535492
vt 0.330374 0.541534
vt 0.348144 0.546494
vt 0.337484 0.543854
vt 0.347505 0.535183
vt 0.342212 0.557881
vt 0.323527 0.507400
vt 0.321993 0.514271
vt 0.331463 0.530545
vt 0.391948 0.486392
vt 0.378850 0.485032
vt 0.384845 0.479529
vt 0.372532 0.490744
vt 0.371836 0.466307
vt 0.419512 0.495580
vt 0.425298 0.502343
vt 0.406089 0.505133
vt 0.347736 0.501755
vt 0.366244 0.511716
vt 0.359194 0.503232
vt 0.383024 0.588873
vt 0.375447 0.580221
vt 0.374173 0.567573
vt 0.360699 0.563745
vt 0.355527 0.554834
vt 0.379396 0.574945
vt 0.337002 0.570013
vt 0.344475 0.567982
vt 0.442623 0.524430
vt 0.451942 0.531033
vt 0.444406 0.536527
vt 0.441770 0.554711
vt 0.434465 0.518391
vt 0.427710 0.525102
vt 0.428207 0.512297
vt 0.418576 0.573088
vt 0.425337 0.580382
vt 0.455048 0.544268
vt 0.326212 0.539721
vt 0.338234 0.535214
vt 0.335450 0.562877
vt 0.398089 0.503661
vt 0.388309 0.503950
vt 0.416841 0.502453
vt 0.369012 0.557850
vt 0.453185 0.550916
vt 0.422166 0.576587
vt 0.373165 0.503932
vt 0.375519 0.515119
vt 0.405383 0.520919
vt 0.358241 0.524849
vt 0.351960 0.507495
vt 0.329445 0.515743
vt 0.411846 0.506460
vt 0.358302 0.541737
vt 0.362154 0.533371
vt 0.363322 0.549498
vt 0.370387 0.543851
vt 0.369642 0.532911
vt 0.364605 0.529233
vt 0.347153 0.525833
vt 0.327911 0.523510
vt 0.409802 0.587019
vt 0.410538 0.577744
vt 0.396294 0.576822
vt 0.415985 0.563262
vt 0.403761 0.565495
vt 0.386216 0.570976
vt 0.390844 0.558652
vt 0.412215 0.569897
vt 0.426750 0.557193
vt 0.377786 0.551003
vt 0.380529 0.517765
vt 0.374218 0.521630
vt 0.373320 0.527875
vt 0.387643 0.549039
vt 0.379461 0.542783
vt 0.380951 0.531420
vt 0.385359 0.540163
vt 0.396554 0.546836
vt 0.406247 0.545252
vt 0.393400 0.537655
vt 0.420391 0.547786
vt 0.413724 0.552198
vt 0.397772 0.525900
vt 0.366771 0.520999
vt 0.418410 0.527555
vt 0.432381 0.537010
vt 0.426979 0.542358
vt 0.437886 0.564180
vt 0.414637 0.519186
vt 0.414532 0.539769
vt 0.447101 0.565080
vt 0.439071 0.542555
vt 0.333315 0.552478
vt 0.326475 0.547546
vt 0.339247 0.578567
vt 0.309454 0.518214
vt 0.312013 0.525554
vt 0.309085 0.510589
vt 0.312730 0.494905
vt 0.357591 0.455811
vt 0.369793 0.456004
vt 0.383151 0.467384
vt 0.390514 0.473720
vt 0.405744 0.486606
vt 0.413585 0.491747
vt 0.432377 0.506357
vt 0.455571 0.523171
vt 0.462423 0.532188
vt 0.469932 0.544538
vt 0.466221 0.573617
vt 0.462300 0.578081
vt 0.441303 0.582731
vt 0.436341 0.585336
vt 0.418727 0.590384
vt 0.423675 0.588485
vt 0.401972 0.592228
vt 0.375542 0.599292
vt 0.356599 0.599737
vt 0.346486 0.593649
vt 0.342047 0.586655
vt 0.316594 0.538555
vt 0.314835 0.517398
vt 0.461974 0.538786
vt 0.432754 0.581047
vt 0.436978 0.576915
vt 0.416610 0.584795
vt 0.421411 0.583267
vt 0.347442 0.584073
vt 0.347725 0.471996
vt 0.340932 0.476320
vt 0.329187 0.487158
vt 0.317263 0.505184
vt 0.378018 0.472854
vt 0.463330 0.564725
vt 0.408929 0.498411
vt 0.398293 0.584670
vt 0.390921 0.587042
vt 0.424100 0.508093
vt 0.366321 0.470939
vt 0.442238 0.572636
vt 0.372189 0.478084
vt 0.340786 0.487584
vt 0.428621 0.576534
vt 0.431741 0.571291
vt 0.324632 0.502084
vt 0.436780 0.530767
vt 0.422337 0.516556
vt 0.391033 0.496575
vt 0.385462 0.491396
vt 0.365999 0.575381
vt 0.354661 0.577016
vt 0.350034 0.559944
vt 0.416436 0.578758
vt 0.420004 0.579537
vt 0.449822 0.557951
vt 0.326361 0.535398
vt 0.326525 0.529960
vt 0.403637 0.575625
vt 0.446862 0.570447
vt 0.381672 0.580762
vt 0.418972 0.509724
vt 0.365498 0.483391
vt 0.423557 0.567662
vt 0.398643 0.511305
vt 0.342160 0.497653
vt 0.350015 0.488328
vt 0.394279 0.567986
vt 0.427236 0.532524
vt 0.446016 0.547495
vt 0.336466 0.526450
vt 0.382255 0.562051
vt 0.412768 0.511894
vt 0.356550 0.533785
vt 0.421789 0.535552
vt 0.337579 0.517179
vt 0.337937 0.509532
vt 0.391527 0.512386
vt 0.424781 0.573594
vt 0.405721 0.512313
vt 0.380534 0.509558
vt 0.343840 0.504852
vt 0.410025 0.530733
vt 0.385032 0.515289
vt 0.346411 0.517001
vt 0.345037 0.509720
vt 0.365121 0.537968
vt 0.399018 0.556016
vt 0.409596 0.558509
vt 0.418820 0.557551
vt 0.401861 0.534885
vt 0.394031 0.519188
vt 0.399352 0.517137
vt 0.355714 0.515265
vt 0.404954 0.553259
vt 0.387476 0.521589
vt 0.375110 0.537741
vt 0.389900 0.529141
vt 0.380793 0.523101
vt 0.368232 0.526035
vt 0.419872 0.394747
vt 0.413920 0.386754
vt 0.408409 0.378451
vt 0.403482 0.369791
vt 0.399332 0.360735
vt 0.396224 0.351274
vt 0.394505 0.341472
vt 0.394560 0.331527
vt 0.396676 0.321814
vt 0.400848 0.312789
vt 0.406724 0.304765
vt 0.413799 0.297763
vt 0.421767 0.291787
vt 0.430261 0.286582
vt 0.439147 0.282073
vt 0.448318 0.278171
vt 0.457672 0.274731
vt 0.467161 0.271681
vt 0.476617 0.273868
vt 0.486125 0.275824
vt 0.495665 0.277615
vt 0.505217 0.279343
vt 0.514767 0.281081
vt 0.524298 0.282916
vt 0.533797 0.284913
vt 0.543224 0.287223
vt 0.552548 0.289918
vt 0.561645 0.293297
vt 0.570341 0.297584
vt 0.578208 0.303226
vt 0.584358 0.310666
vt 0.587608 0.319739
vt 0.587604 0.329400
vt 0.585247 0.338789
vt 0.581469 0.347720
vt 0.576787 0.356218
vt 0.582421 0.364173
vt 0.587634 0.372408
vt 0.592249 0.380991
vt 0.595705 0.390097
vt 0.596925 0.399720
vt 0.594092 0.408905
vt 0.587135 0.415608
vt 0.578418 0.419925
vt 0.569132 0.422881
vt 0.559662 0.425191
vt 0.550125 0.427213
vt 0.540578 0.429185
vt 0.531059 0.431290
vt 0.521610 0.433689
vt 0.512451 0.436124
vt 0.503216 0.438258
vt 0.493887 0.439921
vt 0.484463 0.440895
vt 0.474992 0.440887
vt 0.465624 0.439523
vt 0.456644 0.436542
vt 0.448365 0.431958
vt 0.441053 0.425945
vt 0.434665 0.418956
vt 0.429105 0.411286
vt 0.424225 0.403166
vt 0.481789 0.384935
vt 0.559594 0.323141
vt 0.568556 0.397115
vt 0.526437 0.313616
vt 0.560114 0.308713
vt 0.570835 0.325057
vt 0.580638 0.393030
vt 0.497160 0.303819
vt 0.457798 0.414387
vt 0.433191 0.399056
vt 0.542386 0.297316
vt 0.567840 0.319813
vt 0.584999 0.403700
vt 0.580469 0.409215
vt 0.475672 0.287090
vt 0.489485 0.283522
vt 0.468194 0.281341
vt 0.460229 0.429170
vt 0.453298 0.425342
vt 0.492903 0.418553
vt 0.569753 0.309527
vt 0.578037 0.322568
vt 0.572153 0.335299
vt 0.576791 0.385309
vt 0.496860 0.288206
vt 0.464575 0.423532
vt 0.474025 0.409701
vt 0.452884 0.416119
vt 0.529395 0.422584
vt 0.500260 0.414692
vt 0.497465 0.427678
vt 0.579950 0.376972
vt 0.452573 0.398849
vt 0.520485 0.425033
vt 0.567875 0.384805
vt 0.456237 0.406916
vt 0.573355 0.380399
vt 0.568920 0.374524
vt 0.440751 0.346671
vt 0.436249 0.320450
vt 0.562698 0.407729
vt 0.445524 0.383615
vt 0.561514 0.315180
vt 0.539363 0.319908
vt 0.550368 0.314731
vt 0.566781 0.332145
vt 0.544490 0.306284
vt 0.490814 0.297360
vt 0.487675 0.408217
vt 0.536895 0.411905
vt 0.545976 0.410736
vt 0.547927 0.418988
vt 0.441168 0.394958
vt 0.561336 0.389458
vt 0.560450 0.400389
vt 0.568992 0.350590
vt 0.424853 0.327131
vt 0.481204 0.291215
vt 0.469838 0.289008
vt 0.455076 0.373134
vt 0.531228 0.297934
vt 0.510977 0.317632
vt 0.517684 0.300111
vt 0.513141 0.290081
vt 0.464716 0.414568
vt 0.466734 0.389522
vt 0.496928 0.405969
vt 0.554596 0.409389
vt 0.551808 0.394578
vt 0.563664 0.368835
vt 0.569727 0.362971
vt 0.575255 0.369660
vt 0.410822 0.364273
vt 0.405377 0.348553
vt 0.410267 0.329660
vt 0.427370 0.298051
vt 0.437732 0.300379
vt 0.421580 0.304123
vt 0.472610 0.324716
vt 0.453928 0.294629
vt 0.471283 0.316485
vt 0.462902 0.319116
vt 0.465085 0.326783
vt 0.456648 0.302771
vt 0.433732 0.378879
vt 0.422945 0.384631
vt 0.450382 0.374299
vt 0.420408 0.377225
vt 0.516640 0.309223
vt 0.503745 0.304026
vt 0.448796 0.391151
vt 0.460165 0.395033
vt 0.472103 0.396634
vt 0.479110 0.402342
vt 0.489058 0.398003
vt 0.507599 0.411076
vt 0.525027 0.401915
vt 0.403724 0.339768
vt 0.415669 0.354209
vt 0.409569 0.320308
vt 0.418522 0.323220
vt 0.412175 0.337583
vt 0.429963 0.342462
vt 0.415254 0.311344
vt 0.428981 0.320949
vt 0.423171 0.316213
vt 0.445556 0.297685
vt 0.503422 0.311091
vt 0.510276 0.310566
vt 0.496401 0.323145
vt 0.510037 0.304254
vt 0.495506 0.311765
vt 0.462179 0.291679
vt 0.452526 0.380390
vt 0.418714 0.366536
vt 0.433854 0.359056
vt 0.418202 0.372858
vt 0.424766 0.360514
vt 0.432049 0.350111
vt 0.424138 0.369221
vt 0.436656 0.339965
vt 0.434053 0.335770
vt 0.450747 0.367911
vt 0.428997 0.335662
vt 0.462280 0.382639
vt 0.455942 0.387303
vt 0.478245 0.379460
vt 0.504252 0.377490
vt 0.431676 0.302589
vt 0.434069 0.316403
vt 0.447901 0.305805
vt 0.441071 0.315009
vt 0.450994 0.324939
vt 0.433826 0.324310
vt 0.438948 0.326307
vt 0.451168 0.286587
vt 0.444547 0.328507
vt 0.458293 0.376606
vt 0.475945 0.355838
vt 0.468219 0.377515
vt 0.465707 0.352301
vt 0.490364 0.391073
vt 0.483884 0.375859
vt 0.487742 0.385295
vt 0.459087 0.337017
vt 0.467022 0.334244
vt 0.480760 0.344931
vt 0.469845 0.341475
vt 0.476910 0.337974
vt 0.486642 0.326926
vt 0.478986 0.329810
vt 0.479876 0.323924
vt 0.468749 0.359229
vt 0.483185 0.352786
vt 0.486157 0.422974
vt 0.519540 0.325161
vt 0.499168 0.391966
vt 0.495403 0.391801
vt 0.522529 0.387779
vt 0.517882 0.394011
vt 0.515505 0.406992
vt 0.527444 0.413159
vt 0.452860 0.361302
vt 0.461955 0.362501
vt 0.474738 0.373222
vt 0.478423 0.362929
vt 0.485190 0.360062
vt 0.487399 0.366689
vt 0.489938 0.373159
vt 0.496996 0.370382
vt 0.498145 0.379525
vt 0.505709 0.383480
vt 0.509659 0.376187
vt 0.520170 0.377653
vt 0.497481 0.357539
vt 0.513083 0.387534
vt 0.506376 0.390776
vt 0.500104 0.364520
vt 0.481111 0.369675
vt 0.498484 0.350781
vt 0.503324 0.324929
vt 0.489563 0.340423
vt 0.483025 0.333783
vt 0.525382 0.360856
vt 0.508941 0.369733
vt 0.507469 0.363488
vt 0.506086 0.353212
vt 0.508598 0.344090
vt 0.514506 0.358534
vt 0.526096 0.381198
vt 0.518450 0.346641
vt 0.531076 0.348704
vt 0.522577 0.370291
vt 0.543584 0.385108
vt 0.552847 0.387389
vt 0.536496 0.378974
vt 0.540901 0.371419
vt 0.533743 0.365984
vt 0.560370 0.335933
vt 0.557191 0.351781
vt 0.552183 0.325431
vt 0.545986 0.364060
vt 0.556231 0.341281
vt 0.542004 0.343667
vt 0.530657 0.334869
vt 0.551707 0.357640
vt 0.518398 0.316408
vt 0.550765 0.336891
vt 0.547886 0.376646
vt 0.449232 0.339718
vt 0.441733 0.334958
vt 0.489954 0.319020
vt 0.501330 0.395927
vt 0.495680 0.397925
vt 0.429880 0.391508
vt 0.437395 0.406705
vt 0.442148 0.413964
vt 0.447346 0.420342
vt 0.417749 0.381166
vt 0.413734 0.376016
vt 0.410592 0.371556
vt 0.407800 0.356943
vt 0.402894 0.331367
vt 0.403046 0.324496
vt 0.434492 0.293755
vt 0.442591 0.290025
vt 0.459803 0.283584
vt 0.475919 0.281304
vt 0.483183 0.282966
vt 0.504884 0.288606
vt 0.521588 0.292760
vt 0.550643 0.297857
vt 0.557807 0.300533
vt 0.564504 0.304089
vt 0.574997 0.315643
vt 0.578786 0.329847
vt 0.577464 0.336837
vt 0.573720 0.343407
vt 0.583746 0.385420
vt 0.589118 0.390785
vt 0.587920 0.396809
vt 0.573680 0.412501
vt 0.556948 0.417183
vt 0.565615 0.415073
vt 0.538699 0.420665
vt 0.512484 0.427584
vt 0.506461 0.429606
vt 0.482555 0.432541
vt 0.490016 0.430778
vt 0.474559 0.431845
vt 0.466247 0.431018
vt 0.563386 0.357166
vt 0.489590 0.290076
vt 0.414583 0.368806
vt 0.428852 0.385006
vt 0.554537 0.306911
vt 0.549890 0.303684
vt 0.570250 0.405574
vt 0.576086 0.404846
vt 0.577570 0.399673
vt 0.503680 0.422874
vt 0.510555 0.419441
vt 0.518497 0.416156
vt 0.481039 0.426121
vt 0.572139 0.330587
vt 0.567054 0.338467
vt 0.562367 0.345530
vt 0.474360 0.422667
vt 0.504306 0.296756
vt 0.511292 0.297800
vt 0.449090 0.409884
vt 0.445056 0.402599
vt 0.457139 0.419845
vt 0.413824 0.346074
vt 0.535379 0.309435
vt 0.573465 0.390065
vt 0.522997 0.305221
vt 0.557790 0.363321
vt 0.416567 0.329213
vt 0.425306 0.377489
vt 0.417493 0.361383
vt 0.437576 0.387240
vt 0.497285 0.296535
vt 0.484275 0.300084
vt 0.473240 0.296074
vt 0.563757 0.379225
vt 0.558620 0.374529
vt 0.465077 0.299609
vt 0.420933 0.334708
vt 0.535692 0.402674
vt 0.564326 0.323415
vt 0.565677 0.327302
vt 0.471034 0.415645
vt 0.480554 0.415890
vt 0.514787 0.304529
vt 0.552848 0.401696
vt 0.439157 0.307633
vt 0.422087 0.343875
vt 0.423643 0.352177
vt 0.476755 0.304578
vt 0.544626 0.402319
vt 0.429930 0.309392
vt 0.551874 0.346723
vt 0.443196 0.376029
vt 0.433717 0.368619
vt 0.552571 0.369639
vt 0.504198 0.402930
vt 0.468173 0.307965
vt 0.459485 0.311264
vt 0.492089 0.302802
vt 0.488284 0.307224
vt 0.559917 0.383032
vt 0.554818 0.380399
vt 0.560932 0.328597
vt 0.562694 0.332225
vt 0.465450 0.404570
vt 0.557865 0.394808
vt 0.510990 0.398677
vt 0.431043 0.329686
vt 0.536448 0.394381
vt 0.529025 0.392327
vt 0.556062 0.331713
vt 0.542994 0.332153
vt 0.528999 0.323388
vt 0.544117 0.394097
vt 0.443143 0.367336
vt 0.548214 0.342427
vt 0.546171 0.351390
vt 0.481230 0.314246
vt 0.440749 0.321015
vt 0.446627 0.322416
vt 0.450127 0.315304
vt 0.504101 0.317822
vt 0.537377 0.388240
vt 0.532248 0.385185
vt 0.436444 0.331680
vt 0.482737 0.394839
vt 0.477297 0.390114
vt 0.455430 0.322103
vt 0.472624 0.384153
vt 0.444883 0.356768
vt 0.517518 0.383327
vt 0.539244 0.357535
vt 0.511030 0.325556
vt 0.498669 0.317578
vt 0.510685 0.381886
vt 0.453734 0.349477
vt 0.457576 0.329100
vt 0.456567 0.368864
vt 0.463275 0.370367
vt 0.500895 0.388161
vt 0.496478 0.386257
vt 0.491507 0.385619
vt 0.514330 0.380298
vt 0.519731 0.335293
vt 0.529728 0.374112
vt 0.485658 0.389036
vt 0.501583 0.383722
vt 0.510269 0.334512
vt 0.501699 0.333104
vt 0.450587 0.330566
vt 0.473882 0.331686
vt 0.457128 0.364222
vt 0.493576 0.330900
vt 0.486214 0.381485
vt 0.471296 0.366437
vt 0.491451 0.379947
vt 0.458564 0.356395
vt 0.514832 0.375666
vt 0.499586 0.342100
vt 0.462093 0.345067
vt 0.503468 0.370949
vt 0.515214 0.368556
vt 0.473064 0.348636
vt 0.503680 0.366319
vt 0.490733 0.350489
vt 0.493264 0.364246
vt 0.502785 0.359690
vt 0.491667 0.358084
vt 0.496950 0.362102
vt 0.480367 0.200521
vt 0.476601 0.191288
vt 0.473168 0.181926
vt 0.470140 0.172425
vt 0.467558 0.162795
vt 0.465473 0.153044
vt 0.464005 0.143183
vt 0.463173 0.133249
vt 0.463200 0.123280
vt 0.464112 0.113356
vt 0.466041 0.103578
vt 0.469194 0.094125
vt 0.473506 0.085148
vt 0.478989 0.076829
vt 0.485602 0.069379
vt 0.493055 0.062766
vt 0.501284 0.057146
vt 0.510025 0.052359
vt 0.519143 0.048332
vt 0.528543 0.045007
vt 0.536346 0.051468
vt 0.544149 0.057929
vt 0.551952 0.064390
vt 0.559755 0.070850
vt 0.567558 0.077311
vt 0.575361 0.083772
vt 0.583164 0.090233
vt 0.590967 0.096694
vt 0.598770 0.103155
vt 0.606574 0.109616
vt 0.614377 0.116076
vt 0.622180 0.122537
vt 0.629983 0.128998
vt 0.637786 0.135459
vt 0.645589 0.141920
vt 0.653392 0.148381
vt 0.661195 0.154842
vt 0.666368 0.163626
vt 0.670847 0.172782
vt 0.674456 0.182311
vt 0.677061 0.192157
vt 0.678520 0.202235
vt 0.678606 0.212413
vt 0.677091 0.222481
vt 0.673997 0.232172
vt 0.669325 0.241218
vt 0.663085 0.249260
vt 0.655581 0.256129
vt 0.647007 0.261607
vt 0.637595 0.265474
vt 0.627620 0.267483
vt 0.617448 0.267353
vt 0.607600 0.264830
vt 0.598739 0.259854
vt 0.591471 0.252739
vt 0.582408 0.250395
vt 0.572777 0.251150
vt 0.563160 0.252092
vt 0.553512 0.252599
vt 0.543856 0.252346
vt 0.534282 0.251072
vt 0.524976 0.248502
vt 0.516149 0.244612
vt 0.507996 0.239445
vt 0.500774 0.233045
vt 0.494440 0.225761
vt 0.488964 0.217808
vt 0.484299 0.209348
vt 0.553499 0.175295
vt 0.556690 0.212474
vt 0.559931 0.231335
vt 0.534815 0.234916
vt 0.578099 0.236623
vt 0.525708 0.231486
vt 0.578893 0.243781
vt 0.520858 0.237300
vt 0.527531 0.241030
vt 0.543462 0.242761
vt 0.520410 0.225209
vt 0.551129 0.232752
vt 0.552396 0.242358
vt 0.525688 0.065329
vt 0.557087 0.140093
vt 0.604839 0.168977
vt 0.625758 0.229197
vt 0.570255 0.239675
vt 0.585932 0.235432
vt 0.532404 0.227397
vt 0.537851 0.207165
vt 0.566980 0.220119
vt 0.540825 0.225217
vt 0.513948 0.061474
vt 0.530781 0.063803
vt 0.506271 0.086407
vt 0.495612 0.148536
vt 0.623695 0.153505
vt 0.650896 0.194619
vt 0.651780 0.214549
vt 0.498816 0.182469
vt 0.595724 0.244712
vt 0.603173 0.251920
vt 0.616798 0.250216
vt 0.594323 0.226053
vt 0.617750 0.232054
vt 0.614038 0.243232
vt 0.604310 0.226722
vt 0.547839 0.214203
vt 0.528206 0.217910
vt 0.530041 0.208180
vt 0.568557 0.229709
vt 0.558298 0.221841
vt 0.528067 0.055843
vt 0.518077 0.069756
vt 0.540029 0.064073
vt 0.491899 0.091651
vt 0.481419 0.155424
vt 0.480477 0.134696
vt 0.624285 0.144140
vt 0.638239 0.158313
vt 0.665793 0.186275
vt 0.658679 0.205462
vt 0.662189 0.218060
vt 0.625867 0.257300
vt 0.623828 0.248552
vt 0.617534 0.257829
vt 0.628650 0.237755
vt 0.642755 0.251905
vt 0.636196 0.235068
vt 0.523097 0.205252
vt 0.516468 0.201189
vt 0.531587 0.193785
vt 0.526480 0.198912
vt 0.475256 0.105435
vt 0.473667 0.114759
vt 0.546653 0.070180
vt 0.553388 0.076543
vt 0.559708 0.082924
vt 0.564451 0.089699
vt 0.514439 0.082482
vt 0.491082 0.076343
vt 0.498150 0.070908
vt 0.535389 0.069245
vt 0.489823 0.087045
vt 0.492634 0.107125
vt 0.594282 0.112480
vt 0.614148 0.124980
vt 0.480599 0.180996
vt 0.478368 0.166083
vt 0.497613 0.161814
vt 0.494679 0.174548
vt 0.490168 0.167349
vt 0.491035 0.156062
vt 0.619253 0.132789
vt 0.661381 0.197817
vt 0.657129 0.210277
vt 0.656346 0.216171
vt 0.657981 0.190222
vt 0.652096 0.160881
vt 0.641591 0.224876
vt 0.639177 0.243239
vt 0.650383 0.247441
vt 0.472619 0.124308
vt 0.540836 0.088140
vt 0.534744 0.080885
vt 0.533228 0.094734
vt 0.523765 0.101304
vt 0.547080 0.121504
vt 0.530558 0.114268
vt 0.514620 0.116073
vt 0.512482 0.104726
vt 0.502491 0.116700
vt 0.513236 0.128325
vt 0.526623 0.129172
vt 0.581848 0.097035
vt 0.502537 0.078595
vt 0.483949 0.106706
vt 0.588304 0.120286
vt 0.597190 0.124079
vt 0.604671 0.127841
vt 0.485918 0.145927
vt 0.632908 0.151013
vt 0.645801 0.153610
vt 0.614147 0.149055
vt 0.652119 0.235659
vt 0.643186 0.232460
vt 0.633765 0.226664
vt 0.648869 0.219155
vt 0.654231 0.221763
vt 0.648725 0.230115
vt 0.482843 0.115866
vt 0.472090 0.133757
vt 0.479572 0.143080
vt 0.564687 0.099687
vt 0.547643 0.094532
vt 0.562915 0.110352
vt 0.551612 0.108449
vt 0.560227 0.131594
vt 0.570075 0.134510
vt 0.551947 0.130108
vt 0.594368 0.131193
vt 0.601405 0.134858
vt 0.576072 0.122298
vt 0.501369 0.127473
vt 0.491013 0.126473
vt 0.499125 0.138210
vt 0.481738 0.125336
vt 0.489134 0.136327
vt 0.579397 0.113603
vt 0.565530 0.143731
vt 0.607915 0.161004
vt 0.608856 0.138117
vt 0.598096 0.142279
vt 0.594822 0.150688
vt 0.611541 0.165910
vt 0.617199 0.160864
vt 0.607433 0.191800
vt 0.603262 0.153383
vt 0.584085 0.168111
vt 0.576589 0.162641
vt 0.591919 0.161275
vt 0.569402 0.191559
vt 0.601984 0.161160
vt 0.601708 0.181356
vt 0.588425 0.196441
vt 0.597286 0.194346
vt 0.599859 0.204531
vt 0.590897 0.206119
vt 0.602110 0.215026
vt 0.614018 0.222954
vt 0.581922 0.179161
vt 0.592873 0.216052
vt 0.563427 0.176040
vt 0.589025 0.175950
vt 0.576922 0.227811
vt 0.585335 0.226577
vt 0.627859 0.208177
vt 0.579141 0.172812
vt 0.574371 0.180788
vt 0.561213 0.151615
vt 0.573689 0.148842
vt 0.566818 0.183573
vt 0.584006 0.217147
vt 0.579931 0.198356
vt 0.619674 0.210837
vt 0.616821 0.202137
vt 0.624024 0.199584
vt 0.619998 0.192057
vt 0.614750 0.195332
vt 0.641642 0.214910
vt 0.616367 0.172870
vt 0.636241 0.204719
vt 0.614569 0.185356
vt 0.630270 0.162661
vt 0.636040 0.170805
vt 0.643882 0.166011
vt 0.649121 0.174014
vt 0.631510 0.217475
vt 0.641319 0.178791
vt 0.633881 0.183509
vt 0.646238 0.186782
vt 0.626717 0.188002
vt 0.621571 0.180482
vt 0.504433 0.197996
vt 0.502523 0.190696
vt 0.510038 0.197638
vt 0.512601 0.207446
vt 0.522058 0.162132
vt 0.507382 0.153616
vt 0.523437 0.141308
vt 0.502828 0.170021
vt 0.507376 0.178791
vt 0.521426 0.152515
vt 0.531231 0.167613
vt 0.524162 0.170155
vt 0.532846 0.153186
vt 0.512112 0.188684
vt 0.553879 0.187151
vt 0.527297 0.086233
vt 0.518760 0.091250
vt 0.529557 0.073367
vt 0.502064 0.106495
vt 0.509540 0.094953
vt 0.498570 0.089585
vt 0.573715 0.209191
vt 0.563477 0.201864
vt 0.565216 0.210912
vt 0.553964 0.182289
vt 0.577242 0.189510
vt 0.557741 0.179882
vt 0.568789 0.156742
vt 0.563626 0.163993
vt 0.541447 0.173710
vt 0.538402 0.162523
vt 0.544187 0.170705
vt 0.533671 0.173035
vt 0.556527 0.158465
vt 0.644008 0.199782
vt 0.638894 0.191511
vt 0.655241 0.201537
vt 0.649960 0.208211
vt 0.526083 0.188220
vt 0.532130 0.182828
vt 0.537331 0.177932
vt 0.550169 0.180074
vt 0.544308 0.194625
vt 0.530914 0.202193
vt 0.542022 0.182249
vt 0.561685 0.193476
vt 0.537512 0.188372
vt 0.557601 0.169924
vt 0.527581 0.176997
vt 0.545490 0.176931
vt 0.491468 0.204897
vt 0.487646 0.196937
vt 0.484002 0.188746
vt 0.478026 0.175047
vt 0.475083 0.158812
vt 0.473113 0.150889
vt 0.472195 0.142727
vt 0.477572 0.096689
vt 0.480752 0.088878
vt 0.485162 0.082274
vt 0.505912 0.065934
vt 0.521711 0.057744
vt 0.533806 0.058797
vt 0.586670 0.101094
vt 0.591283 0.104575
vt 0.608713 0.121458
vt 0.601690 0.116908
vt 0.626767 0.136751
vt 0.639461 0.146905
vt 0.657394 0.169027
vt 0.661972 0.177565
vt 0.668646 0.194910
vt 0.670269 0.203359
vt 0.670331 0.211775
vt 0.668987 0.220118
vt 0.666292 0.228135
vt 0.662284 0.235523
vt 0.656968 0.241971
vt 0.634439 0.255230
vt 0.609999 0.256426
vt 0.585739 0.243580
vt 0.561436 0.241365
vt 0.535023 0.242445
vt 0.514158 0.231986
vt 0.507433 0.225940
vt 0.501268 0.219370
vt 0.495940 0.212357
vt 0.529352 0.235811
vt 0.575605 0.099618
vt 0.483476 0.171685
vt 0.487479 0.178248
vt 0.491279 0.185763
vt 0.480006 0.148830
vt 0.486907 0.091483
vt 0.485239 0.098378
vt 0.588378 0.109396
vt 0.582513 0.105928
vt 0.633558 0.141121
vt 0.663286 0.211150
vt 0.663404 0.204447
vt 0.653828 0.182146
vt 0.502156 0.207341
vt 0.507408 0.213373
vt 0.513657 0.219266
vt 0.542558 0.233911
vt 0.498219 0.200956
vt 0.494917 0.193588
vt 0.594209 0.235052
vt 0.541020 0.075616
vt 0.547131 0.082087
vt 0.553094 0.087954
vt 0.557709 0.092162
vt 0.631524 0.246194
vt 0.646216 0.239700
vt 0.603707 0.240246
vt 0.608151 0.246631
vt 0.611649 0.251091
vt 0.510241 0.074192
vt 0.495503 0.082892
vt 0.659814 0.224677
vt 0.656512 0.230719
vt 0.611732 0.130932
vt 0.555413 0.098707
vt 0.485247 0.161230
vt 0.528179 0.061658
vt 0.630250 0.145425
vt 0.600742 0.234007
vt 0.585360 0.114428
vt 0.549523 0.223503
vt 0.519390 0.212469
vt 0.507307 0.202605
vt 0.522342 0.077959
vt 0.621067 0.240398
vt 0.609951 0.235563
vt 0.492245 0.116541
vt 0.492605 0.098645
vt 0.651808 0.226980
vt 0.573497 0.111468
vt 0.616635 0.141025
vt 0.486124 0.152471
vt 0.500695 0.097420
vt 0.588681 0.127873
vt 0.540760 0.102996
vt 0.647748 0.225282
vt 0.538680 0.216124
vt 0.628643 0.175700
vt 0.623120 0.168024
vt 0.561574 0.121437
vt 0.590543 0.137873
vt 0.575406 0.218567
vt 0.583417 0.132098
vt 0.606090 0.145709
vt 0.622740 0.220116
vt 0.510795 0.140365
vt 0.512026 0.164928
vt 0.515981 0.173961
vt 0.631469 0.195954
vt 0.610631 0.156077
vt 0.546282 0.204826
vt 0.555059 0.203435
vt 0.520286 0.194251
vt 0.520440 0.181965
vt 0.586451 0.145884
vt 0.582137 0.207703
vt 0.536165 0.199442
vt 0.578408 0.140333
vt 0.611167 0.212906
vt 0.553733 0.194672
vt 0.539372 0.132783
vt 0.609371 0.177140
vt 0.582162 0.154661
vt 0.548440 0.137235
vt 0.608820 0.202843
vt 0.535252 0.143308
vt 0.571632 0.200242
vt 0.596873 0.171890
vt 0.553768 0.147888
vt 0.585225 0.187452
vt 0.531134 0.161363
vt 0.547595 0.186025
vt 0.560031 0.186021
vt 0.545267 0.146068
vt 0.593311 0.184776
vt 0.571431 0.171255
vt 0.551302 0.154066
vt 0.536065 0.166642
vt 0.543534 0.156042
vt 0.549755 0.164567
vt 0.538494 0.170026
vt 0.542710 0.166955
vt 0.548233 0.171875
vt 0.253038 0.898675
vt 0.256765 0.889475
vt 0.260064 0.880113
vt 0.262875 0.870593
vt 0.265118 0.860926
vt 0.266694 0.851128
vt 0.267470 0.841236
vt 0.267290 0.831316
vt 0.265975 0.821483
vt 0.263354 0.811917
vt 0.259322 0.802856
vt 0.253888 0.794559
vt 0.247162 0.787270
vt 0.239430 0.781063
vt 0.230978 0.775875
vt 0.221977 0.771700
vt 0.212652 0.768308
vt 0.205238 0.774446
vt 0.197825 0.780584
vt 0.190411 0.786722
vt 0.182998 0.792861
vt 0.175584 0.798999
vt 0.168171 0.805137
vt 0.160757 0.811276
vt 0.153344 0.817414
vt 0.145930 0.823552
vt 0.138517 0.829690
vt 0.131103 0.835829
vt 0.123690 0.841967
vt 0.116276 0.848105
vt 0.108863 0.854244
vt 0.101449 0.860382
vt 0.096632 0.868699
vt 0.092576 0.877409
vt 0.089423 0.886482
vt 0.087349 0.895859
vt 0.086762 0.905444
vt 0.087681 0.914993
vt 0.090284 0.924232
vt 0.094634 0.932791
vt 0.100572 0.940333
vt 0.107854 0.946587
vt 0.116215 0.951305
vt 0.125372 0.954176
vt 0.134928 0.954932
vt 0.144358 0.953271
vt 0.152940 0.949034
vt 0.159899 0.942449
vt 0.168846 0.940533
vt 0.178256 0.941400
vt 0.187673 0.942183
vt 0.197119 0.942265
vt 0.206508 0.941271
vt 0.215641 0.938897
vt 0.224222 0.934982
vt 0.231960 0.929591
vt 0.238723 0.923007
vt 0.244350 0.915425
vt 0.249098 0.907262
vt 0.214628 0.817993
vt 0.162018 0.917142
vt 0.124432 0.909157
vt 0.202022 0.804155
vt 0.115275 0.922943
vt 0.110153 0.900176
vt 0.141858 0.850128
vt 0.230975 0.891353
vt 0.186959 0.811404
vt 0.175390 0.924451
vt 0.167619 0.932463
vt 0.107080 0.929439
vt 0.107560 0.867561
vt 0.116548 0.856482
vt 0.095146 0.895619
vt 0.129239 0.848786
vt 0.167197 0.818569
vt 0.245971 0.894946
vt 0.225146 0.909700
vt 0.181009 0.805381
vt 0.183930 0.932208
vt 0.105341 0.919290
vt 0.097950 0.920970
vt 0.121184 0.942312
vt 0.133806 0.946244
vt 0.131356 0.940711
vt 0.148969 0.938709
vt 0.115308 0.868034
vt 0.159897 0.825381
vt 0.248175 0.886714
vt 0.225350 0.922140
vt 0.236108 0.897307
vt 0.218573 0.927368
vt 0.174234 0.811892
vt 0.120630 0.929252
vt 0.126565 0.921883
vt 0.126427 0.935118
vt 0.119389 0.876178
vt 0.102811 0.902345
vt 0.219149 0.915554
vt 0.224730 0.897695
vt 0.218822 0.903804
vt 0.213078 0.920813
vt 0.181839 0.924790
vt 0.149270 0.844650
vt 0.157438 0.839487
vt 0.230316 0.878844
vt 0.224236 0.885676
vt 0.200505 0.908427
vt 0.189030 0.916230
vt 0.207129 0.914820
vt 0.167929 0.917174
vt 0.196161 0.914991
vt 0.167871 0.924391
vt 0.232707 0.845279
vt 0.225686 0.783515
vt 0.135460 0.866838
vt 0.125728 0.860024
vt 0.198494 0.810073
vt 0.187272 0.799144
vt 0.167220 0.834217
vt 0.251295 0.877625
vt 0.235096 0.871218
vt 0.187183 0.824822
vt 0.117043 0.913476
vt 0.111066 0.908587
vt 0.117833 0.898331
vt 0.117593 0.907388
vt 0.132558 0.928113
vt 0.109271 0.879720
vt 0.175041 0.859413
vt 0.205889 0.893360
vt 0.151214 0.925280
vt 0.144356 0.929860
vt 0.157649 0.932475
vt 0.172480 0.908360
vt 0.175844 0.916337
vt 0.166412 0.911245
vt 0.249085 0.842544
vt 0.237121 0.802178
vt 0.244688 0.818956
vt 0.230107 0.794201
vt 0.104368 0.885470
vt 0.101775 0.894725
vt 0.134775 0.857059
vt 0.248087 0.858660
vt 0.205695 0.814372
vt 0.180574 0.818464
vt 0.127121 0.887657
vt 0.126625 0.899164
vt 0.157484 0.859347
vt 0.218212 0.892158
vt 0.189931 0.910853
vt 0.139976 0.919812
vt 0.249004 0.850763
vt 0.257483 0.832791
vt 0.256195 0.859764
vt 0.257873 0.841852
vt 0.221597 0.791110
vt 0.193399 0.817395
vt 0.194913 0.845562
vt 0.201689 0.837990
vt 0.148533 0.886507
vt 0.156578 0.892323
vt 0.153523 0.871066
vt 0.162811 0.886205
vt 0.161086 0.866974
vt 0.165037 0.874530
vt 0.162649 0.897196
vt 0.168017 0.902152
vt 0.172111 0.852380
vt 0.186509 0.840238
vt 0.169592 0.844278
vt 0.172366 0.870336
vt 0.193523 0.867980
vt 0.179034 0.865704
vt 0.177066 0.877993
vt 0.174367 0.896645
vt 0.185374 0.871578
vt 0.183326 0.861255
vt 0.180408 0.856390
vt 0.186449 0.864983
vt 0.185129 0.849434
vt 0.199871 0.862907
vt 0.184275 0.854518
vt 0.195495 0.857246
vt 0.127600 0.877079
vt 0.146258 0.898051
vt 0.152962 0.899800
vt 0.132021 0.913091
vt 0.143071 0.909382
vt 0.161415 0.847815
vt 0.148731 0.911738
vt 0.155408 0.908125
vt 0.169440 0.881483
vt 0.198316 0.889010
vt 0.211554 0.886850
vt 0.210963 0.874821
vt 0.204808 0.881421
vt 0.205056 0.868871
vt 0.211168 0.862614
vt 0.217007 0.868221
vt 0.181398 0.888591
vt 0.160669 0.923565
vt 0.248561 0.834309
vt 0.228477 0.801566
vt 0.227253 0.810303
vt 0.222576 0.829013
vt 0.224521 0.819455
vt 0.205790 0.857038
vt 0.216317 0.846567
vt 0.211547 0.851209
vt 0.222742 0.861767
vt 0.214260 0.839974
vt 0.200794 0.851250
vt 0.223052 0.838594
vt 0.228508 0.866886
vt 0.232005 0.828630
vt 0.239785 0.828236
vt 0.239367 0.822567
vt 0.232020 0.837044
vt 0.240875 0.843626
vt 0.236214 0.856920
vt 0.234676 0.852266
vt 0.207422 0.925396
vt 0.201929 0.920482
vt 0.245953 0.866601
vt 0.242734 0.875069
vt 0.238770 0.864093
vt 0.216041 0.779188
vt 0.233996 0.787843
vt 0.240639 0.792633
vt 0.211255 0.787045
vt 0.254079 0.868646
vt 0.257441 0.850877
vt 0.256066 0.823984
vt 0.253334 0.815524
vt 0.249110 0.807314
vt 0.245189 0.799171
vt 0.192192 0.794006
vt 0.151824 0.831388
vt 0.144040 0.837166
vt 0.136560 0.842977
vt 0.121948 0.853349
vt 0.103130 0.874301
vt 0.099046 0.881317
vt 0.096102 0.888186
vt 0.095244 0.904009
vt 0.096210 0.912662
vt 0.114187 0.936898
vt 0.127930 0.945861
vt 0.141109 0.943448
vt 0.176299 0.932631
vt 0.197656 0.934617
vt 0.191772 0.935378
vt 0.211590 0.931433
vt 0.204703 0.934019
vt 0.231637 0.916014
vt 0.237269 0.909256
vt 0.242112 0.902193
vt 0.099888 0.927733
vt 0.235955 0.796337
vt 0.238360 0.811852
vt 0.198898 0.796059
vt 0.192906 0.804170
vt 0.118807 0.861963
vt 0.112634 0.862950
vt 0.100748 0.889460
vt 0.103857 0.910721
vt 0.189985 0.929317
vt 0.196994 0.926677
vt 0.203040 0.928697
vt 0.112882 0.872873
vt 0.137345 0.935533
vt 0.173926 0.825753
vt 0.230813 0.903489
vt 0.247275 0.826371
vt 0.209546 0.797219
vt 0.120829 0.916865
vt 0.219280 0.799600
vt 0.155294 0.920320
vt 0.112181 0.916074
vt 0.108209 0.891743
vt 0.116365 0.886726
vt 0.240223 0.892361
vt 0.238485 0.884868
vt 0.147983 0.918521
vt 0.187263 0.923000
vt 0.192362 0.920225
vt 0.141599 0.859684
vt 0.146863 0.856188
vt 0.153758 0.852000
vt 0.180706 0.831761
vt 0.175176 0.836246
vt 0.212982 0.909503
vt 0.127268 0.868098
vt 0.241116 0.857671
vt 0.241418 0.851082
vt 0.240310 0.835804
vt 0.182721 0.912270
vt 0.233563 0.820626
vt 0.157483 0.915284
vt 0.208691 0.806063
vt 0.217463 0.808490
vt 0.120193 0.868568
vt 0.152177 0.917297
vt 0.143176 0.866122
vt 0.150261 0.863181
vt 0.177541 0.842759
vt 0.200989 0.823252
vt 0.212437 0.898289
vt 0.206852 0.903826
vt 0.194092 0.831576
vt 0.184954 0.917759
vt 0.180879 0.919628
vt 0.163016 0.906712
vt 0.136457 0.876709
vt 0.223320 0.873568
vt 0.232971 0.860938
vt 0.164843 0.855648
vt 0.145422 0.875101
vt 0.217518 0.880229
vt 0.180371 0.904326
vt 0.137067 0.901534
vt 0.153450 0.913111
vt 0.223514 0.848474
vt 0.159594 0.910754
vt 0.162675 0.913047
vt 0.178797 0.850241
vt 0.201552 0.899072
vt 0.192012 0.900046
vt 0.137294 0.888102
vt 0.158509 0.902958
vt 0.210828 0.829644
vt 0.228475 0.855861
vt 0.168334 0.863093
vt 0.150934 0.906034
vt 0.146754 0.904489
vt 0.190706 0.852493
vt 0.207072 0.845106
vt 0.217243 0.856016
vt 0.157476 0.879577
vt 0.168169 0.891812
vt 0.187239 0.857595
vt 0.198545 0.874840
vt 0.190908 0.881005
vt 0.173002 0.887295
vt 0.190676 0.861951
vt 0.346772 0.848403
vt 0.343006 0.839170
vt 0.339573 0.829808
vt 0.336545 0.820308
vt 0.333963 0.810677
vt 0.331878 0.800927
vt 0.330411 0.791066
vt 0.329578 0.781131
vt 0.329605 0.771162
vt 0.330517 0.761238
vt 0.332446 0.751460
vt 0.335599 0.742008
vt 0.339911 0.733030
vt 0.345394 0.724711
vt 0.352007 0.717261
vt 0.359460 0.710648
vt 0.367689 0.705028
vt 0.376430 0.700241
vt 0.385548 0.696214
vt 0.394948 0.692889
vt 0.402751 0.699350
vt 0.410554 0.705811
vt 0.418357 0.712272
vt 0.426160 0.718733
vt 0.433963 0.725194
vt 0.441766 0.731654
vt 0.449569 0.738115
vt 0.457372 0.744576
vt 0.465176 0.751037
vt 0.472979 0.757498
vt 0.480782 0.763959
vt 0.488585 0.770420
vt 0.496388 0.776880
vt 0.504191 0.783341
vt 0.511994 0.789802
vt 0.519797 0.796263
vt 0.527600 0.802724
vt 0.532773 0.811508
vt 0.537253 0.820664
vt 0.540861 0.830193
vt 0.543466 0.840039
vt 0.544925 0.850117
vt 0.545011 0.860296
vt 0.543496 0.870363
vt 0.540402 0.880054
vt 0.535730 0.889100
vt 0.529490 0.897142
vt 0.521986 0.904011
vt 0.513412 0.909489
vt 0.504000 0.913356
vt 0.494025 0.915365
vt 0.483854 0.915235
vt 0.474005 0.912712
vt 0.465144 0.907736
vt 0.457877 0.900621
vt 0.448813 0.898277
vt 0.439182 0.899033
vt 0.429565 0.899974
vt 0.419917 0.900481
vt 0.410261 0.900229
vt 0.400688 0.898954
vt 0.391382 0.896385
vt 0.382554 0.892495
vt 0.374401 0.887327
vt 0.367179 0.880927
vt 0.360845 0.873643
vt 0.355369 0.865690
vt 0.350705 0.857230
vt 0.422691 0.860688
vt 0.389028 0.836882
vt 0.426392 0.879023
vt 0.400665 0.880155
vt 0.444603 0.884295
vt 0.390101 0.878998
vt 0.445366 0.891579
vt 0.386388 0.885083
vt 0.393382 0.888385
vt 0.409898 0.890149
vt 0.384453 0.874127
vt 0.417802 0.880333
vt 0.418882 0.890013
vt 0.392094 0.713214
vt 0.426008 0.789125
vt 0.470793 0.817022
vt 0.492289 0.877526
vt 0.436685 0.887395
vt 0.452598 0.883159
vt 0.378957 0.859415
vt 0.386937 0.858364
vt 0.403251 0.873822
vt 0.404075 0.857530
vt 0.433165 0.867374
vt 0.409044 0.872881
vt 0.380353 0.709357
vt 0.397187 0.711687
vt 0.372678 0.734316
vt 0.361814 0.796534
vt 0.490068 0.801394
vt 0.517191 0.842610
vt 0.518134 0.862537
vt 0.365617 0.829684
vt 0.462295 0.892617
vt 0.469668 0.899835
vt 0.483297 0.898177
vt 0.461508 0.873878
vt 0.484519 0.880350
vt 0.480647 0.891268
vt 0.471573 0.874948
vt 0.389468 0.868144
vt 0.414668 0.863069
vt 0.394894 0.860804
vt 0.434955 0.877216
vt 0.424712 0.869622
vt 0.394472 0.703726
vt 0.384484 0.717646
vt 0.406434 0.711957
vt 0.358306 0.739543
vt 0.347853 0.803340
vt 0.346874 0.782637
vt 0.490678 0.792026
vt 0.504622 0.806196
vt 0.532180 0.834175
vt 0.525052 0.853397
vt 0.528583 0.865971
vt 0.492304 0.905220
vt 0.490319 0.896540
vt 0.483982 0.905747
vt 0.495149 0.885866
vt 0.509171 0.899821
vt 0.502630 0.883138
vt 0.386899 0.852218
vt 0.385244 0.846268
vt 0.391988 0.844020
vt 0.341663 0.753323
vt 0.340075 0.762654
vt 0.413059 0.718065
vt 0.419796 0.724434
vt 0.426117 0.730827
vt 0.430862 0.737633
vt 0.380846 0.730396
vt 0.357488 0.724227
vt 0.364556 0.718793
vt 0.401796 0.717132
vt 0.356229 0.734933
vt 0.359039 0.755060
vt 0.460703 0.760383
vt 0.480554 0.772864
vt 0.347166 0.828850
vt 0.344831 0.813968
vt 0.363872 0.809615
vt 0.361255 0.822121
vt 0.356628 0.815132
vt 0.357370 0.803972
vt 0.485656 0.780673
vt 0.527757 0.845740
vt 0.523494 0.858228
vt 0.522722 0.864119
vt 0.524331 0.838156
vt 0.518487 0.808766
vt 0.507960 0.872969
vt 0.505607 0.891217
vt 0.516793 0.895351
vt 0.339026 0.772210
vt 0.407241 0.736091
vt 0.401152 0.728800
vt 0.399600 0.742785
vt 0.390084 0.749446
vt 0.412806 0.771182
vt 0.396539 0.762910
vt 0.380821 0.764338
vt 0.378813 0.752809
vt 0.368817 0.764780
vt 0.379080 0.776734
vt 0.391687 0.778179
vt 0.448263 0.744940
vt 0.368944 0.726488
vt 0.350357 0.754613
vt 0.454755 0.768252
vt 0.463613 0.771985
vt 0.471081 0.775730
vt 0.352281 0.793886
vt 0.499297 0.798898
vt 0.512196 0.801494
vt 0.480506 0.796939
vt 0.518525 0.883584
vt 0.509590 0.880474
vt 0.500163 0.874909
vt 0.515221 0.867178
vt 0.520612 0.869718
vt 0.515123 0.878082
vt 0.349248 0.763791
vt 0.338495 0.781664
vt 0.345971 0.791013
vt 0.431089 0.747747
vt 0.414009 0.742594
vt 0.429291 0.758727
vt 0.417801 0.757053
vt 0.427240 0.781261
vt 0.436965 0.782993
vt 0.411234 0.789646
vt 0.417933 0.782586
vt 0.460792 0.779083
vt 0.467805 0.782736
vt 0.442599 0.770527
vt 0.367562 0.775623
vt 0.357351 0.774485
vt 0.365219 0.786324
vt 0.348125 0.773281
vt 0.355431 0.784333
vt 0.445861 0.761653
vt 0.433083 0.791815
vt 0.474130 0.808904
vt 0.475246 0.785997
vt 0.464453 0.790127
vt 0.461039 0.798452
vt 0.477719 0.813848
vt 0.483485 0.808762
vt 0.475171 0.835355
vt 0.469508 0.801230
vt 0.449041 0.814741
vt 0.442604 0.808657
vt 0.457701 0.808827
vt 0.468033 0.808996
vt 0.467532 0.831195
vt 0.458497 0.843014
vt 0.468255 0.842533
vt 0.469729 0.853181
vt 0.456507 0.832891
vt 0.459778 0.853346
vt 0.470405 0.863498
vt 0.481195 0.871604
vt 0.447140 0.834290
vt 0.460766 0.863676
vt 0.434179 0.821304
vt 0.452728 0.823226
vt 0.443464 0.875117
vt 0.452235 0.874034
vt 0.493682 0.857047
vt 0.443147 0.825309
vt 0.429121 0.798632
vt 0.440473 0.796373
vt 0.438351 0.829745
vt 0.451236 0.864055
vt 0.449030 0.843610
vt 0.485655 0.860401
vt 0.480194 0.853453
vt 0.488975 0.848677
vt 0.484836 0.839879
vt 0.477114 0.842805
vt 0.507907 0.863109
vt 0.482535 0.820766
vt 0.502241 0.853105
vt 0.480767 0.832142
vt 0.496611 0.810543
vt 0.502343 0.818682
vt 0.510240 0.813898
vt 0.515464 0.821919
vt 0.497753 0.865989
vt 0.507575 0.826714
vt 0.499954 0.831452
vt 0.512483 0.834764
vt 0.492402 0.835938
vt 0.487638 0.828093
vt 0.374891 0.845911
vt 0.370050 0.837552
vt 0.380547 0.848307
vt 0.377653 0.833231
vt 0.387561 0.808926
vt 0.373002 0.801465
vt 0.387701 0.790026
vt 0.369071 0.817396
vt 0.373534 0.825381
vt 0.385353 0.800014
vt 0.390733 0.817493
vt 0.394010 0.825746
vt 0.393143 0.799593
vt 0.396598 0.805582
vt 0.416363 0.836869
vt 0.393696 0.734189
vt 0.385142 0.739241
vt 0.395964 0.721264
vt 0.368430 0.754502
vt 0.375921 0.742931
vt 0.364976 0.737491
vt 0.439380 0.853704
vt 0.433436 0.848876
vt 0.440328 0.843839
vt 0.430738 0.858059
vt 0.433069 0.842782
vt 0.425933 0.843344
vt 0.439572 0.835819
vt 0.435612 0.803372
vt 0.430371 0.809772
vt 0.409062 0.810334
vt 0.418272 0.807938
vt 0.402928 0.822535
vt 0.399830 0.813986
vt 0.412571 0.819636
vt 0.424728 0.804038
vt 0.510181 0.847906
vt 0.504945 0.839616
vt 0.521581 0.849506
vt 0.516259 0.856257
vt 0.397079 0.833705
vt 0.423839 0.817204
vt 0.410153 0.846866
vt 0.401976 0.849331
vt 0.405628 0.830898
vt 0.407969 0.839011
vt 0.358520 0.853107
vt 0.354516 0.844857
vt 0.350679 0.836579
vt 0.344532 0.822913
vt 0.341514 0.806708
vt 0.339531 0.798791
vt 0.338602 0.790633
vt 0.343979 0.744576
vt 0.347158 0.736762
vt 0.351567 0.730158
vt 0.372318 0.713820
vt 0.388117 0.705628
vt 0.400211 0.706680
vt 0.453086 0.748997
vt 0.457697 0.752471
vt 0.475121 0.769344
vt 0.468104 0.764803
vt 0.493168 0.784635
vt 0.505859 0.794788
vt 0.523775 0.816919
vt 0.528351 0.825465
vt 0.535038 0.842809
vt 0.536667 0.851255
vt 0.536730 0.859670
vt 0.535387 0.868012
vt 0.532694 0.876028
vt 0.528688 0.883419
vt 0.523374 0.889874
vt 0.500867 0.903156
vt 0.476460 0.904340
vt 0.452268 0.891408
vt 0.427881 0.889101
vt 0.401158 0.889411
vt 0.379615 0.880296
vt 0.373263 0.874601
vt 0.367626 0.868154
vt 0.362785 0.860958
vt 0.394716 0.882513
vt 0.442027 0.747593
vt 0.349998 0.819513
vt 0.354112 0.825981
vt 0.358141 0.833389
vt 0.346409 0.796757
vt 0.353314 0.739372
vt 0.351646 0.746274
vt 0.454805 0.757317
vt 0.448945 0.753890
vt 0.499960 0.789005
vt 0.529674 0.859067
vt 0.529787 0.852365
vt 0.520157 0.830076
vt 0.369722 0.856850
vt 0.373750 0.863352
vt 0.378740 0.868950
vt 0.409352 0.880880
vt 0.366322 0.849295
vt 0.362257 0.841274
vt 0.461038 0.882926
vt 0.407427 0.723513
vt 0.413538 0.730004
vt 0.419491 0.735915
vt 0.424099 0.740164
vt 0.497986 0.894195
vt 0.512629 0.887656
vt 0.470413 0.888256
vt 0.474728 0.894606
vt 0.478162 0.899041
vt 0.376648 0.722087
vt 0.361909 0.730785
vt 0.526209 0.872594
vt 0.522913 0.878639
vt 0.478134 0.778816
vt 0.421749 0.746889
vt 0.351671 0.809103
vt 0.394584 0.709542
vt 0.496645 0.793309
vt 0.467675 0.882043
vt 0.451807 0.762407
vt 0.416557 0.871477
vt 0.383525 0.863718
vt 0.376268 0.853730
vt 0.388747 0.725874
vt 0.487659 0.888506
vt 0.476788 0.883705
vt 0.358614 0.764529
vt 0.359011 0.746559
vt 0.518199 0.874938
vt 0.439944 0.759625
vt 0.483021 0.788909
vt 0.352501 0.800399
vt 0.395069 0.873941
vt 0.367085 0.745371
vt 0.455139 0.775816
vt 0.406987 0.751335
vt 0.514126 0.873292
vt 0.400052 0.868494
vt 0.406960 0.865494
vt 0.381541 0.852770
vt 0.382478 0.856850
vt 0.494824 0.823527
vt 0.489363 0.815900
vt 0.427984 0.770424
vt 0.456960 0.785737
vt 0.381704 0.840573
vt 0.441811 0.865063
vt 0.449921 0.780094
vt 0.472428 0.793573
vt 0.489223 0.868880
vt 0.376251 0.788637
vt 0.377857 0.812250
vt 0.381915 0.821106
vt 0.497141 0.844334
vt 0.476907 0.803959
vt 0.412310 0.854978
vt 0.420241 0.852702
vt 0.393939 0.851593
vt 0.452827 0.793600
vt 0.449856 0.853679
vt 0.385652 0.829241
vt 0.445047 0.788265
vt 0.479363 0.862239
vt 0.427587 0.850745
vt 0.418172 0.844945
vt 0.403319 0.783032
vt 0.475406 0.825281
vt 0.448401 0.801864
vt 0.399753 0.841517
vt 0.420526 0.788336
vt 0.397536 0.793107
vt 0.462188 0.820067
vt 0.423479 0.795216
vt 0.424641 0.835746
vt 0.417735 0.793351
vt 0.414591 0.828693
vt 0.437601 0.814476
vt 0.443263 0.818176
vt 0.421303 0.799820
vt 0.415823 0.800222
vt 0.406051 0.799778
vt 0.432374 0.835671
vt 0.432177 0.828522
vt 0.423812 0.827541
s 1
usemtl FABRIC_1_FRONT_1947
f 136/136/136 223/223/223 329/329/329
f 1/1/1 105/105/105 255/255/255 2/2/2
f 6/6/6 5/5/5 4/4/4 256/256/256
f 256/256/256 4/4/4 3/3/3 257/257/257
f 257/257/257 3/3/3 2/2/2 255/255/255
f 60/60/60 59/59/59 118/118/118 61/61/61
f 59/59/59 58/58/58 258/258/258 118/118/118
f 7/7/7 6/6/6 256/256/256 259/259/259
f 260/260/260 9/9/9 8/8/8 110/110/110
f 128/128/128 10/10/10 9/9/9 260/260/260
f 261/261/261 11/11/11 10/10/10 128/128/128
f 13/13/13 12/12/12 132/132/132 183/183/183
f 14/14/14 13/13/13 183/183/183 209/209/209
f 208/208/208 15/15/15 14/14/14 209/209/209
f 161/161/161 16/16/16 15/15/15 208/208/208
f 160/160/160 17/17/17 16/16/16 161/161/161
f 18/18/18 17/17/17 160/160/160 262/262/262
f 19/19/19 18/18/18 262/262/262 159/159/159
f 20/20/20 19/19/19 159/159/159 158/158/158
f 21/21/21 20/20/20 158/158/158 263/263/263
f 22/22/22 21/21/21 263/263/263 238/238/238
f 264/264/264 23/23/23 22/22/22 238/238/238
f 25/25/25 24/24/24 243/243/243 265/265/265
f 26/26/26 25/25/25 265/265/265 164/164/164
f 27/27/27 26/26/26 164/164/164 163/163/163
f 162/162/162 28/28/28 27/27/27 163/163/163
f 266/266/266 29/29/29 28/28/28 162/162/162
f 267/267/267 30/30/30 29/29/29 266/266/266
f 32/32/32 31/31/31 172/172/172 174/174/174
f 33/33/33 32/32/32 174/174/174 230/230/230
f 268/268/268 34/34/34 33/33/33 230/230/230
f 36/36/36 35/35/35 270/270/270 269/269/269
f 271/271/271 38/38/38 37/37/37 193/193/193
f 272/272/272 41/41/41 40/40/40 142/142/142
f 146/146/146 43/43/43 42/42/42 144/144/144
f 188/188/188 45/45/45 44/44/44 273/273/273
f 186/186/186 46/46/46 45/45/45 188/188/188
f 47/47/47 46/46/46 186/186/186 274/274/274
f 48/48/48 47/47/47 274/274/274 185/185/185
f 49/49/49 48/48/48 185/185/185 187/187/187
f 50/50/50 49/49/49 187/187/187 201/201/201
f 235/235/235 51/51/51 50/50/50 201/201/201
f 151/151/151 52/52/52 51/51/51 235/235/235
f 53/53/53 52/52/52 151/151/151 275/275/275
f 276/276/276 54/54/54 53/53/53 275/275/275
f 120/120/120 55/55/55 54/54/54 276/276/276
f 106/106/106 56/56/56 55/55/55 120/120/120
f 57/57/57 56/56/56 106/106/106 277/277/277
f 63/63/63 62/62/62 278/278/278 150/150/150
f 64/64/64 63/63/63 150/150/150 279/279/279
f 191/191/191 65/65/65 64/64/64 279/279/279
f 280/280/280 66/66/66 65/65/65 191/191/191
f 190/190/190 67/67/67 66/66/66 280/280/280
f 281/281/281 68/68/68 67/67/67 190/190/190
f 189/189/189 69/69/69 68/68/68 281/281/281
f 282/282/282 70/70/70 69/69/69 189/189/189
f 115/115/115 283/283/283 71/71/71
f 72/72/72 71/71/71 283/283/283 148/148/148
f 284/284/284 73/73/73 72/72/72 148/148/148
f 272/272/272 74/74/74 73/73/73 284/284/284
f 139/139/139 75/75/75 74/74/74 272/272/272
f 77/77/77 76/76/76 285/285/285 192/192/192
f 78/78/78 77/77/77 192/192/192 286/286/286
f 80/80/80 79/79/79 197/197/197 198/198/198
f 287/287/287 81/81/81 80/80/80 198/198/198
f 83/83/83 82/82/82 288/288/288 206/206/206
f 84/84/84 83/83/83 206/206/206 289/289/289
f 85/85/85 84/84/84 289/289/289 290/290/290
f 214/214/214 86/86/86 85/85/85 290/290/290
f 176/176/176 87/87/87 86/86/86 214/214/214
f 88/88/88 87/87/87 176/176/176 182/182/182
f 89/89/89 88/88/88 182/182/182 291/291/291
f 90/90/90 89/89/89 291/291/291 180/180/180
f 91/91/91 90/90/90 180/180/180 181/181/181
f 292/292/292 92/92/92 91/91/91 181/181/181
f 334/334/334 94/94/94 93/93/93 207/207/207
f 95/95/95 94/94/94 157/157/157 293/293/293
f 96/96/96 95/95/95 293/293/293 294/294/294
f 184/184/184 97/97/97 96/96/96 294/294/294
f 219/219/219 98/98/98 97/97/97 184/184/184
f 131/131/131 99/99/99 98/98/98 219/219/219
f 295/295/295 100/100/100 99/99/99 131/131/131
f 134/134/134 102/102/102 101/101/101 130/130/130
f 296/296/296 103/103/103 102/102/102 134/134/134
f 8/8/8 7/7/7 259/259/259 110/110/110
f 37/37/37 36/36/36 269/269/269 193/193/193
f 43/43/43 146/146/146 273/273/273 44/44/44
f 61/61/61 118/118/118 117/117/117 62/62/62
f 118/118/118 258/258/258 152/152/152 117/117/117
f 259/259/259 256/256/256 257/257/257 109/109/109
f 109/109/109 257/257/257 255/255/255 111/111/111
f 111/111/111 255/255/255 105/105/105 104/104/104
f 75/75/75 139/139/139 297/297/297 76/76/76
f 23/23/23 264/264/264 210/210/210 24/24/24
f 92/92/92 292/292/292 207/207/207 93/93/93
f 79/79/79 78/78/78 286/286/286 197/197/197
f 11/11/11 261/261/261 298/298/298 12/12/12
f 30/30/30 267/267/267 299/299/299 31/31/31
f 34/34/34 268/268/268 194/194/194 35/35/35
f 38/38/38 271/271/271 141/141/141 39/39/39
f 41/41/41 272/272/272 284/284/284 42/42/42
f 284/284/284 148/148/148 144/144/144 42/42/42
f 144/144/144 148/148/148 283/283/283 115/115/115
f 57/57/57 277/277/277 119/119/119 58/58/58
f 70/70/70 282/282/282 115/115/115 71/71/71
f 81/81/81 287/287/287 205/205/205 82/82/82
f 100/100/100 295/295/295 130/130/130 101/101/101
f 103/103/103 296/296/296 111/111/111 104/104/104
f 243/243/243 24/24/24 210/210/210 300/300/300
f 172/172/172 31/31/31 299/299/299 171/171/171
f 140/140/140 142/142/142 40/40/40 39/39/39
f 147/147/147 146/146/146 144/144/144 115/115/115
f 301/301/301 296/296/296 134/134/134 127/127/127
f 258/258/258 58/58/58 119/119/119 152/152/152
f 302/302/302 209/209/209 183/183/183 132/132/132
f 303/303/303 208/208/208 209/209/209 302/302/302
f 304/304/304 161/161/161 208/208/208 303/303/303
f 305/305/305 160/160/160 161/161/161 304/304/304
f 262/262/262 160/160/160 305/305/305 123/123/123
f 159/159/159 262/262/262 123/123/123 239/239/239
f 158/158/158 159/159/159 239/239/239 122/122/122
f 237/237/237 263/263/263 158/158/158 122/122/122
f 306/306/306 238/238/238 263/263/263 237/237/237
f 270/270/270 35/35/35 194/194/194 307/307/307
f 269/269/269 270/270/270 307/307/307 308/308/308
f 310/310/310 188/188/188 273/273/273 309/309/309
f 186/186/186 188/188/188 310/310/310 311/311/311
f 274/274/274 186/186/186 311/311/311 312/312/312
f 185/185/185 274/274/274 312/312/312 222/222/222
f 187/187/187 185/185/185 222/222/222 225/225/225
f 201/201/201 187/187/187 225/225/225 203/203/203
f 235/235/235 201/201/201 203/203/203 313/313/313
f 151/151/151 235/235/235 313/313/313 275/275/275
f 314/314/314 276/276/276 275/275/275 313/313/313
f 153/153/153 120/120/120 276/276/276 314/314/314
f 106/106/106 120/120/120 153/153/153 277/277/277
f 278/278/278 62/62/62 117/117/117 315/315/315
f 155/155/155 150/150/150 278/278/278 315/315/315
f 316/316/316 139/139/139 272/272/272 142/142/142
f 285/285/285 76/76/76 297/297/297 143/143/143
f 228/228/228 192/192/192 285/285/285 143/143/143
f 288/288/288 82/82/82 205/205/205 317/317/317
f 206/206/206 288/288/288 317/317/317 318/318/318
f 289/289/289 206/206/206 318/318/318 178/178/178
f 290/290/290 289/289/289 178/178/178 179/179/179
f 177/177/177 214/214/214 290/290/290 179/179/179
f 125/125/125 176/176/176 214/214/214 177/177/177
f 182/182/182 176/176/176 125/125/125 218/218/218
f 215/215/215 291/291/291 182/182/182 218/218/218
f 180/180/180 291/291/291 215/215/215 217/217/217
f 181/181/181 180/180/180 217/217/217 246/246/246
f 292/292/292 181/181/181 246/246/246 249/249/249
f 129/129/129 261/261/261 128/128/128 133/133/133
f 133/133/133 128/128/128 260/260/260 127/127/127
f 127/127/127 260/260/260 110/110/110 301/301/301
f 121/121/121 293/293/293 157/157/157 335/335/335
f 294/294/294 293/293/293 121/121/121 319/319/319
f 220/220/220 184/184/184 294/294/294 319/319/319
f 320/320/320 219/219/219 184/184/184 220/220/220
f 131/131/131 219/219/219 320/320/320 321/321/321
f 129/129/129 295/295/295 131/131/131 321/321/321
f 322/322/322 267/267/267 266/266/266 124/124/124
f 124/124/124 266/266/266 162/162/162 163/163/163
f 164/164/164 265/265/265 168/168/168 323/323/323
f 163/163/163 164/164/164 323/323/323 124/124/124
f 265/265/265 243/243/243 300/300/300 168/168/168
f 264/264/264 238/238/238 253/253/253 126/126/126
f 325/325/325 189/189/189 281/281/281 324/324/324
f 281/281/281 190/190/190 200/200/200 324/324/324
f 145/145/145 282/282/282 189/189/189 325/325/325
f 271/271/271 193/193/193 231/231/231 137/137/137
f 226/226/226 191/191/191 279/279/279 156/156/156
f 156/156/156 279/279/279 150/150/150 155/155/155
f 227/227/227 280/280/280 191/191/191 226/226/226
f 136/136/136 190/190/190 280/280/280 227/227/227
f 247/247/247 230/230/230 174/174/174 211/211/211
f 211/211/211 174/174/174 172/172/172 171/171/171
f 248/248/248 268/268/268 230/230/230 247/247/247
f 287/287/287 198/198/198 326/326/326 234/234/234
f 286/286/286 192/192/192 229/229/229 138/138/138
f 261/261/261 129/129/129 321/321/321 298/298/298
f 309/309/309 273/273/273 146/146/146 147/147/147
f 147/147/147 115/115/115 282/282/282 145/145/145
f 231/231/231 193/193/193 269/269/269 308/308/308
f 295/295/295 129/129/129 133/133/133 130/130/130
f 130/130/130 133/133/133 127/127/127 134/134/134
f 140/140/140 39/39/39 141/141/141 233/233/233
f 233/233/233 141/141/141 271/271/271 137/137/137
f 109/109/109 111/111/111 296/296/296 301/301/301
f 110/110/110 259/259/259 109/109/109 301/301/301
f 117/117/117 152/152/152 116/116/116 315/315/315
f 152/152/152 119/119/119 327/327/327 116/116/116
f 119/119/119 277/277/277 153/153/153 327/327/327
f 321/321/321 320/320/320 328/328/328 298/298/298
f 190/190/190 136/136/136 329/329/329 200/200/200
f 287/287/287 234/234/234 330/330/330 205/205/205
f 320/320/320 220/220/220 221/221/221 328/328/328
f 221/221/221 220/220/220 319/319/319 236/236/236
f 229/229/229 192/192/192 228/228/228 113/113/113
f 253/253/253 238/238/238 306/306/306 346/346/346
f 210/210/210 264/264/264 126/126/126 331/331/331
f 268/268/268 248/248/248 196/196/196 194/194/194
f 316/316/316 142/142/142 140/140/140 114/114/114
f 297/297/297 139/139/139 316/316/316 114/114/114
f 197/197/197 286/286/286 138/138/138 198/198/198
f 292/292/292 249/249/249 332/332/332 207/207/207
f 319/319/319 121/121/121 356/356/356 236/236/236
f 121/121/121 335/335/335 333/333/333 356/356/356
f 267/267/267 322/322/322 169/169/169 299/299/299
f 124/124/124 323/323/323 165/165/165 322/322/322
f 323/323/323 168/168/168 166/166/166 165/165/165
f 168/168/168 300/300/300 254/254/254 166/166/166
f 300/300/300 210/210/210 331/331/331 254/254/254
f 132/132/132 12/12/12 298/298/298 328/328/328
f 157/157/157 94/94/94 334/334/334 335/335/335
f 327/327/327 153/153/153 314/314/314 154/154/154
f 154/154/154 314/314/314 313/313/313 202/202/202
f 202/202/202 313/313/313 203/203/203 204/204/204
f 203/203/203 225/225/225 224/224/224 204/204/204
f 224/224/224 225/225/225 222/222/222 223/223/223
f 222/222/222 312/312/312 112/112/112 223/223/223
f 312/312/312 311/311/311 199/199/199 112/112/112
f 311/311/311 310/310/310 135/135/135 199/199/199
f 310/310/310 309/309/309 336/336/336 135/135/135
f 173/173/173 171/171/171 299/299/299 169/169/169
f 337/337/337 326/326/326 198/198/198 138/138/138
f 138/138/138 229/229/229 195/195/195 337/337/337
f 338/338/338 155/155/155 315/315/315 116/116/116
f 339/339/339 202/202/202 204/204/204
f 339/339/339 156/156/156 155/155/155 338/338/338
f 143/143/143 297/297/297 114/114/114 232/232/232
f 228/228/228 143/143/143 232/232/232 340/340/340
f 307/307/307 194/194/194 196/196/196 341/341/341
f 113/113/113 308/308/308 307/307/307 341/341/341
f 317/317/317 205/205/205 330/330/330 149/149/149
f 318/318/318 317/317/317 149/149/149 175/175/175
f 213/213/213 178/178/178 318/318/318 175/175/175
f 179/179/179 178/178/178 213/213/213 342/342/342
f 343/343/343 247/247/247 211/211/211 212/212/212
f 212/212/212 211/211/211 171/171/171 173/173/173
f 344/344/344 248/248/248 247/247/247 343/343/343
f 251/251/251 237/237/237 122/122/122 252/252/252
f 122/122/122 239/239/239 345/345/345 252/252/252
f 239/239/239 123/123/123 240/240/240 345/345/345
f 123/123/123 305/305/305 107/107/107 240/240/240
f 107/107/107 305/305/305 304/304/304 242/242/242
f 242/242/242 304/304/304 303/303/303 236/236/236
f 303/303/303 302/302/302 221/221/221 236/236/236
f 302/302/302 132/132/132 328/328/328 221/221/221
f 306/306/306 237/237/237 251/251/251 346/346/346
f 126/126/126 253/253/253 108/108/108 216/216/216
f 246/246/246 217/217/217 347/347/347 250/250/250
f 217/217/217 215/215/215 108/108/108 347/347/347
f 249/249/249 246/246/246 250/250/250 348/348/348
f 215/215/215 218/218/218 216/216/216 108/108/108
f 136/136/136 227/227/227 224/224/224 223/223/223
f 224/224/224 227/227/227 226/226/226 204/204/204
f 204/204/204 226/226/226 156/156/156 339/339/339
f 340/340/340 137/137/137 231/231/231 308/308/308
f 336/336/336 145/145/145 325/325/325 135/135/135
f 135/135/135 325/325/325 324/324/324 199/199/199
f 199/199/199 324/324/324 200/200/200 112/112/112
f 244/244/244 218/218/218 125/125/125 170/170/170
f 170/170/170 125/125/125 177/177/177 349/349/349
f 349/349/349 177/177/177 179/179/179 342/342/342
f 234/234/234 326/326/326 343/343/343 212/212/212
f 116/116/116 327/327/327 154/154/154 338/338/338
f 347/347/347 108/108/108 253/253/253 346/346/346
f 112/112/112 200/200/200 329/329/329 223/223/223
f 113/113/113 228/228/228 340/340/340 308/308/308
f 229/229/229 113/113/113 341/341/341 195/195/195
f 114/114/114 140/140/140 233/233/233 232/232/232
f 336/336/336 309/309/309 147/147/147 145/145/145
f 137/137/137 340/340/340 232/232/232 233/233/233
f 344/344/344 343/343/343 326/326/326 337/337/337
f 322/322/322 165/165/165 167/167/167 169/169/169
f 338/338/338 154/154/154 202/202/202 339/339/339
f 165/165/165 166/166/166 170/170/170 167/167/167
f 167/167/167 170/170/170 349/349/349 350/350/350
f 166/166/166 254/254/254 244/244/244 170/170/170
f 218/218/218 244/244/244 245/245/245 216/216/216
f 126/126/126 216/216/216 245/245/245 331/331/331
f 254/254/254 331/331/331 245/245/245 244/244/244
f 350/350/350 349/349/349 342/342/342 351/351/351
f 330/330/330 234/234/234 212/212/212 149/149/149
f 149/149/149 212/212/212 173/173/173 175/175/175
f 173/173/173 169/169/169 351/351/351 175/175/175
f 334/334/334 207/207/207 332/332/332 353/353/353
f 332/332/332 249/249/249 348/348/348 353/353/353
f 344/344/344 337/337/337 195/195/195 248/248/248
f 195/195/195 341/341/341 196/196/196 248/248/248
f 354/354/354 335/335/335 334/334/334 353/353/353
f 213/213/213 175/175/175 351/351/351 342/342/342
f 236/236/236 356/356/356 355/355/355 242/242/242
f 355/355/355 356/356/356 333/333/333 352/352/352
f 107/107/107 242/242/242 355/355/355 352/352/352
f 357/357/357 240/240/240 107/107/107 352/352/352
f 345/345/345 240/240/240 357/357/357 241/241/241
f 354/354/354 252/252/252 345/345/345 241/241/241
f 250/250/250 347/347/347 346/346/346 251/251/251
f 348/348/348 250/250/250 251/251/251 252/252/252
f 333/333/333 335/335/335 354/354/354 241/241/241
f 169/169/169 167/167/167 350/350/350 351/351/351
f 354/354/354 353/353/353 348/348/348 252/252/252
f 333/333/333 241/241/241 357/357/357 352/352/352
s 1
usemtl FABRIC_1_FRONT_1947
f 430/430/430 477/477/477 478/478/478
f 358/358/358 359/359/359 443/443/443 442/442/442
f 444/444/444 389/389/389 358/358/358 442/442/442
f 414/414/414 388/388/388 389/389/389 444/444/444
f 403/403/403 387/387/387 388/388/388 414/414/414
f 445/445/445 386/386/386 387/387/387 403/403/403
f 385/385/385 386/386/386 445/445/445 417/417/417
f 384/384/384 385/385/385 417/417/417 402/402/402
f 383/383/383 384/384/384 402/402/402 446/446/446
f 382/382/382 383/383/383 446/446/446 401/401/401
f 381/381/381 382/382/382 401/401/401 447/447/447
f 448/448/448 380/380/380 381/381/381 447/447/447
f 449/449/449 379/379/379 380/380/380 448/448/448
f 360/360/360 361/361/361 392/392/392 450/450/450
f 361/361/361 362/362/362 397/397/397 392/392/392
f 362/362/362 363/363/363 399/399/399 397/397/397
f 363/363/363 364/364/364 451/451/451 399/399/399
f 451/451/451 364/364/364 365/365/365 398/398/398
f 365/365/365 366/366/366 452/452/452 398/398/398
f 453/453/453 368/368/368 369/369/369 400/400/400
f 369/369/369 370/370/370 454/454/454 400/400/400
f 372/372/372 373/373/373 455/455/455 456/456/456
f 375/375/375 376/376/376 457/457/457 405/405/405
f 457/457/457 376/376/376 377/377/377 407/407/407
f 407/407/407 377/377/377 378/378/378 379/379/379
f 359/359/359 360/360/360 450/450/450 443/443/443
f 373/373/373 374/374/374 458/458/458 455/455/455
f 374/374/374 375/375/375 405/405/405 458/458/458
f 407/407/407 379/379/379 449/449/449 459/459/459
f 368/368/368 453/453/453 410/410/410 367/367/367
f 372/372/372 456/456/456 413/413/413 371/371/371
f 457/457/457 407/407/407 459/459/459 429/429/429
f 459/459/459 449/449/449 448/448/448 406/406/406
f 406/406/406 448/448/448 447/447/447 435/435/435
f 435/435/435 447/447/447 401/401/401 460/460/460
f 401/401/401 446/446/446 461/461/461 460/460/460
f 446/446/446 402/402/402 419/419/419 461/461/461
f 402/402/402 417/417/417 462/462/462 419/419/419
f 462/462/462 417/417/417 445/445/445 403/403/403
f 405/405/405 457/457/457 429/429/429 428/428/428
f 410/410/410 452/452/452 366/366/366 367/367/367
f 463/463/463 454/454/454 370/370/370 371/371/371
f 392/392/392 397/397/397 408/408/408 415/415/415
f 397/397/397 399/399/399 464/464/464 408/408/408
f 399/399/399 451/451/451 393/393/393 464/464/464
f 393/393/393 451/451/451 398/398/398 465/465/465
f 465/465/465 398/398/398 452/452/452 411/411/411
f 450/450/450 392/392/392 415/415/415 466/466/466
f 422/422/422 414/414/414 444/444/444 395/395/395
f 395/395/395 444/444/444 442/442/442 404/404/404
f 442/442/442 443/443/443 467/467/467 404/404/404
f 400/400/400 454/454/454 394/394/394 468/468/468
f 411/411/411 453/453/453 400/400/400 468/468/468
f 456/456/456 455/455/455 436/436/436 431/431/431
f 410/410/410 453/453/453 411/411/411 452/452/452
f 443/443/443 450/450/450 466/466/466 467/467/467
f 455/455/455 458/458/458 396/396/396 436/436/436
f 458/458/458 405/405/405 428/428/428 396/396/396
f 414/414/414 422/422/422 462/462/462 403/403/403
f 429/429/429 459/459/459 406/406/406 427/427/427
f 427/427/427 406/406/406 435/435/435 426/426/426
f 426/426/426 435/435/435 460/460/460 469/469/469
f 469/469/469 460/460/460 461/461/461 421/421/421
f 413/413/413 456/456/456 431/431/431 470/470/470
f 461/461/461 419/419/419 420/420/420 421/421/421
f 419/419/419 462/462/462 422/422/422 420/420/420
f 420/420/420 422/422/422 395/395/395 423/423/423
f 395/395/395 404/404/404 416/416/416 423/423/423
f 404/404/404 467/467/467 471/471/471 416/416/416
f 465/465/465 411/411/411 468/468/468 412/412/412
f 468/468/468 394/394/394 441/441/441 412/412/412
f 472/472/472 394/394/394 454/454/454 463/463/463
f 463/463/463 371/371/371 413/413/413 470/470/470
f 428/428/428 429/429/429 427/427/427 391/391/391
f 464/464/464 393/393/393 465/465/465 412/412/412
f 390/390/390 408/408/408 464/464/464 412/412/412
f 415/415/415 408/408/408 390/390/390 440/440/440
f 466/466/466 415/415/415 440/440/440 409/409/409
f 431/431/431 436/436/436 473/473/473 432/432/432
f 471/471/471 467/467/467 466/466/466 409/409/409
f 390/390/390 412/412/412 441/441/441 474/474/474
f 396/396/396 428/428/428 391/391/391 475/475/475
f 436/436/436 396/396/396 475/475/475 473/473/473
f 472/472/472 463/463/463 470/470/470 476/476/476
f 470/470/470 431/431/431 432/432/432 476/476/476
f 420/420/420 423/423/423 424/424/424 421/421/421
f 424/424/424 423/423/423 416/416/416 439/439/439
f 391/391/391 427/427/427 426/426/426 433/433/433
f 433/433/433 426/426/426 469/469/469 425/425/425
f 425/425/425 469/469/469 421/421/421 424/424/424
f 439/439/439 416/416/416 471/471/471 409/409/409
f 409/409/409 440/440/440 434/434/434 439/439/439
f 441/441/441 394/394/394 472/472/472 438/438/438
f 440/440/440 390/390/390 474/474/474 434/434/434
f 432/432/432 473/473/473 430/430/430 418/418/418
f 475/475/475 391/391/391 433/433/433 477/477/477
f 473/473/473 475/475/475 477/477/477 430/430/430
f 472/472/472 476/476/476 437/437/437 438/438/438
f 476/476/476 432/432/432 418/418/418 437/437/437
f 477/477/477 433/433/433 425/425/425 478/478/478
f 478/478/478 425/425/425 424/424/424 439/439/439
f 474/474/474 441/441/441 438/438/438 434/434/434
f 418/418/418 430/430/430 478/478/478 479/479/479
f 479/479/479 478/478/478 439/439/439 434/434/434
f 437/437/437 418/418/418 479/479/479
f 479/479/479 434/434/434 438/438/438 437/437/437
s 1
usemtl FABRIC_1_FRONT_1947
f 480/480/480 481/481/481 566/566/566 565/565/565
f 567/567/567 511/511/511 480/480/480 565/565/565
f 536/536/536 510/510/510 511/511/511 567/567/567
f 525/525/525 509/509/509 510/510/510 536/536/536
f 568/568/568 508/508/508 509/509/509 525/525/525
f 507/507/507 508/508/508 568/568/568 539/539/539
f 506/506/506 507/507/507 539/539/539 524/524/524
f 505/505/505 506/506/506 524/524/524 569/569/569
f 504/504/504 505/505/505 569/569/569 523/523/523
f 503/503/503 504/504/504 523/523/523 570/570/570
f 571/571/571 502/502/502 503/503/503 570/570/570
f 572/572/572 501/501/501 502/502/502 571/571/571
f 482/482/482 483/483/483 514/514/514 573/573/573
f 483/483/483 484/484/484 519/519/519 514/514/514
f 484/484/484 485/485/485 521/521/521 519/519/519
f 485/485/485 486/486/486 574/574/574 521/521/521
f 574/574/574 486/486/486 487/487/487 520/520/520
f 487/487/487 488/488/488 575/575/575 520/520/520
f 576/576/576 490/490/490 491/491/491 522/522/522
f 491/491/491 492/492/492 577/577/577 522/522/522
f 494/494/494 495/495/495 559/559/559 578/578/578
f 495/495/495 496/496/496 579/579/579 559/559/559
f 497/497/497 498/498/498 580/580/580 527/527/527
f 580/580/580 498/498/498 499/499/499 529/529/529
f 529/529/529 499/499/499 500/500/500 501/501/501
f 481/481/481 482/482/482 573/573/573 566/566/566
f 496/496/496 497/497/497 527/527/527 579/579/579
f 529/529/529 501/501/501 572/572/572 581/581/581
f 490/490/490 576/576/576 532/532/532 489/489/489
f 494/494/494 578/578/578 535/535/535 493/493/493
f 580/580/580 529/529/529 581/581/581 551/551/551
f 572/572/572 571/571/571 528/528/528 581/581/581
f 528/528/528 571/571/571 570/570/570 558/558/558
f 570/570/570 523/523/523 582/582/582 558/558/558
f 523/523/523 569/569/569 583/583/583 582/582/582
f 569/569/569 524/524/524 541/541/541 583/583/583
f 524/524/524 539/539/539 584/584/584 541/541/541
f 584/584/584 539/539/539 568/568/568 525/525/525
f 527/527/527 580/580/580 551/551/551 550/550/550
f 532/532/532 575/575/575 488/488/488 489/489/489
f 585/585/585 577/577/577 492/492/492 493/493/493
f 514/514/514 519/519/519 530/530/530 537/537/537
f 519/519/519 521/521/521 586/586/586 530/530/530
f 521/521/521 574/574/574 515/515/515 586/586/586
f 515/515/515 574/574/574 520/520/520 587/587/587
f 587/587/587 520/520/520 575/575/575 533/533/533
f 573/573/573 514/514/514 537/537/537 588/588/588
f 544/544/544 536/536/536 567/567/567 517/517/517
f 517/517/517 567/567/567 565/565/565 526/526/526
f 565/565/565 566/566/566 589/589/589 526/526/526
f 559/559/559 579/579/579 518/518/518 590/590/590
f 578/578/578 559/559/559 590/590/590 553/553/553
f 522/522/522 577/577/577 516/516/516 591/591/591
f 533/533/533 576/576/576 522/522/522 591/591/591
f 532/532/532 576/576/576 533/533/533 575/575/575
f 566/566/566 573/573/573 588/588/588 589/589/589
f 579/579/579 527/527/527 550/550/550 518/518/518
f 536/536/536 544/544/544 584/584/584 525/525/525
f 551/551/551 581/581/581 528/528/528 549/549/549
f 549/549/549 528/528/528 558/558/558 548/548/548
f 548/548/548 558/558/558 582/582/582 592/592/592
f 592/592/592 582/582/582 583/583/583 543/543/543
f 535/535/535 578/578/578 553/553/553 593/593/593
f 583/583/583 541/541/541 542/542/542 543/543/543
f 541/541/541 584/584/584 544/544/544 542/542/542
f 542/542/542 544/544/544 517/517/517 545/545/545
f 545/545/545 517/517/517 526/526/526 538/538/538
f 526/526/526 589/589/589 594/594/594 538/538/538
f 587/587/587 533/533/533 591/591/591 534/534/534
f 591/591/591 516/516/516 564/564/564 534/534/534
f 595/595/595 516/516/516 577/577/577 585/585/585
f 585/585/585 493/493/493 535/535/535 593/593/593
f 550/550/550 551/551/551 549/549/549 513/513/513
f 586/586/586 515/515/515 587/587/587 534/534/534
f 512/512/512 530/530/530 586/586/586 534/534/534
f 537/537/537 530/530/530 512/512/512 563/563/563
f 588/588/588 537/537/537 563/563/563 531/531/531
f 590/590/590 518/518/518 596/596/596 552/552/552
f 553/553/553 590/590/590 552/552/552 554/554/554
f 518/518/518 550/550/550 513/513/513 596/596/596
f 594/594/594 589/589/589 588/588/588 531/531/531
f 512/512/512 534/534/534 564/564/564 597/597/597
f 595/595/595 585/585/585 593/593/593 598/598/598
f 593/593/593 553/553/553 554/554/554 598/598/598
f 543/543/543 542/542/542 545/545/545 546/546/546
f 546/546/546 545/545/545 538/538/538 562/562/562
f 513/513/513 549/549/549 548/548/548 599/599/599
f 599/599/599 548/548/548 592/592/592 547/547/547
f 547/547/547 592/592/592 543/543/543 546/546/546
f 562/562/562 538/538/538 594/594/594 531/531/531
f 531/531/531 563/563/563 557/557/557 562/562/562
f 564/564/564 516/516/516 595/595/595 561/561/561
f 563/563/563 512/512/512 597/597/597 557/557/557
f 552/552/552 596/596/596 600/600/600 555/555/555
f 540/540/540 554/554/554 552/552/552 555/555/555
f 600/600/600 596/596/596 513/513/513 599/599/599
f 561/561/561 595/595/595 598/598/598 560/560/560
f 598/598/598 554/554/554 540/540/540 560/560/560
f 597/597/597 564/564/564 561/561/561 557/557/557
f 556/556/556 546/546/546 562/562/562 557/557/557
f 547/547/547 546/546/546 556/556/556 555/555/555
f 547/547/547 555/555/555 600/600/600 599/599/599
f 540/540/540 555/555/555 556/556/556 560/560/560
f 560/560/560 556/556/556 557/557/557 561/561/561
s 1
usemtl FABRIC_1_FRONT_1947
f 603/603/603 602/602/602 685/685/685 653/653/653
f 652/652/652 604/604/604 603/603/603 653/653/653
f 654/654/654 605/605/605 604/604/604 652/652/652
f 686/686/686 606/606/606 605/605/605 654/654/654
f 607/607/607 606/606/606 686/686/686 651/651/651
f 608/608/608 607/607/607 651/651/651 687/687/687
f 688/688/688 609/609/609 608/608/608 687/687/687
f 612/612/612 611/611/611 689/689/689 649/649/649
f 614/614/614 613/613/613 690/690/690 650/650/650
f 691/691/691 615/615/615 614/614/614 650/650/650
f 656/656/656 618/618/618 617/617/617 637/637/637
f 619/619/619 618/618/618 656/656/656 692/692/692
f 620/620/620 619/619/619 692/692/692 644/644/644
f 621/621/621 620/620/620 644/644/644 622/622/622
f 693/693/693 623/623/623 622/622/622 644/644/644
f 626/626/626 625/625/625 694/694/694 638/638/638
f 695/695/695 627/627/627 626/626/626 638/638/638
f 628/628/628 627/627/627 695/695/695 648/648/648
f 647/647/647 629/629/629 628/628/628 648/648/648
f 630/630/630 629/629/629 647/647/647 645/645/645
f 696/696/696 631/631/631 630/630/630 645/645/645
f 697/697/697 632/632/632 631/631/631 696/696/696
f 612/612/612 649/649/649 639/639/639 613/613/613
f 644/644/644 692/692/692 670/670/670 693/693/693
f 609/609/609 688/688/688 659/659/659 610/610/610
f 615/615/615 691/691/691 698/698/698 616/616/616
f 670/670/670 692/692/692 656/656/656 637/637/637
f 623/623/623 693/693/693 655/655/655 624/624/624
f 632/632/632 697/697/697 646/646/646 601/601/601
f 663/663/663 685/685/685 602/602/602 601/601/601
f 659/659/659 689/689/689 611/611/611 610/610/610
f 690/690/690 613/613/613 639/639/639 699/699/699
f 700/700/700 650/650/650 690/690/690 699/699/699
f 701/701/701 691/691/691 650/650/650 700/700/700
f 702/702/702 617/617/617 616/616/616 698/698/698
f 643/643/643 694/694/694 625/625/625 624/624/624
f 703/703/703 697/697/697 696/696/696 676/676/676
f 676/676/676 696/696/696 645/645/645 682/682/682
f 647/647/647 648/648/648 682/682/682 645/645/645
f 682/682/682 648/648/648 695/695/695 638/638/638
f 658/658/658 638/638/638 694/694/694 662/662/662
f 641/641/641 652/652/652 653/653/653 675/675/675
f 675/675/675 653/653/653 685/685/685 660/660/660
f 681/681/681 654/654/654 652/652/652 641/641/641
f 686/686/686 654/654/654 681/681/681 661/661/661
f 651/651/651 686/686/686 661/661/661 640/640/640
f 683/683/683 687/687/687 651/651/651 640/640/640
f 688/688/688 687/687/687 683/683/683 659/659/659
f 649/649/649 689/689/689 704/704/704 671/671/671
f 704/704/704 689/689/689 659/659/659 683/683/683
f 663/663/663 601/601/601 646/646/646 665/665/665
f 665/665/665 646/646/646 697/697/697 703/703/703
f 693/693/693 670/670/670 633/633/633 655/655/655
f 670/670/670 637/637/637 680/680/680 633/633/633
f 638/638/638 658/658/658 634/634/634 682/682/682
f 704/704/704 683/683/683 640/640/640 671/671/671
f 639/639/639 649/649/649 671/671/671 673/673/673
f 660/660/660 685/685/685 663/663/663 642/642/642
f 694/694/694 643/643/643 636/636/636 662/662/662
f 643/643/643 624/624/624 655/655/655 705/705/705
f 698/698/698 691/691/691 701/701/701 684/684/684
f 677/677/677 699/699/699 639/639/639 673/673/673
f 700/700/700 699/699/699 677/677/677 706/706/706
f 707/707/707 701/701/701 700/700/700 706/706/706
f 703/703/703 676/676/676 708/708/708 657/657/657
f 640/640/640 661/661/661 709/709/709 672/672/672
f 661/661/661 681/681/681 710/710/710 709/709/709
f 710/710/710 681/681/681 641/641/641 674/674/674
f 674/674/674 641/641/641 675/675/675 711/711/711
f 675/675/675 660/660/660 712/712/712 711/711/711
f 666/666/666 658/658/658 662/662/662 720/720/720
f 676/676/676 682/682/682 634/634/634 708/708/708
f 705/705/705 655/655/655 633/633/633 713/713/713
f 713/713/713 633/633/633 680/680/680 684/684/684
f 698/698/698 684/684/684 680/680/680 702/702/702
f 702/702/702 680/680/680 637/637/637 617/617/617
f 636/636/636 643/643/643 705/705/705 714/714/714
f 662/662/662 636/636/636 714/714/714 720/720/720
f 671/671/671 640/640/640 672/672/672 673/673/673
f 660/660/660 642/642/642 668/668/668 712/712/712
f 634/634/634 658/658/658 666/666/666 708/708/708
f 701/701/701 707/707/707 715/715/715 684/684/684
f 663/663/663 665/665/665 716/716/716 642/642/642
f 716/716/716 665/665/665 703/703/703 657/657/657
f 677/677/677 673/673/673 635/635/635 706/706/706
f 678/678/678 707/707/707 706/706/706 635/635/635
f 711/711/711 712/712/712 664/664/664 717/717/717
f 718/718/718 674/674/674 711/711/711 717/717/717
f 710/710/710 674/674/674 718/718/718 709/709/709
f 719/719/719 672/672/672 709/709/709 718/718/718
f 657/657/657 708/708/708 666/666/666 669/669/669
f 673/673/673 672/672/672 719/719/719 635/635/635
f 719/719/719 718/718/718 717/717/717 635/635/635
f 714/714/714 705/705/705 713/713/713 721/721/721
f 713/713/713 684/684/684 715/715/715 721/721/721
f 667/667/667 720/720/720 714/714/714 721/721/721
f 716/716/716 657/657/657 669/669/669 642/642/642
f 707/707/707 678/678/678 722/722/722 715/715/715
f 664/664/664 712/712/712 668/668/668 679/679/679
f 635/635/635 717/717/717 664/664/664 679/679/679
f 666/666/666 720/720/720 723/723/723 669/669/669
f 723/723/723 720/720/720 667/667/667 724/724/724
f 678/678/678 635/635/635 679/679/679 724/724/724
f 668/668/668 642/642/642 669/669/669 723/723/723
f 721/721/721 715/715/715 722/722/722 667/667/667
f 724/724/724 679/679/679 668/668/668 723/723/723
f 722/722/722 678/678/678 724/724/724 667/667/667
s 1
usemtl FABRIC_1_FRONT_1947
f 735/735/735 734/734/734 767/767/767 736/736/736
f 734/734/734 733/733/733 814/814/814 767/767/767
f 733/733/733 732/732/732 815/815/815 814/814/814
f 732/732/732 731/731/731 816/816/816 815/815/815
f 775/775/775 726/726/726 725/725/725 817/817/817
f 818/818/818 727/727/727 726/726/726 775/775/775
f 819/819/819 728/728/728 727/727/727 818/818/818
f 779/779/779 730/730/730 729/729/729 774/774/774
f 738/738/738 737/737/737 783/783/783 820/820/820
f 821/821/821 740/740/740 739/739/739 788/788/788
f 743/743/743 742/742/742 822/822/822 773/773/773
f 781/781/781 744/744/744 743/743/743 773/773/773
f 745/745/745 744/744/744 781/781/781 823/823/823
f 746/746/746 745/745/745 823/823/823 771/771/771
f 747/747/747 746/746/746 771/771/771 748/748/748
f 824/824/824 749/749/749 748/748/748 771/771/771
f 825/825/825 750/750/750 749/749/749 824/824/824
f 770/770/770 751/751/751 750/750/750 825/825/825
f 769/769/769 752/752/752 751/751/751 770/770/770
f 826/826/826 753/753/753 752/752/752 769/769/769
f 756/756/756 755/755/755 778/778/778 757/757/757
f 827/827/827 758/758/758 757/757/757 778/778/778
f 759/759/759 758/758/758 827/827/827 828/828/828
f 729/729/729 728/728/728 819/819/819 774/774/774
f 731/731/731 730/730/730 779/779/779 816/816/816
f 739/739/739 738/738/738 820/820/820 788/788/788
f 760/760/760 759/759/759 828/828/828 776/776/776
f 736/736/736 767/767/767 761/761/761 737/737/737
f 767/767/767 814/814/814 829/829/829 761/761/761
f 829/829/829 814/814/814 815/815/815 816/816/816
f 771/771/771 823/823/823 782/782/782 824/824/824
f 740/740/740 821/821/821 780/780/780 741/741/741
f 823/823/823 781/781/781 773/773/773 782/782/782
f 753/753/753 826/826/826 777/777/777 754/754/754
f 850/850/850 825/825/825 824/824/824 782/782/782
f 840/840/840 770/770/770 825/825/825 850/850/850
f 839/839/839 769/769/769 770/770/770 840/840/840
f 776/776/776 817/817/817 725/725/725 760/760/760
f 830/830/830 822/822/822 742/742/742 741/741/741
f 831/831/831 755/755/755 754/754/754 777/777/777
f 831/831/831 832/832/832 778/778/778 755/755/755
f 828/828/828 827/827/827 784/784/784 766/766/766
f 827/827/827 778/778/778 832/832/832 784/784/784
f 773/773/773 822/822/822 833/833/833 762/762/762
f 834/834/834 775/775/775 817/817/817 799/799/799
f 818/818/818 775/775/775 834/834/834 793/793/793
f 819/819/819 818/818/818 793/793/793 774/774/774
f 821/821/821 788/788/788 835/835/835 790/790/790
f 779/779/779 774/774/774 764/764/764 768/768/768
f 797/797/797 826/826/826 769/769/769 785/785/785
f 816/816/816 779/779/779 768/768/768 829/829/829
f 817/817/817 776/776/776 836/836/836 799/799/799
f 836/836/836 776/776/776 828/828/828 766/766/766
f 782/782/782 773/773/773 762/762/762 792/792/792
f 820/820/820 783/783/783 837/837/837 788/788/788
f 764/764/764 774/774/774 793/793/793 804/804/804
f 821/821/821 790/790/790 789/789/789 780/780/780
f 830/830/830 741/741/741 780/780/780 789/789/789
f 826/826/826 797/797/797 838/838/838 777/777/777
f 783/783/783 737/737/737 761/761/761 795/795/795
f 795/795/795 761/761/761 829/829/829 768/768/768
f 768/768/768 764/764/764 805/805/805 795/795/795
f 793/793/793 834/834/834 794/794/794 804/804/804
f 834/834/834 799/799/799 765/765/765 794/794/794
f 850/850/850 782/782/782 792/792/792 859/859/859
f 831/831/831 777/777/777 838/838/838 841/841/841
f 832/832/832 831/831/831 841/841/841 842/842/842
f 833/833/833 822/822/822 830/830/830 772/772/772
f 835/835/835 788/788/788 837/837/837 763/763/763
f 766/766/766 784/784/784 843/843/843 786/786/786
f 784/784/784 832/832/832 842/842/842 843/843/843
f 796/796/796 797/797/797 785/785/785 812/812/812
f 844/844/844 790/790/790 835/835/835 845/845/845
f 803/803/803 762/762/762 833/833/833 772/772/772
f 836/836/836 766/766/766 786/786/786 799/799/799
f 837/837/837 783/783/783 795/795/795 805/805/805
f 792/792/792 762/762/762 803/803/803 859/859/859
f 841/841/841 838/838/838 797/797/797 796/796/796
f 842/842/842 841/841/841 796/796/796 843/843/843
f 764/764/764 804/804/804 846/846/846 805/805/805
f 804/804/804 794/794/794 847/847/847 846/846/846
f 847/847/847 794/794/794 765/765/765 800/800/800
f 765/765/765 799/799/799 786/786/786 800/800/800
f 843/843/843 796/796/796 812/812/812 848/848/848
f 840/840/840 850/850/850 849/849/849 839/839/839
f 849/849/849 850/850/850 859/859/859 798/798/798
f 839/839/839 849/849/849 851/851/851 806/806/806
f 839/839/839 806/806/806 785/785/785 769/769/769
f 845/845/845 835/835/835 763/763/763 855/855/855
f 786/786/786 843/843/843 848/848/848 813/813/813
f 812/812/812 785/785/785 806/806/806 807/807/807
f 807/807/807 806/806/806 851/851/851 852/852/852
f 763/763/763 837/837/837 805/805/805 855/855/855
f 851/851/851 849/849/849 798/798/798 852/852/852
f 803/803/803 772/772/772 791/791/791 809/809/809
f 791/791/791 789/789/789 790/790/790 787/787/787
f 787/787/787 790/790/790 844/844/844 853/853/853
f 844/844/844 845/845/845 801/801/801 853/853/853
f 789/789/789 791/791/791 772/772/772 830/830/830
f 854/854/854 855/855/855 805/805/805 846/846/846
f 800/800/800 786/786/786 813/813/813 856/856/856
f 809/809/809 791/791/791 787/787/787 857/857/857
f 803/803/803 809/809/809 858/858/858 859/859/859
f 858/858/858 810/810/810 798/798/798 859/859/859
f 858/858/858 809/809/809 857/857/857 810/810/810
f 852/852/852 798/798/798 810/810/810 811/811/811
f 848/848/848 812/812/812 807/807/807 860/860/860
f 860/860/860 807/807/807 852/852/852 811/811/811
f 845/845/845 855/855/855 854/854/854 801/801/801
f 861/861/861 847/847/847 800/800/800 856/856/856
f 813/813/813 848/848/848 860/860/860 811/811/811
f 853/853/853 801/801/801 808/808/808 802/802/802
f 857/857/857 787/787/787 853/853/853 802/802/802
f 808/808/808 801/801/801 854/854/854 846/846/846
f 846/846/846 847/847/847 861/861/861 808/808/808
f 810/810/810 857/857/857 802/802/802 811/811/811
f 856/856/856 813/813/813 811/811/811 802/802/802
f 802/802/802 808/808/808 861/861/861 856/856/856
s 1
usemtl FABRIC_1_FRONT_1947
f 930/930/930 928/928/928 915/915/915
f 953/953/953 946/946/946 951/951/951
f 954/954/954 949/949/949 952/952/952
f 962/962/962 975/975/975 932/932/932
f 872/872/872 873/873/873 930/930/930 871/871/871
f 873/873/873 874/874/874 966/966/966 930/930/930
f 874/874/874 875/875/875 959/959/959 966/966/966
f 959/959/959 875/875/875 876/876/876 958/958/958
f 876/876/876 877/877/877 961/961/961 958/958/958
f 862/862/862 863/863/863 970/970/970 971/971/971
f 864/864/864 865/865/865 921/921/921 972/972/972
f 865/865/865 866/866/866 973/973/973 921/921/921
f 867/867/867 868/868/868 974/974/974 922/922/922
f 974/974/974 868/868/868 869/869/869 914/914/914
f 914/914/914 869/869/869 870/870/870 915/915/915
f 878/878/878 879/879/879 975/975/975 976/976/976
f 881/881/881 882/882/882 977/977/977 909/909/909
f 882/882/882 883/883/883 978/978/978 977/977/977
f 979/979/979 884/884/884 885/885/885 912/912/912
f 912/912/912 885/885/885 886/886/886 980/980/980
f 980/980/980 886/886/886 887/887/887 981/981/981
f 981/981/981 887/887/887 888/888/888 911/911/911
f 888/888/888 889/889/889 982/982/982 911/911/911
f 890/890/890 891/891/891 907/907/907 983/983/983
f 891/891/891 892/892/892 923/923/923 907/907/907
f 892/892/892 893/893/893 924/924/924 923/923/923
f 924/924/924 893/893/893 894/894/894 906/906/906
f 906/906/906 894/894/894 895/895/895 984/984/984
f 984/984/984 895/895/895 896/896/896 908/908/908
f 908/908/908 896/896/896 897/897/897 917/917/917
f 917/917/917 897/897/897 862/862/862 971/971/971
f 863/863/863 864/864/864 972/972/972 970/970/970
f 866/866/866 867/867/867 922/922/922 973/973/973
f 915/915/915 870/870/870 871/871/871 930/930/930
f 883/883/883 884/884/884 979/979/979 978/978/978
f 880/880/880 881/881/881 909/909/909 932/932/932
f 877/877/877 878/878/878 976/976/976 961/961/961
f 979/979/979 912/912/912 920/920/920 978/978/978
f 920/920/920 912/912/912 980/980/980 934/934/934
f 934/934/934 980/980/980 981/981/981 965/965/965
f 965/965/965 981/981/981 911/911/911 967/967/967
f 967/967/967 911/911/911 982/982/982 919/919/919
f 890/890/890 983/983/983 905/905/905 889/889/889
f 982/982/982 889/889/889 905/905/905 919/919/919
f 977/977/977 978/978/978 920/920/920 903/903/903
f 909/909/909 977/977/977 903/903/903 910/910/910
f 932/932/932 975/975/975 879/879/879 880/880/880
f 972/972/972 921/921/921 985/985/985 986/986/986
f 963/963/963 922/922/922 974/974/974 987/987/987
f 987/987/987 974/974/974 914/914/914 904/904/904
f 904/904/904 914/914/914 915/915/915 928/928/928
f 924/924/924 906/906/906 901/901/901 996/996/996
f 901/901/901 906/906/906 984/984/984 918/918/918
f 918/918/918 984/984/984 908/908/908 988/988/988
f 988/988/988 908/908/908 917/917/917 902/902/902
f 907/907/907 923/923/923 989/989/989 925/925/925
f 916/916/916 983/983/983 907/907/907 925/925/925
f 971/971/971 970/970/970 939/939/939 926/926/926
f 921/921/921 973/973/973 913/913/913 964/964/964
f 928/928/928 930/930/930 966/966/966 990/990/990
f 990/990/990 966/966/966 959/959/959 991/991/991
f 991/991/991 959/959/959 958/958/958 995/995/995
f 976/976/976 975/975/975 962/962/962 960/960/960
f 970/970/970 972/972/972 986/986/986 939/939/939
f 902/902/902 917/917/917 971/971/971 926/926/926
f 973/973/973 922/922/922 963/963/963 913/913/913
f 963/963/963 987/987/987 992/992/992 913/913/913
f 932/932/932 909/909/909 910/910/910 962/962/962
f 992/992/992 987/987/987 904/904/904 931/931/931
f 904/904/904 928/928/928 990/990/990 931/931/931
f 903/903/903 920/920/920 934/934/934 900/900/900
f 985/985/985 921/921/921 964/964/964 938/938/938
f 976/976/976 960/960/960 994/994/994 961/961/961
f 900/900/900 934/934/934 965/965/965 933/933/933
f 990/990/990 991/991/991 969/969/969 931/931/931
f 991/991/991 995/995/995 955/955/955 969/969/969
f 933/933/933 965/965/965 967/967/967 948/948/948
f 948/948/948 967/967/967 919/919/919 945/945/945
f 919/919/919 905/905/905 993/993/993 945/945/945
f 905/905/905 983/983/983 916/916/916 993/993/993
f 986/986/986 985/985/985 938/938/938 937/937/937
f 910/910/910 903/903/903 900/900/900 968/968/968
f 964/964/964 913/913/913 992/992/992 898/898/898
f 958/958/958 961/961/961 994/994/994 995/995/995
f 901/901/901 918/918/918 927/927/927 996/996/996
f 996/996/996 989/989/989 923/923/923 924/924/924
f 927/927/927 918/918/918 988/988/988 997/997/997
f 997/997/997 988/988/988 902/902/902 998/998/998
f 989/989/989 996/996/996 927/927/927 929/929/929
f 925/925/925 989/989/989 929/929/929 943/943/943
f 916/916/916 925/925/925 943/943/943 993/993/993
f 926/926/926 939/939/939 935/935/935 936/936/936
f 960/960/960 962/962/962 950/950/950 999/999/999
f 998/998/998 902/902/902 926/926/926 936/936/936
f 962/962/962 910/910/910 968/968/968 950/950/950
f 939/939/939 986/986/986 937/937/937 935/935/935
f 994/994/994 960/960/960 999/999/999 995/995/995
f 938/938/938 964/964/964 898/898/898 957/957/957
f 968/968/968 900/900/900 933/933/933 944/944/944
f 945/945/945 993/993/993 943/943/943 942/942/942
f 943/943/943 929/929/929 899/899/899 942/942/942
f 929/929/929 927/927/927 997/997/997 899/899/899
f 899/899/899 997/997/997 998/998/998 940/940/940
f 944/944/944 933/933/933 948/948/948 947/947/947
f 948/948/948 945/945/945 942/942/942 947/947/947
f 992/992/992 931/931/931 1000/1000/1000 898/898/898
f 1000/1000/1000 931/931/931 969/969/969 956/956/956
f 956/956/956 969/969/969 955/955/955 949/949/949
f 937/937/937 938/938/938 957/957/957 954/954/954
f 955/955/955 995/995/995 999/999/999 953/953/953
f 999/999/999 950/950/950 1001/1001/1001 953/953/953
f 936/936/936 935/935/935 952/952/952 941/941/941
f 942/942/942 899/899/899 940/940/940 947/947/947
f 935/935/935 937/937/937 954/954/954 952/952/952
f 950/950/950 968/968/968 944/944/944 1001/1001/1001
f 940/940/940 998/998/998 936/936/936 941/941/941
f 944/944/944 947/947/947 1002/1002/1002 1001/1001/1001
f 955/955/955 953/953/953 951/951/951 949/949/949
f 957/957/957 898/898/898 1000/1000/1000 956/956/956
f 956/956/956 949/949/949 954/954/954 957/957/957
f 946/946/946 953/953/953 1001/1001/1001 1002/1002/1002
f 951/951/951 941/941/941 952/952/952 949/949/949
f 1002/1002/1002 947/947/947 940/940/940 941/941/941
f 941/941/941 951/951/951 946/946/946 1002/1002/1002
s 1
usemtl FABRIC_1_FRONT_1947
f 1015/1015/1015 1016/1016/1016 1108/1108/1108 1014/1014/1014
f 1016/1016/1016 1017/1017/1017 1156/1156/1156 1108/1108/1108
f 1117/1117/1117 1003/1003/1003 1004/1004/1004 1157/1157/1157
f 1004/1004/1004 1005/1005/1005 1104/1104/1104 1157/1157/1157
f 1005/1005/1005 1006/1006/1006 1158/1158/1158 1104/1104/1104
f 1006/1006/1006 1007/1007/1007 1159/1159/1159 1158/1158/1158
f 1159/1159/1159 1007/1007/1007 1008/1008/1008 1160/1160/1160
f 1112/1112/1112 1046/1046/1046 1003/1003/1003 1117/1117/1117
f 1101/1101/1101 1045/1045/1045 1046/1046/1046 1112/1112/1112
f 1161/1161/1161 1044/1044/1044 1045/1045/1045 1101/1101/1101
f 1162/1162/1162 1043/1043/1043 1044/1044/1044 1161/1161/1161
f 1163/1163/1163 1042/1042/1042 1043/1043/1043 1162/1162/1162
f 1102/1102/1102 1041/1041/1041 1042/1042/1042 1163/1163/1163
f 1040/1040/1040 1041/1041/1041 1102/1102/1102 1164/1164/1164
f 1039/1039/1039 1040/1040/1040 1164/1164/1164 1165/1165/1165
f 1038/1038/1038 1039/1039/1039 1165/1165/1165 1166/1166/1166
f 1009/1009/1009 1010/1010/1010 1167/1167/1167 1095/1095/1095
f 1010/1010/1010 1011/1011/1011 1168/1168/1168 1167/1167/1167
f 1012/1012/1012 1013/1013/1013 1169/1169/1169 1105/1105/1105
f 1018/1018/1018 1019/1019/1019 1171/1171/1171 1170/1170/1170
f 1131/1131/1131 1020/1020/1020 1021/1021/1021 1111/1111/1111
f 1111/1111/1111 1021/1021/1021 1022/1022/1022 1172/1172/1172
f 1022/1022/1022 1023/1023/1023 1089/1089/1089 1172/1172/1172
f 1023/1023/1023 1024/1024/1024 1173/1173/1173 1089/1089/1089
f 1025/1025/1025 1026/1026/1026 1049/1049/1049 1174/1174/1174
f 1026/1026/1026 1027/1027/1027 1175/1175/1175 1049/1049/1049
f 1028/1028/1028 1029/1029/1029 1051/1051/1051 1050/1050/1050
f 1051/1051/1051 1029/1029/1029 1030/1030/1030 1052/1052/1052
f 1052/1052/1052 1030/1030/1030 1031/1031/1031 1176/1176/1176
f 1176/1176/1176 1031/1031/1031 1032/1032/1032 1054/1054/1054
f 1054/1054/1054 1032/1032/1032 1033/1033/1033 1177/1177/1177
f 1033/1033/1033 1034/1034/1034 1178/1178/1178 1177/1177/1177
f 1179/1179/1179 1035/1035/1035 1036/1036/1036 1068/1068/1068
f 1008/1008/1008 1009/1009/1009 1095/1095/1095 1160/1160/1160
f 1011/1011/1011 1012/1012/1012 1105/1105/1105 1168/1168/1168
f 1024/1024/1024 1025/1025/1025 1174/1174/1174 1173/1173/1173
f 1175/1175/1175 1027/1027/1027 1028/1028/1028 1050/1050/1050
f 1020/1020/1020 1131/1131/1131 1180/1180/1180 1019/1019/1019
f 1014/1014/1014 1108/1108/1108 1181/1181/1181 1013/1013/1013
f 1108/1108/1108 1156/1156/1156 1133/1133/1133 1181/1181/1181
f 1037/1037/1037 1038/1038/1038 1166/1166/1166 1185/1185/1185
f 1018/1018/1018 1170/1170/1170 1109/1109/1109 1017/1017/1017
f 1035/1035/1035 1179/1179/1179 1182/1182/1182 1034/1034/1034
f 1178/1178/1178 1034/1034/1034 1182/1182/1182 1064/1064/1064
f 1061/1061/1061 1177/1177/1177 1178/1178/1178 1064/1064/1064
f 1048/1048/1048 1054/1054/1054 1177/1177/1177 1061/1061/1061
f 1053/1053/1053 1176/1176/1176 1054/1054/1054 1048/1048/1048
f 1156/1156/1156 1017/1017/1017 1109/1109/1109 1133/1133/1133
f 1169/1169/1169 1013/1013/1013 1181/1181/1181 1183/1183/1183
f 1106/1106/1106 1105/1105/1105 1169/1169/1169 1183/1183/1183
f 1171/1171/1171 1019/1019/1019 1180/1180/1180 1184/1184/1184
f 1170/1170/1170 1171/1171/1171 1184/1184/1184 1097/1097/1097
f 1057/1057/1057 1052/1052/1052 1176/1176/1176 1053/1053/1053
f 1051/1051/1051 1052/1052/1052 1057/1057/1057 1050/1050/1050
f 1037/1037/1037 1185/1185/1185 1068/1068/1068 1036/1036/1036
f 1174/1174/1174 1049/1049/1049 1047/1047/1047 1071/1071/1071
f 1047/1047/1047 1049/1049/1049 1175/1175/1175 1050/1050/1050
f 1063/1063/1063 1179/1179/1179 1068/1068/1068 1078/1078/1078
f 1089/1089/1089 1173/1173/1173 1072/1072/1072 1088/1088/1088
f 1172/1172/1172 1089/1089/1089 1088/1088/1088 1100/1100/1100
f 1111/1111/1111 1172/1172/1172 1100/1100/1100 1134/1134/1134
f 1098/1098/1098 1131/1131/1131 1111/1111/1111 1134/1134/1134
f 1166/1166/1166 1165/1165/1165 1186/1186/1186 1076/1076/1076
f 1186/1186/1186 1165/1165/1165 1164/1164/1164 1093/1093/1093
f 1164/1164/1164 1102/1102/1102 1091/1091/1091 1093/1093/1093
f 1102/1102/1102 1163/1163/1163 1094/1094/1094 1091/1091/1091
f 1094/1094/1094 1163/1163/1163 1162/1162/1162 1187/1187/1187
f 1187/1187/1187 1162/1162/1162 1161/1161/1161 1090/1090/1090
f 1090/1090/1090 1161/1161/1161 1101/1101/1101 1188/1188/1188
f 1188/1188/1188 1101/1101/1101 1112/1112/1112 1115/1115/1115
f 1115/1115/1115 1112/1112/1112 1117/1117/1117 1116/1116/1116
f 1116/1116/1116 1117/1117/1117 1157/1157/1157 1189/1189/1189
f 1157/1157/1157 1104/1104/1104 1135/1135/1135 1189/1189/1189
f 1104/1104/1104 1158/1158/1158 1096/1096/1096 1135/1135/1135
f 1096/1096/1096 1158/1158/1158 1159/1159/1159 1190/1190/1190
f 1190/1190/1190 1159/1159/1159 1160/1160/1160 1103/1103/1103
f 1095/1095/1095 1167/1167/1167 1191/1191/1191 1080/1080/1080
f 1191/1191/1191 1167/1167/1167 1168/1168/1168 1192/1192/1192
f 1173/1173/1173 1174/1174/1174 1071/1071/1071 1072/1072/1072
f 1160/1160/1160 1095/1095/1095 1080/1080/1080 1103/1103/1103
f 1192/1192/1192 1168/1168/1168 1105/1105/1105 1106/1106/1106
f 1047/1047/1047 1050/1050/1050 1057/1057/1057 1193/1193/1193
f 1193/1193/1193 1057/1057/1057 1053/1053/1053 1055/1055/1055
f 1055/1055/1055 1053/1053/1053 1048/1048/1048 1059/1059/1059
f 1059/1059/1059 1048/1048/1048 1061/1061/1061 1062/1062/1062
f 1062/1062/1062 1061/1061/1061 1064/1064/1064 1066/1066/1066
f 1179/1179/1179 1063/1063/1063 1065/1065/1065 1182/1182/1182
f 1066/1066/1066 1064/1064/1064 1182/1182/1182 1065/1065/1065
f 1131/1131/1131 1098/1098/1098 1195/1195/1195 1180/1180/1180
f 1185/1185/1185 1166/1166/1166 1076/1076/1076 1067/1067/1067
f 1109/1109/1109 1170/1170/1170 1097/1097/1097 1132/1132/1132
f 1183/1183/1183 1181/1181/1181 1133/1133/1133 1107/1107/1107
f 1133/1133/1133 1109/1109/1109 1132/1132/1132 1107/1107/1107
f 1180/1180/1180 1195/1195/1195 1194/1194/1194 1184/1184/1184
f 1097/1097/1097 1184/1184/1184 1194/1194/1194 1130/1130/1130
f 1071/1071/1071 1047/1047/1047 1193/1193/1193 1070/1070/1070
f 1078/1078/1078 1068/1068/1068 1185/1185/1185 1067/1067/1067
f 1152/1152/1152 1063/1063/1063 1078/1078/1078 1196/1196/1196
f 1088/1088/1088 1072/1072/1072 1082/1082/1082 1084/1084/1084
f 1100/1100/1100 1088/1088/1088 1084/1084/1084 1154/1154/1154
f 1134/1134/1134 1100/1100/1100 1154/1154/1154 1110/1110/1110
f 1098/1098/1098 1134/1134/1134 1110/1110/1110 1155/1155/1155
f 1093/1093/1093 1091/1091/1091 1092/1092/1092 1074/1074/1074
f 1092/1092/1092 1091/1091/1091 1094/1094/1094 1187/1187/1187
f 1092/1092/1092 1187/1187/1187 1090/1090/1090 1073/1073/1073
f 1073/1073/1073 1090/1090/1090 1188/1188/1188 1114/1114/1114
f 1188/1188/1188 1115/1115/1115 1113/1113/1113 1114/1114/1114
f 1113/1113/1113 1115/1115/1115 1116/1116/1116 1120/1120/1120
f 1120/1120/1120 1116/1116/1116 1189/1189/1189 1118/1118/1118
f 1189/1189/1189 1135/1135/1135 1119/1119/1119 1118/1118/1118
f 1135/1135/1135 1096/1096/1096 1147/1147/1147 1119/1119/1119
f 1147/1147/1147 1096/1096/1096 1190/1190/1190 1200/1200/1200
f 1191/1191/1191 1192/1192/1192 1129/1129/1129 1080/1080/1080
f 1186/1186/1186 1093/1093/1093 1074/1074/1074 1076/1076/1076
f 1072/1072/1072 1071/1071/1071 1070/1070/1070 1082/1082/1082
f 1070/1070/1070 1193/1193/1193 1055/1055/1055 1060/1060/1060
f 1060/1060/1060 1055/1055/1055 1059/1059/1059 1058/1058/1058
f 1058/1058/1058 1059/1059/1059 1062/1062/1062 1153/1153/1153
f 1153/1153/1153 1062/1062/1062 1066/1066/1066 1056/1056/1056
f 1063/1063/1063 1152/1152/1152 1151/1151/1151 1065/1065/1065
f 1056/1056/1056 1066/1066/1066 1065/1065/1065 1151/1151/1151
f 1196/1196/1196 1078/1078/1078 1067/1067/1067 1075/1075/1075
f 1075/1075/1075 1067/1067/1067 1076/1076/1076 1074/1074/1074
f 1092/1092/1092 1073/1073/1073 1127/1127/1127 1074/1074/1074
f 1073/1073/1073 1114/1114/1114 1206/1206/1206 1127/1127/1127
f 1080/1080/1080 1129/1129/1129 1128/1128/1128 1103/1103/1103
f 1132/1132/1132 1097/1097/1097 1130/1130/1130 1139/1139/1139
f 1194/1194/1194 1195/1195/1195 1197/1197/1197 1130/1130/1130
f 1195/1195/1195 1098/1098/1098 1155/1155/1155 1197/1197/1197
f 1148/1148/1148 1114/1114/1114 1113/1113/1113 1198/1198/1198
f 1198/1198/1198 1113/1113/1113 1120/1120/1120 1122/1122/1122
f 1122/1122/1122 1120/1120/1120 1118/1118/1118 1125/1125/1125
f 1125/1125/1125 1118/1118/1118 1119/1119/1119 1136/1136/1136
f 1136/1136/1136 1119/1119/1119 1147/1147/1147 1200/1200/1200
f 1199/1199/1199 1200/1200/1200 1190/1190/1190 1103/1103/1103
f 1129/1129/1129 1192/1192/1192 1106/1106/1106 1145/1145/1145
f 1145/1145/1145 1106/1106/1106 1183/1183/1183 1107/1107/1107
f 1144/1144/1144 1107/1107/1107 1132/1132/1132 1139/1139/1139
f 1084/1084/1084 1082/1082/1082 1201/1201/1201 1083/1083/1083
f 1154/1154/1154 1084/1084/1084 1083/1083/1083 1085/1085/1085
f 1110/1110/1110 1154/1154/1154 1085/1085/1085 1099/1099/1099
f 1155/1155/1155 1110/1110/1110 1099/1099/1099 1146/1146/1146
f 1150/1150/1150 1152/1152/1152 1196/1196/1196 1077/1077/1077
f 1082/1082/1082 1070/1070/1070 1060/1060/1060 1201/1201/1201
f 1201/1201/1201 1060/1060/1060 1058/1058/1058 1081/1081/1081
f 1081/1081/1081 1058/1058/1058 1153/1153/1153 1202/1202/1202
f 1153/1153/1153 1056/1056/1056 1087/1087/1087 1202/1202/1202
f 1087/1087/1087 1056/1056/1056 1151/1151/1151 1203/1203/1203
f 1196/1196/1196 1075/1075/1075 1079/1079/1079 1077/1077/1077
f 1075/1075/1075 1074/1074/1074 1127/1127/1127 1079/1079/1079
f 1107/1107/1107 1144/1144/1144 1204/1204/1204 1145/1145/1145
f 1129/1129/1129 1145/1145/1145 1204/1204/1204 1128/1128/1128
f 1079/1079/1079 1127/1127/1127 1206/1206/1206 1205/1205/1205
f 1148/1148/1148 1205/1205/1205 1206/1206/1206 1114/1114/1114
f 1199/1199/1199 1103/1103/1103 1128/1128/1128 1069/1069/1069
f 1197/1197/1197 1155/1155/1155 1146/1146/1146 1143/1143/1143
f 1139/1139/1139 1130/1130/1130 1197/1197/1197 1143/1143/1143
f 1152/1152/1152 1150/1150/1150 1203/1203/1203 1151/1151/1151
f 1136/1136/1136 1200/1200/1200 1199/1199/1199 1142/1142/1142
f 1083/1083/1083 1201/1201/1201 1081/1081/1081 1086/1086/1086
f 1085/1085/1085 1083/1083/1083 1086/1086/1086 1141/1141/1141
f 1099/1099/1099 1085/1085/1085 1141/1141/1141 1140/1140/1140
f 1069/1069/1069 1144/1144/1144 1139/1139/1139 1143/1143/1143
f 1146/1146/1146 1099/1099/1099 1140/1140/1140 1137/1137/1137
f 1150/1150/1150 1077/1077/1077 1207/1207/1207 1149/1149/1149
f 1123/1123/1123 1125/1125/1125 1136/1136/1136 1142/1142/1142
f 1122/1122/1122 1125/1125/1125 1123/1123/1123 1208/1208/1208
f 1198/1198/1198 1122/1122/1122 1208/1208/1208 1121/1121/1121
f 1209/1209/1209 1148/1148/1148 1198/1198/1198 1121/1121/1121
f 1204/1204/1204 1144/1144/1144 1069/1069/1069 1128/1128/1128
f 1077/1077/1077 1079/1079/1079 1205/1205/1205 1207/1207/1207
f 1142/1142/1142 1199/1199/1199 1069/1069/1069 1143/1143/1143
f 1143/1143/1143 1146/1146/1146 1137/1137/1137 1142/1142/1142
f 1150/1150/1150 1149/1149/1149 1210/1210/1210 1203/1203/1203
f 1202/1202/1202 1087/1087/1087 1203/1203/1203 1210/1210/1210
f 1086/1086/1086 1081/1081/1081 1202/1202/1202 1210/1210/1210
f 1205/1205/1205 1148/1148/1148 1209/1209/1209 1207/1207/1207
f 1149/1149/1149 1207/1207/1207 1209/1209/1209 1121/1121/1121
f 1124/1124/1124 1141/1141/1141 1086/1086/1086 1210/1210/1210
f 1123/1123/1123 1142/1142/1142 1137/1137/1137 1211/1211/1211
f 1137/1137/1137 1140/1140/1140 1138/1138/1138 1211/1211/1211
f 1138/1138/1138 1140/1140/1140 1141/1141/1141 1124/1124/1124
f 1208/1208/1208 1123/1123/1123 1211/1211/1211 1126/1126/1126
f 1121/1121/1121 1208/1208/1208 1126/1126/1126 1149/1149/1149
f 1149/1149/1149 1126/1126/1126 1124/1124/1124 1210/1210/1210
f 1126/1126/1126 1211/1211/1211 1138/1138/1138 1124/1124/1124
s 1
usemtl FABRIC_1_FRONT_1947
f 1277/1277/1277 1275/1275/1275 1263/1263/1263
f 1302/1302/1302 1312/1312/1312 1280/1280/1280
f 1222/1222/1222 1223/1223/1223 1277/1277/1277 1221/1221/1221
f 1223/1223/1223 1224/1224/1224 1305/1305/1305 1277/1277/1277
f 1224/1224/1224 1225/1225/1225 1299/1299/1299 1305/1305/1305
f 1299/1299/1299 1225/1225/1225 1226/1226/1226 1298/1298/1298
f 1226/1226/1226 1227/1227/1227 1301/1301/1301 1298/1298/1298
f 1212/1212/1212 1213/1213/1213 1307/1307/1307 1308/1308/1308
f 1214/1214/1214 1215/1215/1215 1268/1268/1268 1309/1309/1309
f 1215/1215/1215 1216/1216/1216 1310/1310/1310 1268/1268/1268
f 1217/1217/1217 1218/1218/1218 1311/1311/1311 1269/1269/1269
f 1311/1311/1311 1218/1218/1218 1219/1219/1219 1262/1262/1262
f 1262/1262/1262 1219/1219/1219 1220/1220/1220 1263/1263/1263
f 1228/1228/1228 1229/1229/1229 1312/1312/1312 1313/1313/1313
f 1231/1231/1231 1232/1232/1232 1314/1314/1314 1258/1258/1258
f 1232/1232/1232 1233/1233/1233 1315/1315/1315 1314/1314/1314
f 1316/1316/1316 1234/1234/1234 1235/1235/1235 1260/1260/1260
f 1260/1260/1260 1235/1235/1235 1236/1236/1236 1317/1317/1317
f 1317/1317/1317 1236/1236/1236 1237/1237/1237 1318/1318/1318
f 1238/1238/1238 1239/1239/1239 1319/1319/1319 1266/1266/1266
f 1240/1240/1240 1241/1241/1241 1256/1256/1256 1320/1320/1320
f 1241/1241/1241 1242/1242/1242 1270/1270/1270 1256/1256/1256
f 1242/1242/1242 1243/1243/1243 1271/1271/1271 1270/1270/1270
f 1271/1271/1271 1243/1243/1243 1244/1244/1244 1255/1255/1255
f 1255/1255/1255 1244/1244/1244 1245/1245/1245 1321/1321/1321
f 1321/1321/1321 1245/1245/1245 1246/1246/1246 1257/1257/1257
f 1257/1257/1257 1246/1246/1246 1247/1247/1247 1264/1264/1264
f 1264/1264/1264 1247/1247/1247 1212/1212/1212 1308/1308/1308
f 1213/1213/1213 1214/1214/1214 1309/1309/1309 1307/1307/1307
f 1216/1216/1216 1217/1217/1217 1269/1269/1269 1310/1310/1310
f 1263/1263/1263 1220/1220/1220 1221/1221/1221 1277/1277/1277
f 1233/1233/1233 1234/1234/1234 1316/1316/1316 1315/1315/1315
f 1318/1318/1318 1237/1237/1237 1238/1238/1238 1266/1266/1266
f 1230/1230/1230 1231/1231/1231 1258/1258/1258 1280/1280/1280
f 1227/1227/1227 1228/1228/1228 1313/1313/1313 1301/1301/1301
f 1316/1316/1316 1260/1260/1260 1267/1267/1267 1315/1315/1315
f 1267/1267/1267 1260/1260/1260 1317/1317/1317 1322/1322/1322
f 1322/1322/1322 1317/1317/1317 1318/1318/1318 1323/1323/1323
f 1239/1239/1239 1240/1240/1240 1320/1320/1320 1319/1319/1319
f 1314/1314/1314 1315/1315/1315 1267/1267/1267 1253/1253/1253
f 1258/1258/1258 1314/1314/1314 1253/1253/1253 1259/1259/1259
f 1266/1266/1266 1319/1319/1319 1324/1324/1324 1294/1294/1294
f 1280/1280/1280 1312/1312/1312 1229/1229/1229 1230/1230/1230
f 1309/1309/1309 1268/1268/1268 1325/1325/1325 1326/1326/1326
f 1303/1303/1303 1269/1269/1269 1311/1311/1311 1327/1327/1327
f 1327/1327/1327 1311/1311/1311 1262/1262/1262 1254/1254/1254
f 1254/1254/1254 1262/1262/1262 1263/1263/1263 1275/1275/1275
f 1271/1271/1271 1255/1255/1255 1251/1251/1251 1270/1270/1270
f 1251/1251/1251 1255/1255/1255 1321/1321/1321 1265/1265/1265
f 1265/1265/1265 1321/1321/1321 1257/1257/1257 1328/1328/1328
f 1328/1328/1328 1257/1257/1257 1264/1264/1264 1252/1252/1252
f 1308/1308/1308 1307/1307/1307 1287/1287/1287 1273/1273/1273
f 1268/1268/1268 1310/1310/1310 1261/1261/1261 1304/1304/1304
f 1320/1320/1320 1256/1256/1256 1272/1272/1272 1250/1250/1250
f 1275/1275/1275 1277/1277/1277 1305/1305/1305 1329/1329/1329
f 1329/1329/1329 1305/1305/1305 1299/1299/1299 1279/1279/1279
f 1279/1279/1279 1299/1299/1299 1298/1298/1298 1335/1335/1335
f 1313/1313/1313 1312/1312/1312 1302/1302/1302 1300/1300/1300
f 1323/1323/1323 1318/1318/1318 1266/1266/1266 1294/1294/1294
f 1307/1307/1307 1309/1309/1309 1326/1326/1326 1287/1287/1287
f 1252/1252/1252 1264/1264/1264 1308/1308/1308 1273/1273/1273
f 1310/1310/1310 1269/1269/1269 1303/1303/1303 1261/1261/1261
f 1324/1324/1324 1319/1319/1319 1320/1320/1320 1250/1250/1250
f 1303/1303/1303 1327/1327/1327 1330/1330/1330 1261/1261/1261
f 1253/1253/1253 1267/1267/1267 1322/1322/1322 1249/1249/1249
f 1256/1256/1256 1270/1270/1270 1251/1251/1251 1272/1272/1272
f 1280/1280/1280 1258/1258/1258 1259/1259/1259 1302/1302/1302
f 1330/1330/1330 1327/1327/1327 1254/1254/1254 1278/1278/1278
f 1278/1278/1278 1254/1254/1254 1275/1275/1275 1329/1329/1329
f 1325/1325/1325 1268/1268/1268 1304/1304/1304 1286/1286/1286
f 1313/1313/1313 1300/1300/1300 1334/1334/1334 1301/1301/1301
f 1249/1249/1249 1322/1322/1322 1323/1323/1323 1331/1331/1331
f 1329/1329/1329 1279/1279/1279 1332/1332/1332 1278/1278/1278
f 1279/1279/1279 1335/1335/1335 1333/1333/1333 1332/1332/1332
f 1326/1326/1326 1325/1325/1325 1286/1286/1286 1284/1284/1284
f 1259/1259/1259 1253/1253/1253 1249/1249/1249 1306/1306/1306
f 1304/1304/1304 1261/1261/1261 1330/1330/1330 1248/1248/1248
f 1298/1298/1298 1301/1301/1301 1334/1334/1334 1335/1335/1335
f 1336/1336/1336 1294/1294/1294 1324/1324/1324 1250/1250/1250
f 1250/1250/1250 1272/1272/1272 1276/1276/1276 1290/1290/1290
f 1272/1272/1272 1251/1251/1251 1265/1265/1265 1274/1274/1274
f 1274/1274/1274 1265/1265/1265 1328/1328/1328 1337/1337/1337
f 1337/1337/1337 1328/1328/1328 1252/1252/1252 1338/1338/1338
f 1273/1273/1273 1287/1287/1287 1282/1282/1282 1283/1283/1283
f 1300/1300/1300 1302/1302/1302 1293/1293/1293 1339/1339/1339
f 1338/1338/1338 1252/1252/1252 1273/1273/1273 1283/1283/1283
f 1302/1302/1302 1259/1259/1259 1306/1306/1306 1293/1293/1293
f 1287/1287/1287 1326/1326/1326 1284/1284/1284 1282/1282/1282
f 1331/1331/1331 1323/1323/1323 1294/1294/1294 1336/1336/1336
f 1334/1334/1334 1300/1300/1300 1339/1339/1339 1335/1335/1335
f 1248/1248/1248 1330/1330/1330 1278/1278/1278 1332/1332/1332
f 1304/1304/1304 1248/1248/1248 1297/1297/1297 1286/1286/1286
f 1276/1276/1276 1272/1272/1272 1274/1274/1274 1340/1340/1340
f 1306/1306/1306 1249/1249/1249 1331/1331/1331 1291/1291/1291
f 1336/1336/1336 1250/1250/1250 1290/1290/1290 1281/1281/1281
f 1332/1332/1332 1333/1333/1333 1292/1292/1292 1248/1248/1248
f 1340/1340/1340 1274/1274/1274 1337/1337/1337 1288/1288/1288
f 1288/1288/1288 1337/1337/1337 1338/1338/1338 1341/1341/1341
f 1290/1290/1290 1276/1276/1276 1340/1340/1340 1289/1289/1289
f 1284/1284/1284 1286/1286/1286 1297/1297/1297 1296/1296/1296
f 1342/1342/1342 1333/1333/1333 1335/1335/1335 1339/1339/1339
f 1339/1339/1339 1293/1293/1293 1343/1343/1343 1342/1342/1342
f 1283/1283/1283 1282/1282/1282 1295/1295/1295 1344/1344/1344
f 1282/1282/1282 1284/1284/1284 1296/1296/1296 1295/1295/1295
f 1331/1331/1331 1336/1336/1336 1281/1281/1281 1291/1291/1291
f 1293/1293/1293 1306/1306/1306 1291/1291/1291 1343/1343/1343
f 1338/1338/1338 1283/1283/1283 1344/1344/1344 1341/1341/1341
f 1281/1281/1281 1290/1290/1290 1289/1289/1289 1345/1345/1345
f 1297/1297/1297 1248/1248/1248 1292/1292/1292 1296/1296/1296
f 1285/1285/1285 1289/1289/1289 1346/1346/1346
f 1340/1340/1340 1288/1288/1288 1346/1346/1346 1289/1289/1289
f 1285/1285/1285 1341/1341/1341 1344/1344/1344
f 1346/1346/1346 1288/1288/1288 1341/1341/1341 1285/1285/1285
f 1292/1292/1292 1333/1333/1333 1342/1342/1342 1347/1347/1347
f 1342/1342/1342 1343/1343/1343 1345/1345/1345 1347/1347/1347
f 1285/1285/1285 1344/1344/1344 1295/1295/1295 1347/1347/1347
f 1343/1343/1343 1291/1291/1291 1281/1281/1281 1345/1345/1345
f 1295/1295/1295 1296/1296/1296 1292/1292/1292 1347/1347/1347
f 1285/1285/1285 1347/1347/1347 1345/1345/1345 1289/1289/1289
s 1
usemtl FABRIC_1_FRONT_1947
f 1361/1361/1361 1362/1362/1362 1503/1503/1503 1360/1360/1360
f 1389/1389/1389 1390/1390/1390 1399/1399/1399 1388/1388/1388
f 1390/1390/1390 1391/1391/1391 1504/1504/1504 1399/1399/1399
f 1391/1391/1391 1392/1392/1392 1505/1505/1505 1504/1504/1504
f 1506/1506/1506 1387/1387/1387 1388/1388/1388 1399/1399/1399
f 1348/1348/1348 1349/1349/1349 1465/1465/1465 1462/1462/1462
f 1349/1349/1349 1350/1350/1350 1461/1461/1461 1465/1465/1465
f 1350/1350/1350 1351/1351/1351 1507/1507/1507 1461/1461/1461
f 1508/1508/1508 1396/1396/1396 1348/1348/1348 1462/1462/1462
f 1509/1509/1509 1354/1354/1354 1355/1355/1355 1510/1510/1510
f 1356/1356/1356 1357/1357/1357 1453/1453/1453 1511/1511/1511
f 1357/1357/1357 1358/1358/1358 1512/1512/1512 1453/1453/1453
f 1514/1514/1514 1363/1363/1363 1364/1364/1364 1513/1513/1513
f 1366/1366/1366 1367/1367/1367 1516/1516/1516 1515/1515/1515
f 1369/1369/1369 1370/1370/1370 1419/1419/1419 1517/1517/1517
f 1370/1370/1370 1371/1371/1371 1518/1518/1518 1419/1419/1419
f 1371/1371/1371 1372/1372/1372 1519/1519/1519 1518/1518/1518
f 1520/1520/1520 1373/1373/1373 1374/1374/1374 1414/1414/1414
f 1374/1374/1374 1375/1375/1375 1407/1407/1407 1414/1414/1414
f 1407/1407/1407 1375/1375/1375 1376/1376/1376 1521/1521/1521
f 1521/1521/1521 1522/1522/1522 1401/1401/1401
f 1377/1377/1377 1378/1378/1378 1408/1408/1408 1522/1522/1522
f 1378/1378/1378 1379/1379/1379 1523/1523/1523 1408/1408/1408
f 1523/1523/1523 1379/1379/1379 1380/1380/1380 1410/1410/1410
f 1380/1380/1380 1381/1381/1381 1524/1524/1524 1410/1410/1410
f 1381/1381/1381 1382/1382/1382 1525/1525/1525 1524/1524/1524
f 1393/1393/1393 1394/1394/1394 1526/1526/1526 1527/1527/1527
f 1526/1526/1526 1394/1394/1394 1395/1395/1395 1411/1411/1411
f 1507/1507/1507 1351/1351/1351 1352/1352/1352 1534/1534/1534
f 1521/1521/1521 1376/1376/1376 1377/1377/1377 1522/1522/1522
f 1392/1392/1392 1393/1393/1393 1527/1527/1527 1505/1505/1505
f 1411/1411/1411 1395/1395/1395 1396/1396/1396 1508/1508/1508
f 1367/1367/1367 1368/1368/1368 1418/1418/1418 1516/1516/1516
f 1368/1368/1368 1369/1369/1369 1517/1517/1517 1418/1418/1418
f 1360/1360/1360 1503/1503/1503 1450/1450/1450 1359/1359/1359
f 1387/1387/1387 1506/1506/1506 1422/1422/1422 1386/1386/1386
f 1399/1399/1399 1504/1504/1504 1406/1406/1406 1506/1506/1506
f 1504/1504/1504 1505/1505/1505 1528/1528/1528 1406/1406/1406
f 1354/1354/1354 1509/1509/1509 1457/1457/1457 1353/1353/1353
f 1356/1356/1356 1511/1511/1511 1510/1510/1510 1355/1355/1355
f 1366/1366/1366 1515/1515/1515 1431/1431/1431 1365/1365/1365
f 1373/1373/1373 1520/1520/1520 1529/1529/1529 1372/1372/1372
f 1385/1385/1385 1405/1405/1405 1530/1530/1530 1384/1384/1384
f 1531/1531/1531 1383/1383/1383 1384/1384/1384 1530/1530/1530
f 1450/1450/1450 1503/1503/1503 1362/1362/1362 1363/1363/1363
f 1532/1532/1532 1385/1385/1385 1386/1386/1386 1422/1422/1422
f 1509/1509/1509 1510/1510/1510 1533/1533/1533 1446/1446/1446
f 1352/1352/1352 1353/1353/1353 1457/1457/1457 1534/1534/1534
f 1451/1451/1451 1512/1512/1512 1358/1358/1358 1359/1359/1359
f 1513/1513/1513 1364/1364/1364 1365/1365/1365 1431/1431/1431
f 1519/1519/1519 1372/1372/1372 1529/1529/1529 1417/1417/1417
f 1518/1518/1518 1519/1519/1519 1417/1417/1417 1535/1535/1535
f 1536/1536/1536 1419/1419/1419 1518/1518/1518 1535/1535/1535
f 1409/1409/1409 1525/1525/1525 1382/1382/1382 1383/1383/1383
f 1405/1405/1405 1385/1385/1385 1532/1532/1532 1448/1448/1448
f 1401/1401/1401 1522/1522/1522 1408/1408/1408 1402/1402/1402
f 1402/1402/1402 1408/1408/1408 1523/1523/1523 1410/1410/1410
f 1524/1524/1524 1525/1525/1525 1537/1537/1537 1538/1538/1538
f 1410/1410/1410 1524/1524/1524 1538/1538/1538 1402/1402/1402
f 1413/1413/1413 1526/1526/1526 1411/1411/1411 1416/1416/1416
f 1527/1527/1527 1526/1526/1526 1413/1413/1413 1400/1400/1400
f 1432/1432/1432 1514/1514/1514 1513/1513/1513 1430/1430/1430
f 1539/1539/1539 1414/1414/1414 1407/1407/1407 1540/1540/1540
f 1540/1540/1540 1407/1407/1407 1521/1521/1521 1401/1401/1401
f 1541/1541/1541 1520/1520/1520 1414/1414/1414 1539/1539/1539
f 1403/1403/1403 1508/1508/1508 1462/1462/1462 1421/1421/1421
f 1462/1462/1462 1465/1465/1465 1542/1542/1542 1421/1421/1421
f 1465/1465/1465 1461/1461/1461 1543/1543/1543 1542/1542/1542
f 1461/1461/1461 1507/1507/1507 1459/1459/1459 1543/1543/1543
f 1515/1515/1515 1516/1516/1516 1463/1463/1463 1449/1449/1449
f 1445/1445/1445 1511/1511/1511 1453/1453/1453 1544/1544/1544
f 1544/1544/1544 1453/1453/1453 1512/1512/1512 1433/1433/1433
f 1517/1517/1517 1419/1419/1419 1456/1456/1456 1404/1404/1404
f 1505/1505/1505 1527/1527/1527 1400/1400/1400 1528/1528/1528
f 1532/1532/1532 1422/1422/1422 1506/1506/1506 1406/1406/1406
f 1416/1416/1416 1411/1411/1411 1508/1508/1508 1403/1403/1403
f 1533/1533/1533 1510/1510/1510 1511/1511/1511 1445/1445/1445
f 1451/1451/1451 1359/1359/1359 1450/1450/1450 1435/1435/1435
f 1450/1450/1450 1363/1363/1363 1514/1514/1514 1435/1435/1435
f 1513/1513/1513 1431/1431/1431 1545/1545/1545 1430/1430/1430
f 1545/1545/1545 1431/1431/1431 1515/1515/1515 1449/1449/1449
f 1401/1401/1401 1402/1402/1402 1398/1398/1398 1540/1540/1540
f 1398/1398/1398 1402/1402/1402 1538/1538/1538 1438/1438/1438
f 1418/1418/1418 1517/1517/1517 1404/1404/1404 1546/1546/1546
f 1516/1516/1516 1418/1418/1418 1546/1546/1546 1463/1463/1463
f 1435/1435/1435 1514/1514/1514 1432/1432/1432 1547/1547/1547
f 1432/1432/1432 1430/1430/1430 1548/1548/1548 1547/1547/1547
f 1433/1433/1433 1512/1512/1512 1451/1451/1451 1435/1435/1435
f 1457/1457/1457 1509/1509/1509 1446/1446/1446 1458/1458/1458
f 1537/1537/1537 1525/1525/1525 1409/1409/1409 1415/1415/1415
f 1438/1438/1438 1538/1538/1538 1537/1537/1537 1415/1415/1415
f 1406/1406/1406 1528/1528/1528 1501/1501/1501 1532/1532/1532
f 1409/1409/1409 1383/1383/1383 1531/1531/1531 1549/1549/1549
f 1549/1549/1549 1531/1531/1531 1530/1530/1530 1550/1550/1550
f 1550/1550/1550 1530/1530/1530 1405/1405/1405 1551/1551/1551
f 1551/1551/1551 1405/1405/1405 1448/1448/1448 1498/1498/1498
f 1456/1456/1456 1419/1419/1419 1536/1536/1536 1552/1552/1552
f 1536/1536/1536 1535/1535/1535 1443/1443/1443 1552/1552/1552
f 1535/1535/1535 1417/1417/1417 1412/1412/1412 1443/1443/1443
f 1417/1417/1417 1529/1529/1529 1436/1436/1436 1412/1412/1412
f 1529/1529/1529 1520/1520/1520 1541/1541/1541 1436/1436/1436
f 1424/1424/1424 1448/1448/1448 1532/1532/1532 1501/1501/1501
f 1553/1553/1553 1446/1446/1446 1533/1533/1533 1445/1445/1445
f 1445/1445/1445 1544/1544/1544 1452/1452/1452 1553/1553/1553
f 1544/1544/1544 1433/1433/1433 1434/1434/1434 1452/1452/1452
f 1534/1534/1534 1457/1457/1457 1458/1458/1458 1444/1444/1444
f 1459/1459/1459 1507/1507/1507 1534/1534/1534 1444/1444/1444
f 1404/1404/1404 1456/1456/1456 1440/1440/1440 1455/1455/1455
f 1400/1400/1400 1413/1413/1413 1423/1423/1423 1554/1554/1554
f 1413/1413/1413 1416/1416/1416 1480/1480/1480 1423/1423/1423
f 1539/1539/1539 1540/1540/1540 1427/1427/1427 1426/1426/1426
f 1541/1541/1541 1539/1539/1539 1426/1426/1426 1454/1454/1454
f 1449/1449/1449 1463/1463/1463 1555/1555/1555 1468/1468/1468
f 1403/1403/1403 1421/1421/1421 1556/1556/1556 1483/1483/1483
f 1421/1421/1421 1542/1542/1542 1420/1420/1420 1556/1556/1556
f 1420/1420/1420 1542/1542/1542 1543/1543/1543 1460/1460/1460
f 1460/1460/1460 1543/1543/1543 1459/1459/1459 1444/1444/1444
f 1528/1528/1528 1400/1400/1400 1554/1554/1554 1501/1501/1501
f 1416/1416/1416 1403/1403/1403 1483/1483/1483 1480/1480/1480
f 1545/1545/1545 1449/1449/1449 1468/1468/1468 1430/1430/1430
f 1433/1433/1433 1435/1435/1435 1547/1547/1547 1434/1434/1434
f 1546/1546/1546 1404/1404/1404 1455/1455/1455 1439/1439/1439
f 1463/1463/1463 1546/1546/1546 1439/1439/1439 1555/1555/1555
f 1427/1427/1427 1540/1540/1540 1398/1398/1398 1557/1557/1557
f 1557/1557/1557 1398/1398/1398 1438/1438/1438 1429/1429/1429
f 1438/1438/1438 1415/1415/1415 1558/1558/1558 1429/1429/1429
f 1415/1415/1415 1409/1409/1409 1549/1549/1549 1558/1558/1558
f 1558/1558/1558 1549/1549/1549 1550/1550/1550 1428/1428/1428
f 1428/1428/1428 1550/1550/1550 1551/1551/1551 1559/1559/1559
f 1559/1559/1559 1551/1551/1551 1498/1498/1498 1494/1494/1494
f 1448/1448/1448 1424/1424/1424 1495/1495/1495 1498/1498/1498
f 1547/1547/1547 1548/1548/1548 1502/1502/1502 1434/1434/1434
f 1446/1446/1446 1553/1553/1553 1560/1560/1560 1458/1458/1458
f 1553/1553/1553 1452/1452/1452 1561/1561/1561 1560/1560/1560
f 1452/1452/1452 1434/1434/1434 1502/1502/1502 1561/1561/1561
f 1456/1456/1456 1552/1552/1552 1486/1486/1486 1440/1440/1440
f 1552/1552/1552 1443/1443/1443 1441/1441/1441 1486/1486/1486
f 1443/1443/1443 1412/1412/1412 1442/1442/1442 1441/1441/1441
f 1412/1412/1412 1436/1436/1436 1437/1437/1437 1442/1442/1442
f 1436/1436/1436 1541/1541/1541 1454/1454/1454 1437/1437/1437
f 1482/1482/1482 1424/1424/1424 1501/1501/1501 1554/1554/1554
f 1554/1554/1554 1423/1423/1423 1562/1562/1562 1482/1482/1482
f 1423/1423/1423 1480/1480/1480 1479/1479/1479 1562/1562/1562
f 1425/1425/1425 1426/1426/1426 1427/1427/1427 1557/1557/1557
f 1454/1454/1454 1426/1426/1426 1425/1425/1425 1496/1496/1496
f 1469/1469/1469 1548/1548/1548 1430/1430/1430 1468/1468/1468
f 1455/1455/1455 1440/1440/1440 1490/1490/1490 1563/1563/1563
f 1466/1466/1466 1468/1468/1468 1555/1555/1555 1467/1467/1467
f 1460/1460/1460 1444/1444/1444 1565/1565/1565 1564/1564/1564
f 1420/1420/1420 1460/1460/1460 1564/1564/1564 1474/1474/1474
f 1556/1556/1556 1420/1420/1420 1474/1474/1474 1473/1473/1473
f 1483/1483/1483 1556/1556/1556 1473/1473/1473 1566/1566/1566
f 1444/1444/1444 1458/1458/1458 1560/1560/1560 1565/1565/1565
f 1480/1480/1480 1483/1483/1483 1566/1566/1566 1479/1479/1479
f 1495/1495/1495 1424/1424/1424 1482/1482/1482 1447/1447/1447
f 1482/1482/1482 1562/1562/1562 1481/1481/1481 1447/1447/1447
f 1429/1429/1429 1558/1558/1558 1428/1428/1428 1567/1567/1567
f 1425/1425/1425 1557/1557/1557 1429/1429/1429 1567/1567/1567
f 1440/1440/1440 1486/1486/1486 1485/1485/1485 1490/1490/1490
f 1437/1437/1437 1454/1454/1454 1496/1496/1496 1492/1492/1492
f 1469/1469/1469 1468/1468/1468 1466/1466/1466 1568/1568/1568
f 1466/1466/1466 1467/1467/1467 1464/1464/1464 1568/1568/1568
f 1494/1494/1494 1498/1498/1498 1495/1495/1495 1447/1447/1447
f 1560/1560/1560 1561/1561/1561 1397/1397/1397 1565/1565/1565
f 1397/1397/1397 1561/1561/1561 1502/1502/1502 1569/1569/1569
f 1569/1569/1569 1502/1502/1502 1548/1548/1548 1469/1469/1469
f 1467/1467/1467 1555/1555/1555 1439/1439/1439 1570/1570/1570
f 1439/1439/1439 1455/1455/1455 1563/1563/1563 1570/1570/1570
f 1562/1562/1562 1479/1479/1479 1499/1499/1499 1481/1481/1481
f 1571/1571/1571 1496/1496/1496 1425/1425/1425 1567/1567/1567
f 1567/1567/1567 1428/1428/1428 1559/1559/1559 1497/1497/1497
f 1497/1497/1497 1559/1559/1559 1494/1494/1494 1578/1578/1578
f 1442/1442/1442 1437/1437/1437 1492/1492/1492 1572/1572/1572
f 1441/1441/1441 1442/1442/1442 1572/1572/1572 1487/1487/1487
f 1486/1486/1486 1441/1441/1441 1487/1487/1487 1485/1485/1485
f 1563/1563/1563 1490/1490/1490 1573/1573/1573 1471/1471/1471
f 1564/1564/1564 1565/1565/1565 1472/1472/1472 1470/1470/1470
f 1474/1474/1474 1564/1564/1564 1470/1470/1470 1475/1475/1475
f 1473/1473/1473 1474/1474/1474 1475/1475/1475 1574/1574/1574
f 1566/1566/1566 1473/1473/1473 1574/1574/1574 1477/1477/1477
f 1479/1479/1479 1566/1566/1566 1477/1477/1477 1499/1499/1499
f 1570/1570/1570 1563/1563/1563 1471/1471/1471 1476/1476/1476
f 1467/1467/1467 1570/1570/1570 1476/1476/1476 1464/1464/1464
f 1571/1571/1571 1567/1567/1567 1497/1497/1497 1575/1575/1575
f 1494/1494/1494 1447/1447/1447 1576/1576/1576 1578/1578/1578
f 1576/1576/1576 1447/1447/1447 1481/1481/1481 1491/1491/1491
f 1569/1569/1569 1469/1469/1469 1568/1568/1568 1472/1472/1472
f 1472/1472/1472 1565/1565/1565 1397/1397/1397 1569/1569/1569
f 1568/1568/1568 1464/1464/1464 1470/1470/1470 1472/1472/1472
f 1481/1481/1481 1499/1499/1499 1484/1484/1484 1491/1491/1491
f 1490/1490/1490 1485/1485/1485 1489/1489/1489 1573/1573/1573
f 1485/1485/1485 1487/1487/1487 1583/1583/1583 1489/1489/1489
f 1487/1487/1487 1572/1572/1572 1488/1488/1488 1583/1583/1583
f 1572/1572/1572 1492/1492/1492 1500/1500/1500 1488/1488/1488
f 1492/1492/1492 1496/1496/1496 1571/1571/1571 1500/1500/1500
f 1575/1575/1575 1497/1497/1497 1578/1578/1578 1577/1577/1577
f 1475/1475/1475 1470/1470/1470 1464/1464/1464 1476/1476/1476
f 1471/1471/1471 1574/1574/1574 1475/1475/1475 1476/1476/1476
f 1471/1471/1471 1573/1573/1573 1478/1478/1478 1574/1574/1574
f 1477/1477/1477 1574/1574/1574 1478/1478/1478 1579/1579/1579
f 1499/1499/1499 1477/1477/1477 1579/1579/1579 1484/1484/1484
f 1579/1579/1579 1478/1478/1478 1573/1573/1573 1489/1489/1489
f 1500/1500/1500 1571/1571/1571 1575/1575/1575 1581/1581/1581
f 1581/1581/1581 1575/1575/1575 1577/1577/1577 1580/1580/1580
f 1493/1493/1493 1488/1488/1488 1500/1500/1500 1581/1581/1581
f 1582/1582/1582 1583/1583/1583 1488/1488/1488 1493/1493/1493
f 1577/1577/1577 1578/1578/1578 1576/1576/1576 1580/1580/1580
f 1582/1582/1582 1491/1491/1491 1484/1484/1484 1583/1583/1583
f 1576/1576/1576 1491/1491/1491 1582/1582/1582 1580/1580/1580
f 1484/1484/1484 1579/1579/1579 1489/1489/1489 1583/1583/1583
f 1493/1493/1493 1581/1581/1581 1580/1580/1580 1582/1582/1582
s 1
usemtl FABRIC_1_FRONT_1947
f 1647/1647/1647 1805/1805/1805 1644/1644/1644
f 1876/1876/1876 1713/1713/1713 1877/1877/1877
f 1692/1692/1692 1715/1715/1715 1828/1828/1828
f 1653/1653/1653 1682/1682/1682 1683/1683/1683
f 1880/1880/1880 1775/1775/1775 1772/1772/1772
f 1584/1584/1584 1585/1585/1585 1655/1655/1655 1656/1656/1656
f 1585/1585/1585 1586/1586/1586 1650/1650/1650 1655/1655/1655
f 1636/1636/1636 1584/1584/1584 1656/1656/1656 1842/1842/1842
f 1800/1800/1800 1588/1588/1588 1589/1589/1589 1799/1799/1799
f 1643/1643/1643 1590/1590/1590 1591/1591/1591 1801/1801/1801
f 1592/1592/1592 1593/1593/1593 1803/1803/1803 1802/1802/1802
f 1804/1804/1804 1594/1594/1594 1595/1595/1595 1645/1645/1645
f 1645/1645/1645 1595/1595/1595 1596/1596/1596 1805/1805/1805
f 1644/1644/1644 1597/1597/1597 1598/1598/1598 1806/1806/1806
f 1807/1807/1807 1601/1601/1601 1602/1602/1602 1679/1679/1679
f 1679/1679/1679 1602/1602/1602 1603/1603/1603 1706/1706/1706
f 1706/1706/1706 1603/1603/1603 1604/1604/1604 1680/1680/1680
f 1680/1680/1680 1604/1604/1604 1605/1605/1605 1705/1705/1705
f 1605/1605/1605 1606/1606/1606 1808/1808/1808 1705/1705/1705
f 1607/1607/1607 1608/1608/1608 1732/1732/1732 1809/1809/1809
f 1810/1810/1810 1609/1609/1609 1610/1610/1610 1731/1731/1731
f 1610/1610/1610 1611/1611/1611 1811/1811/1811 1731/1731/1731
f 1612/1612/1612 1613/1613/1613 1701/1701/1701 1733/1733/1733
f 1613/1613/1613 1614/1614/1614 1812/1812/1812 1701/1701/1701
f 1614/1614/1614 1615/1615/1615 1702/1702/1702 1812/1812/1812
f 1615/1615/1615 1616/1616/1616 1703/1703/1703 1702/1702/1702
f 1616/1616/1616 1617/1617/1617 1736/1736/1736 1703/1703/1703
f 1736/1736/1736 1617/1617/1617 1618/1618/1618 1813/1813/1813
f 1813/1813/1813 1618/1618/1618 1619/1619/1619 1814/1814/1814
f 1619/1619/1619 1620/1620/1620 1704/1704/1704 1814/1814/1814
f 1620/1620/1620 1621/1621/1621 1815/1815/1815 1704/1704/1704
f 1816/1816/1816 1622/1622/1622 1623/1623/1623 1744/1744/1744
f 1744/1744/1744 1623/1623/1623 1624/1624/1624 1781/1781/1781
f 1781/1781/1781 1624/1624/1624 1625/1625/1625 1817/1817/1817
f 1625/1625/1625 1626/1626/1626 1818/1818/1818 1817/1817/1817
f 1627/1627/1627 1628/1628/1628 1820/1820/1820 1819/1819/1819
f 1628/1628/1628 1629/1629/1629 1691/1691/1691 1820/1820/1820
f 1629/1629/1629 1630/1630/1630 1821/1821/1821 1691/1691/1691
f 1630/1630/1630 1631/1631/1631 1729/1729/1729 1821/1821/1821
f 1729/1729/1729 1631/1631/1631 1632/1632/1632 1694/1694/1694
f 1632/1632/1632 1633/1633/1633 1822/1822/1822 1694/1694/1694
f 1634/1634/1634 1635/1635/1635 1760/1760/1760 1823/1823/1823
f 1799/1799/1799 1589/1589/1589 1590/1590/1590 1643/1643/1643
f 1805/1805/1805 1596/1596/1596 1597/1597/1597 1644/1644/1644
f 1806/1806/1806 1598/1598/1598 1599/1599/1599 1600/1600/1600
f 1611/1611/1611 1612/1612/1612 1733/1733/1733 1811/1811/1811
f 1633/1633/1633 1634/1634/1634 1823/1823/1823 1822/1822/1822
f 1760/1760/1760 1635/1635/1635 1636/1636/1636 1842/1842/1842
f 1588/1588/1588 1800/1800/1800 1646/1646/1646 1587/1587/1587
f 1592/1592/1592 1802/1802/1802 1801/1801/1801 1591/1591/1591
f 1594/1594/1594 1804/1804/1804 1803/1803/1803 1593/1593/1593
f 1601/1601/1601 1807/1807/1807 1654/1654/1654 1600/1600/1600
f 1606/1606/1606 1607/1607/1607 1809/1809/1809 1808/1808/1808
f 1609/1609/1609 1810/1810/1810 1730/1730/1730 1608/1608/1608
f 1622/1622/1622 1816/1816/1816 1737/1737/1737 1621/1621/1621
f 1627/1627/1627 1819/1819/1819 1818/1818/1818 1626/1626/1626
f 1824/1824/1824 1650/1650/1650 1586/1586/1586 1587/1587/1587
f 1815/1815/1815 1621/1621/1621 1737/1737/1737 1825/1825/1825
f 1732/1732/1732 1608/1608/1608 1730/1730/1730 1696/1696/1696
f 1802/1802/1802 1803/1803/1803 1826/1826/1826 1642/1642/1642
f 1740/1740/1740 1704/1704/1704 1815/1815/1815 1825/1825/1825
f 1678/1678/1678 1814/1814/1814 1704/1704/1704 1740/1740/1740
f 1813/1813/1813 1814/1814/1814 1678/1678/1678 1827/1827/1827
f 1736/1736/1736 1813/1813/1813 1827/1827/1827 1703/1703/1703
f 1829/1829/1829 1817/1817/1817 1818/1818/1818 1828/1828/1828
f 1644/1644/1644 1806/1806/1806 1830/1830/1830 1647/1647/1647
f 1640/1640/1640 1800/1800/1800 1799/1799/1799 1648/1648/1648
f 1656/1656/1656 1655/1655/1655 1832/1832/1832 1831/1831/1831
f 1832/1832/1832 1655/1655/1655 1650/1650/1650 1660/1660/1660
f 1651/1651/1651 1842/1842/1842 1656/1656/1656 1831/1831/1831
f 1664/1664/1664 1804/1804/1804 1645/1645/1645 1833/1833/1833
f 1833/1833/1833 1645/1645/1645 1805/1805/1805 1647/1647/1647
f 1834/1834/1834 1807/1807/1807 1679/1679/1679 1835/1835/1835
f 1835/1835/1835 1679/1679/1679 1706/1706/1706 1708/1708/1708
f 1708/1708/1708 1706/1706/1706 1680/1680/1680 1709/1709/1709
f 1709/1709/1709 1680/1680/1680 1705/1705/1705 1747/1747/1747
f 1705/1705/1705 1808/1808/1808 1748/1748/1748 1747/1747/1747
f 1820/1820/1820 1691/1691/1691 1693/1693/1693 1753/1753/1753
f 1693/1693/1693 1691/1691/1691 1821/1821/1821 1674/1674/1674
f 1674/1674/1674 1821/1821/1821 1729/1729/1729 1694/1694/1694
f 1694/1694/1694 1822/1822/1822 1836/1836/1836 1674/1674/1674
f 1692/1692/1692 1819/1819/1819 1820/1820/1820 1753/1753/1753
f 1781/1781/1781 1817/1817/1817 1695/1695/1695 1837/1837/1837
f 1743/1743/1743 1744/1744/1744 1781/1781/1781 1837/1837/1837
f 1699/1699/1699 1816/1816/1816 1744/1744/1744 1743/1743/1743
f 1701/1701/1701 1812/1812/1812 1700/1700/1700 1762/1762/1762
f 1812/1812/1812 1702/1702/1702 1677/1677/1677 1700/1700/1700
f 1677/1677/1677 1702/1702/1702 1703/1703/1703 1827/1827/1827
f 1733/1733/1733 1701/1701/1701 1762/1762/1762 1838/1838/1838
f 1823/1823/1823 1760/1760/1760 1839/1839/1839 1840/1840/1840
f 1731/1731/1731 1811/1811/1811 1734/1734/1734 1763/1763/1763
f 1810/1810/1810 1731/1731/1731 1763/1763/1763 1779/1779/1779
f 1841/1841/1841 1643/1643/1643 1801/1801/1801 1649/1649/1649
f 1809/1809/1809 1732/1732/1732 1780/1780/1780 1764/1764/1764
f 1648/1648/1648 1799/1799/1799 1643/1643/1643 1841/1841/1841
f 1822/1822/1822 1823/1823/1823 1840/1840/1840 1836/1836/1836
f 1649/1649/1649 1801/1801/1801 1802/1802/1802 1642/1642/1642
f 1826/1826/1826 1803/1803/1803 1804/1804/1804 1664/1664/1664
f 1806/1806/1806 1600/1600/1600 1654/1654/1654 1830/1830/1830
f 1654/1654/1654 1807/1807/1807 1834/1834/1834 1830/1830/1830
f 1730/1730/1730 1810/1810/1810 1779/1779/1779 1696/1696/1696
f 1811/1811/1811 1733/1733/1733 1838/1838/1838 1734/1734/1734
f 1828/1828/1828 1818/1818/1818 1819/1819/1819 1692/1692/1692
f 1780/1780/1780 1732/1732/1732 1696/1696/1696 1761/1761/1761
f 1800/1800/1800 1640/1640/1640 1843/1843/1843 1646/1646/1646
f 1808/1808/1808 1809/1809/1809 1764/1764/1764 1748/1748/1748
f 1816/1816/1816 1699/1699/1699 1741/1741/1741 1737/1737/1737
f 1674/1674/1674 1836/1836/1836 1662/1662/1662 1693/1693/1693
f 1677/1677/1677 1827/1827/1827 1678/1678/1678 1739/1739/1739
f 1739/1739/1739 1678/1678/1678 1740/1740/1740 1738/1738/1738
f 1738/1738/1738 1740/1740/1740 1825/1825/1825 1844/1844/1844
f 1825/1825/1825 1737/1737/1737 1741/1741/1741 1844/1844/1844
f 1817/1817/1817 1829/1829/1829 1754/1754/1754 1695/1695/1695
f 1650/1650/1650 1824/1824/1824 1658/1658/1658 1660/1660/1660
f 1824/1824/1824 1587/1587/1587 1646/1646/1646 1658/1658/1658
f 1753/1753/1753 1693/1693/1693 1662/1662/1662 1714/1714/1714
f 1700/1700/1700 1677/1677/1677 1739/1739/1739 1735/1735/1735
f 1715/1715/1715 1692/1692/1692 1753/1753/1753 1714/1714/1714
f 1657/1657/1657 1642/1642/1642 1826/1826/1826 1664/1664/1664
f 1664/1664/1664 1833/1833/1833 1845/1845/1845 1657/1657/1657
f 1833/1833/1833 1647/1647/1647 1638/1638/1638 1845/1845/1845
f 1647/1647/1647 1830/1830/1830 1683/1683/1683 1638/1638/1638
f 1762/1762/1762 1700/1700/1700 1735/1735/1735 1797/1797/1797
f 1838/1838/1838 1762/1762/1762 1797/1797/1797 1846/1846/1846
f 1847/1847/1847 1839/1839/1839 1760/1760/1760 1842/1842/1842
f 1848/1848/1848 1640/1640/1640 1648/1648/1648 1639/1639/1639
f 1665/1665/1665 1841/1841/1841 1649/1649/1649 1689/1689/1689
f 1831/1831/1831 1832/1832/1832 1661/1661/1661 1757/1757/1757
f 1832/1832/1832 1660/1660/1660 1849/1849/1849 1661/1661/1661
f 1850/1850/1850 1651/1651/1651 1831/1831/1831 1757/1757/1757
f 1653/1653/1653 1834/1834/1834 1835/1835/1835 1707/1707/1707
f 1707/1707/1707 1835/1835/1835 1708/1708/1708 1681/1681/1681
f 1681/1681/1681 1708/1708/1708 1709/1709/1709 1851/1851/1851
f 1851/1851/1851 1709/1709/1709 1747/1747/1747 1710/1710/1710
f 1710/1710/1710 1747/1747/1747 1748/1748/1748 1766/1766/1766
f 1742/1742/1742 1699/1699/1699 1743/1743/1743 1852/1852/1852
f 1852/1852/1852 1743/1743/1743 1837/1837/1837 1717/1717/1717
f 1717/1717/1717 1837/1837/1837 1695/1695/1695 1718/1718/1718
f 1840/1840/1840 1839/1839/1839 1687/1687/1687 1853/1853/1853
f 1763/1763/1763 1734/1734/1734 1697/1697/1697 1786/1786/1786
f 1854/1854/1854 1779/1779/1779 1763/1763/1763 1786/1786/1786
f 1698/1698/1698 1764/1764/1764 1780/1780/1780 1783/1783/1783
f 1829/1829/1829 1828/1828/1828 1715/1715/1715 1855/1855/1855
f 1689/1689/1689 1649/1649/1649 1642/1642/1642 1657/1657/1657
f 1683/1683/1683 1830/1830/1830 1834/1834/1834 1653/1653/1653
f 1761/1761/1761 1696/1696/1696 1779/1779/1779 1854/1854/1854
f 1836/1836/1836 1840/1840/1840 1853/1853/1853 1662/1662/1662
f 1766/1766/1766 1748/1748/1748 1764/1764/1764 1698/1698/1698
f 1734/1734/1734 1838/1838/1838 1846/1846/1846 1697/1697/1697
f 1648/1648/1648 1841/1841/1841 1665/1665/1665 1639/1639/1639
f 1718/1718/1718 1695/1695/1695 1754/1754/1754 1716/1716/1716
f 1699/1699/1699 1742/1742/1742 1856/1856/1856 1741/1741/1741
f 1735/1735/1735 1739/1739/1739 1738/1738/1738 1857/1857/1857
f 1783/1783/1783 1780/1780/1780 1761/1761/1761 1784/1784/1784
f 1754/1754/1754 1829/1829/1829 1855/1855/1855 1716/1716/1716
f 1855/1855/1855 1715/1715/1715 1714/1714/1714 1719/1719/1719
f 1714/1714/1714 1662/1662/1662 1853/1853/1853 1719/1719/1719
f 1853/1853/1853 1687/1687/1687 1723/1723/1723 1719/1719/1719
f 1847/1847/1847 1842/1842/1842 1651/1651/1651 1711/1711/1711
f 1658/1658/1658 1646/1646/1646 1843/1843/1843 1858/1858/1858
f 1843/1843/1843 1640/1640/1640 1848/1848/1848 1858/1858/1858
f 1839/1839/1839 1847/1847/1847 1711/1711/1711 1687/1687/1687
f 1711/1711/1711 1651/1651/1651 1850/1850/1850 1859/1859/1859
f 1850/1850/1850 1757/1757/1757 1759/1759/1759 1859/1859/1859
f 1757/1757/1757 1661/1661/1661 1641/1641/1641 1759/1759/1759
f 1641/1641/1641 1661/1661/1661 1849/1849/1849 1673/1673/1673
f 1797/1797/1797 1735/1735/1735 1857/1857/1857 1860/1860/1860
f 1796/1796/1796 1846/1846/1846 1797/1797/1797 1860/1860/1860
f 1844/1844/1844 1741/1741/1741 1856/1856/1856 1745/1745/1745
f 1857/1857/1857 1738/1738/1738 1844/1844/1844 1745/1745/1745
f 1638/1638/1638 1683/1683/1683 1682/1682/1682 1684/1684/1684
f 1845/1845/1845 1638/1638/1638 1684/1684/1684 1652/1652/1652
f 1670/1670/1670 1657/1657/1657 1845/1845/1845 1652/1652/1652
f 1682/1682/1682 1653/1653/1653 1707/1707/1707 1861/1861/1861
f 1861/1861/1861 1707/1707/1707 1681/1681/1681 1685/1685/1685
f 1665/1665/1665 1689/1689/1689 1688/1688/1688 1668/1668/1668
f 1666/1666/1666 1848/1848/1848 1639/1639/1639 1669/1669/1669
f 1862/1862/1862 1660/1660/1660 1658/1658/1658 1858/1858/1858
f 1849/1849/1849 1660/1660/1660 1862/1862/1862 1659/1659/1659
f 1746/1746/1746 1851/1851/1851 1710/1710/1710 1765/1765/1765
f 1685/1685/1685 1681/1681/1681 1851/1851/1851 1746/1746/1746
f 1765/1765/1765 1710/1710/1710 1766/1766/1766 1768/1768/1768
f 1742/1742/1742 1852/1852/1852 1755/1755/1755 1863/1863/1863
f 1852/1852/1852 1717/1717/1717 1720/1720/1720 1755/1755/1755
f 1717/1717/1717 1718/1718/1718 1722/1722/1722 1720/1720/1720
f 1782/1782/1782 1786/1786/1786 1697/1697/1697 1798/1798/1798
f 1676/1676/1676 1854/1854/1854 1786/1786/1786 1782/1782/1782
f 1864/1864/1864 1698/1698/1698 1783/1783/1783 1769/1769/1769
f 1639/1639/1639 1665/1665/1665 1668/1668/1668 1669/1669/1669
f 1689/1689/1689 1657/1657/1657 1670/1670/1670 1688/1688/1688
f 1784/1784/1784 1761/1761/1761 1854/1854/1854 1676/1676/1676
f 1687/1687/1687 1711/1711/1711 1859/1859/1859 1723/1723/1723
f 1697/1697/1697 1846/1846/1846 1796/1796/1796 1798/1798/1798
f 1768/1768/1768 1766/1766/1766 1698/1698/1698 1864/1864/1864
f 1848/1848/1848 1666/1666/1666 1862/1862/1862 1858/1858/1858
f 1684/1684/1684 1682/1682/1682 1861/1861/1861 1865/1865/1865
f 1855/1855/1855 1719/1719/1719 1866/1866/1866 1716/1716/1716
f 1719/1719/1719 1723/1723/1723 1727/1727/1727 1866/1866/1866
f 1769/1769/1769 1783/1783/1783 1784/1784/1784 1790/1790/1790
f 1849/1849/1849 1659/1659/1659 1867/1867/1867 1673/1673/1673
f 1861/1861/1861 1685/1685/1685 1868/1868/1868 1865/1865/1865
f 1856/1856/1856 1742/1742/1742 1863/1863/1863 1745/1745/1745
f 1860/1860/1860 1857/1857/1857 1745/1745/1745 1791/1791/1791
f 1796/1796/1796 1860/1860/1860 1791/1791/1791 1798/1798/1798
f 1675/1675/1675 1722/1722/1722 1718/1718/1718 1716/1716/1716
f 1659/1659/1659 1862/1862/1862 1666/1666/1666 1672/1672/1672
f 1672/1672/1672 1666/1666/1666 1669/1669/1669 1869/1869/1869
f 1870/1870/1870 1641/1641/1641 1673/1673/1673 1749/1749/1749
f 1759/1759/1759 1641/1641/1641 1870/1870/1870 1728/1728/1728
f 1859/1859/1859 1759/1759/1759 1728/1728/1728 1723/1723/1723
f 1667/1667/1667 1668/1668/1668 1688/1688/1688 1637/1637/1637
f 1686/1686/1686 1746/1746/1746 1765/1765/1765 1752/1752/1752
f 1752/1752/1752 1765/1765/1765 1768/1768/1768 1770/1770/1770
f 1712/1712/1712 1685/1685/1685 1746/1746/1746 1686/1686/1686
f 1792/1792/1792 1863/1863/1863 1755/1755/1755 1794/1794/1794
f 1871/1871/1871 1720/1720/1720 1722/1722/1722 1725/1725/1725
f 1794/1794/1794 1755/1755/1755 1720/1720/1720 1871/1871/1871
f 1782/1782/1782 1798/1798/1798 1789/1789/1789 1788/1788/1788
f 1676/1676/1676 1782/1782/1782 1788/1788/1788 1785/1785/1785
f 1872/1872/1872 1864/1864/1864 1769/1769/1769 1767/1767/1767
f 1688/1688/1688 1670/1670/1670 1652/1652/1652 1637/1637/1637
f 1790/1790/1790 1784/1784/1784 1676/1676/1676 1785/1785/1785
f 1745/1745/1745 1863/1863/1863 1792/1792/1792 1791/1791/1791
f 1770/1770/1770 1768/1768/1768 1864/1864/1864 1872/1872/1872
f 1867/1867/1867 1659/1659/1659 1672/1672/1672 1671/1671/1671
f 1669/1669/1669 1668/1668/1668 1667/1667/1667 1869/1869/1869
f 1725/1725/1725 1722/1722/1722 1675/1675/1675 1726/1726/1726
f 1868/1868/1868 1685/1685/1685 1712/1712/1712 1873/1873/1873
f 1675/1675/1675 1716/1716/1716 1866/1866/1866 1726/1726/1726
f 1726/1726/1726 1866/1866/1866 1727/1727/1727 1721/1721/1721
f 1727/1727/1727 1723/1723/1723 1728/1728/1728 1758/1758/1758
f 1728/1728/1728 1870/1870/1870 1776/1776/1776 1758/1758/1758
f 1870/1870/1870 1749/1749/1749 1874/1874/1874 1776/1776/1776
f 1789/1789/1789 1798/1798/1798 1791/1791/1791 1793/1793/1793
f 1769/1769/1769 1790/1790/1790 1875/1875/1875 1767/1767/1767
f 1652/1652/1652 1684/1684/1684 1865/1865/1865 1637/1637/1637
f 1637/1637/1637 1865/1865/1865 1868/1868/1868 1873/1873/1873
f 1672/1672/1672 1869/1869/1869 1876/1876/1876 1671/1671/1671
f 1667/1667/1667 1637/1637/1637 1873/1873/1873 1713/1713/1713
f 1787/1787/1787 1788/1788/1788 1789/1789/1789 1793/1793/1793
f 1785/1785/1785 1788/1788/1788 1787/1787/1787 1773/1773/1773
f 1749/1749/1749 1673/1673/1673 1867/1867/1867 1671/1671/1671
f 1882/1882/1882 1686/1686/1686 1752/1752/1752 1751/1751/1751
f 1751/1751/1751 1752/1752/1752 1770/1770/1770 1772/1772/1772
f 1877/1877/1877 1712/1712/1712 1686/1686/1686 1882/1882/1882
f 1878/1878/1878 1794/1794/1794 1871/1871/1871 1795/1795/1795
f 1871/1871/1871 1725/1725/1725 1724/1724/1724 1795/1795/1795
f 1879/1879/1879 1792/1792/1792 1794/1794/1794 1878/1878/1878
f 1880/1880/1880 1872/1872/1872 1767/1767/1767 1771/1771/1771
f 1869/1869/1869 1667/1667/1667 1713/1713/1713 1876/1876/1876
f 1724/1724/1724 1725/1725/1725 1726/1726/1726 1721/1721/1721
f 1875/1875/1875 1790/1790/1790 1785/1785/1785 1773/1773/1773
f 1793/1793/1793 1791/1791/1791 1792/1792/1792 1879/1879/1879
f 1772/1772/1772 1770/1770/1770 1872/1872/1872 1880/1880/1880
f 1713/1713/1713 1873/1873/1873 1712/1712/1712 1877/1877/1877
f 1671/1671/1671 1876/1876/1876 1877/1877/1877 1749/1749/1749
f 1721/1721/1721 1727/1727/1727 1758/1758/1758 1778/1778/1778
f 1758/1758/1758 1776/1776/1776 1690/1690/1690 1778/1778/1778
f 1776/1776/1776 1874/1874/1874 1750/1750/1750 1690/1690/1690
f 1771/1771/1771 1767/1767/1767 1875/1875/1875 1773/1773/1773
f 1881/1881/1881 1787/1787/1787 1793/1793/1793 1879/1879/1879
f 1881/1881/1881 1879/1879/1879 1878/1878/1878 1663/1663/1663
f 1663/1663/1663 1878/1878/1878 1795/1795/1795 1774/1774/1774
f 1795/1795/1795 1724/1724/1724 1777/1777/1777 1774/1774/1774
f 1773/1773/1773 1787/1787/1787 1881/1881/1881 1663/1663/1663
f 1882/1882/1882 1874/1874/1874 1749/1749/1749 1877/1877/1877
f 1750/1750/1750 1751/1751/1751 1772/1772/1772 1775/1775/1775
f 1775/1775/1775 1880/1880/1880 1771/1771/1771 1774/1774/1774
f 1724/1724/1724 1721/1721/1721 1778/1778/1778 1777/1777/1777
f 1751/1751/1751 1750/1750/1750 1874/1874/1874 1882/1882/1882
f 1771/1771/1771 1773/1773/1773 1663/1663/1663 1774/1774/1774
f 1750/1750/1750 1775/1775/1775 1756/1756/1756 1690/1690/1690
f 1778/1778/1778 1690/1690/1690 1756/1756/1756 1777/1777/1777
f 1774/1774/1774 1777/1777/1777 1756/1756/1756 1775/1775/1775
s 1
usemtl FABRIC_1_FRONT_1947
f 2039/2039/2039 1946/1946/1946 1974/1974/1974
f 1883/1883/1883 1884/1884/1884 2097/2097/2097 2096/2096/2096
f 1935/1935/1935 1883/1883/1883 2042/2042/2042 2028/2028/2028
f 1934/1934/1934 1935/1935/1935 2028/2028/2028 2098/2098/2098
f 1887/1887/1887 1888/1888/1888 2099/2099/2099 2100/2100/2100
f 1889/1889/1889 1890/1890/1890 1977/1977/1977 2101/2101/2101
f 1890/1890/1890 1891/1891/1891 2102/2102/2102 1977/1977/1977
f 1891/1891/1891 1892/1892/1892 1959/1959/1959 2102/2102/2102
f 1892/1892/1892 1893/1893/1893 1955/1955/1955 1959/1959/1959
f 1893/1893/1893 1894/1894/1894 1954/1954/1954 1955/1955/1955
f 1954/1954/1954 1894/1894/1894 1895/1895/1895 1952/1952/1952
f 1952/1952/1952 1895/1895/1895 1896/1896/1896 1951/1951/1951
f 1951/1951/1951 1896/1896/1896 1897/1897/1897 1949/1949/1949
f 1897/1897/1897 1898/1898/1898 2103/2103/2103 1949/1949/1949
f 1948/1948/1948 2104/2104/2104 1941/1941/1941
f 2104/2104/2104 1900/1900/1900 1901/1901/1901 1962/1962/1962
f 1962/1962/1962 1901/1901/1901 1902/1902/1902 2105/2105/2105
f 1902/1902/1902 1903/1903/1903 2106/2106/2106 2105/2105/2105
f 1904/1904/1904 1905/1905/1905 2107/2107/2107 1983/1983/1983
f 1905/1905/1905 1906/1906/1906 2108/2108/2108 2107/2107/2107
f 2109/2109/2109 1908/1908/1908 1909/1909/1909 1995/1995/1995
f 1995/1995/1995 1909/1909/1909 1910/1910/1910 1994/1994/1994
f 1910/1910/1910 1911/1911/1911 2110/2110/2110 1994/1994/1994
f 1912/1912/1912 1913/1913/1913 2111/2111/2111 2001/2001/2001
f 2112/2112/2112 1914/1914/1914 1915/1915/1915 1944/1944/1944
f 1915/1915/1915 1916/1916/1916 1968/1968/1968 1944/1944/1944
f 1968/1968/1968 1916/1916/1916 1917/1917/1917 1972/1972/1972
f 1972/1972/1972 1917/1917/1917 1918/1918/1918 2113/2113/2113
f 1918/1918/1918 1919/1919/1919 2114/2114/2114 2113/2113/2113
f 1921/1921/1921 1922/1922/1922 2116/2116/2116 2115/2115/2115
f 1923/1923/1923 1924/1924/1924 2117/2117/2117 2118/2118/2118
f 2119/2119/2119 1925/1925/1925 1926/1926/1926 1963/1963/1963
f 1926/1926/1926 1927/1927/1927 1990/1990/1990 1963/1963/1963
f 2120/2120/2120 1928/1928/1928 1929/1929/1929 1992/1992/1992
f 1992/1992/1992 1929/1929/1929 1930/1930/1930 2121/2121/2121
f 1930/1930/1930 1931/1931/1931 1991/1991/1991 2121/2121/2121
f 1991/1991/1991 1931/1931/1931 1932/1932/1932 2122/2122/2122
f 2122/2122/2122 1932/1932/1932 1933/1933/1933 2123/2123/2123
f 1884/1884/1884 1885/1885/1885 1976/1976/1976 2097/2097/2097
f 1903/1903/1903 1904/1904/1904 1983/1983/1983 2106/2106/2106
f 1911/1911/1911 1912/1912/1912 2001/2001/2001 2110/2110/2110
f 2042/2042/2042 1883/1883/1883 2096/2096/2096 2007/2007/2007
f 1934/1934/1934 2098/2098/2098 2123/2123/2123 1933/1933/1933
f 1887/1887/1887 2100/2100/2100 1975/1975/1975 1886/1886/1886
f 1888/1888/1888 1889/1889/1889 2101/2101/2101 2099/2099/2099
f 1900/1900/1900 2104/2104/2104 1948/1948/1948 1899/1899/1899
f 1908/1908/1908 2109/2109/2109 2017/2017/2017 1907/1907/1907
f 1914/1914/1914 2112/2112/2112 2000/2000/2000 1913/1913/1913
f 1921/1921/1921 2115/2115/2115 1998/1998/1998 1920/1920/1920
f 1923/1923/1923 2118/2118/2118 1996/1996/1996 1922/1922/1922
f 1924/1924/1924 1925/1925/1925 2119/2119/2119 2064/2064/2064
f 1927/1927/1927 1928/1928/1928 2120/2120/2120 1990/1990/1990
f 2124/2124/2124 1885/1885/1885 1886/1886/1886 1975/1975/1975
f 2100/2100/2100 2099/2099/2099 2125/2125/2125 1979/1979/1979
f 1948/1948/1948 2103/2103/2103 1898/1898/1898 1899/1899/1899
f 2016/2016/2016 2108/2108/2108 1906/1906/1906 1907/1907/1907
f 2111/2111/2111 1913/1913/1913 2000/2000/2000 2126/2126/2126
f 1971/1971/1971 2114/2114/2114 1919/1919/1919 1920/1920/1920
f 2116/2116/2116 1922/1922/1922 1996/1996/1996 2127/2127/2127
f 2128/2128/2128 2115/2115/2115 2116/2116/2116 2127/2127/2127
f 2117/2117/2117 1924/1924/1924 2064/2064/2064 2129/2129/2129
f 2130/2130/2130 2118/2118/2118 2117/2117/2117 2129/2129/2129
f 2122/2122/2122 2123/2123/2123 2131/2131/2131 1965/1965/1965
f 1991/1991/1991 2122/2122/2122 1965/1965/1965 2121/2121/2121
f 1993/1993/1993 1992/1992/1992 2121/2121/2121 1965/1965/1965
f 1966/1966/1966 2120/2120/2120 1992/1992/1992 1993/1993/1993
f 1949/1949/1949 2103/2103/2103 1940/1940/1940 1950/1950/1950
f 2132/2132/2132 1951/1951/1951 1949/1949/1949 1950/1950/1950
f 2133/2133/2133 1952/1952/1952 1951/1951/1951 2132/2132/2132
f 1953/1953/1953 1954/1954/1954 1952/1952/1952 2133/2133/2133
f 1955/1955/1955 1954/1954/1954 1953/1953/1953 2134/2134/2134
f 1959/1959/1959 1955/1955/1955 2134/2134/2134 1958/1958/1958
f 1978/1978/1978 2102/2102/2102 1959/1959/1959 1958/1958/1958
f 1977/1977/1977 2102/2102/2102 1978/1978/1978 2135/2135/2135
f 2101/2101/2101 1977/1977/1977 2135/2135/2135 1980/1980/1980
f 1941/1941/1941 2104/2104/2104 1962/1962/1962 2015/2015/2015
f 2015/2015/2015 1962/1962/1962 2105/2105/2105 2136/2136/2136
f 2105/2105/2105 2106/2106/2106 2013/2013/2013 2136/2136/2136
f 1944/1944/1944 1968/1968/1968 1969/1969/1969 1997/1997/1997
f 1969/1969/1969 1968/1968/1968 1972/1972/1972 2137/2137/2137
f 2137/2137/2137 1972/1972/1972 2113/2113/2113 1945/1945/1945
f 1945/1945/1945 2113/2113/2113 2114/2114/2114 1971/1971/1971
f 1970/1970/1970 2112/2112/2112 1944/1944/1944 1997/1997/1997
f 1967/1967/1967 2098/2098/2098 2028/2028/2028 2029/2029/2029
f 2029/2029/2029 2028/2028/2028 2042/2042/2042 2007/2007/2007
f 1995/1995/1995 1994/1994/1994 2030/2030/2030 2034/2034/2034
f 2030/2030/2030 1994/1994/1994 2110/2110/2110 2031/2031/2031
f 2036/2036/2036 2109/2109/2109 1995/1995/1995 2034/2034/2034
f 2011/2011/2011 1983/1983/1983 2107/2107/2107 1984/1984/1984
f 2107/2107/2107 2108/2108/2108 2138/2138/2138 1984/1984/1984
f 2139/2139/2139 2119/2119/2119 1963/1963/1963 2140/2140/2140
f 2096/2096/2096 2097/2097/2097 2003/2003/2003 2005/2005/2005
f 2106/2106/2106 1983/1983/1983 2011/2011/2011 2013/2013/2013
f 2131/2131/2131 2123/2123/2123 2098/2098/2098 1967/1967/1967
f 2031/2031/2031 2110/2110/2110 2001/2001/2001 2111/2111/2111
f 2016/2016/2016 1907/1907/1907 2017/2017/2017 2045/2045/2045
f 2138/2138/2138 2108/2108/2108 2016/2016/2016 2045/2045/2045
f 1971/1971/1971 1920/1920/1920 1998/1998/1998 1999/1999/1999
f 2109/2109/2109 2036/2036/2036 2141/2141/2141 2017/2017/2017
f 2097/2097/2097 1976/1976/1976 2040/2040/2040 2003/2003/2003
f 2100/2100/2100 1979/1979/1979 1982/1982/1982 1975/1975/1975
f 2101/2101/2101 1980/1980/1980 2125/2125/2125 2099/2099/2099
f 2103/2103/2103 1948/1948/1948 1941/1941/1941 1940/1940/1940
f 1940/1940/1940 1941/1941/1941 2015/2015/2015 2142/2142/2142
f 2000/2000/2000 2112/2112/2112 1970/1970/1970 2126/2126/2126
f 2120/2120/2120 1966/1966/1966 2022/2022/2022 1990/1990/1990
f 2115/2115/2115 2128/2128/2128 2143/2143/2143 1998/1998/1998
f 1996/1996/1996 2118/2118/2118 2130/2130/2130 2038/2038/2038
f 2119/2119/2119 2139/2139/2139 1964/1964/1964 2064/2064/2064
f 2007/2007/2007 2096/2096/2096 2005/2005/2005 2004/2004/2004
f 1961/1961/1961 1950/1950/1950 1940/1940/1940 2142/2142/2142
f 2015/2015/2015 2136/2136/2136 2144/2144/2144 2142/2142/2142
f 2136/2136/2136 2013/2013/2013 2012/2012/2012 2144/2144/2144
f 1960/1960/1960 2132/2132/2132 1950/1950/1950 1961/1961/1961
f 1957/1957/1957 2133/2133/2133 2132/2132/2132 1960/1960/1960
f 1945/1945/1945 1971/1971/1971 1999/1999/1999 1973/1973/1973
f 2145/2145/2145 1953/1953/1953 2133/2133/2133 1957/1957/1957
f 1947/1947/1947 2124/2124/2124 1975/1975/1975 1982/1982/1982
f 1976/1976/1976 1885/1885/1885 2124/2124/2124 1947/1947/1947
f 2111/2111/2111 2126/2126/2126 1974/1974/1974 2031/2031/2031
f 2127/2127/2127 1996/1996/1996 2038/2038/2038 2146/2146/2146
f 2128/2128/2128 2127/2127/2127 2146/2146/2146 2147/2147/2147
f 2134/2134/2134 1953/1953/1953 2145/2145/2145 1956/1956/1956
f 1958/1958/1958 2134/2134/2134 1956/1956/1956 1938/1938/1938
f 2148/2148/2148 1978/1978/1978 1958/1958/1958 1938/1938/1938
f 2135/2135/2135 1978/1978/1978 2148/2148/2148 2008/2008/2008
f 1980/1980/1980 2135/2135/2135 2008/2008/2008 2009/2009/2009
f 2009/2009/2009 1979/1979/1979 2125/2125/2125 1980/1980/1980
f 2137/2137/2137 1945/1945/1945 1973/1973/1973 1937/1937/1937
f 1969/1969/1969 2137/2137/2137 1937/1937/1937 1997/1997/1997
f 2022/2022/2022 2140/2140/2140 1963/1963/1963 1990/1990/1990
f 2034/2034/2034 2030/2030/2030 2149/2149/2149 2035/2035/2035
f 2030/2030/2030 2031/2031/2031 2032/2032/2032 2149/2149/2149
f 2150/2150/2150 2036/2036/2036 2034/2034/2034 2035/2035/2035
f 2011/2011/2011 1984/1984/1984 2151/2151/2151 2152/2152/2152
f 2139/2139/2139 2140/2140/2140 1942/1942/1942 2066/2066/2066
f 2023/2023/2023 1966/1966/1966 1993/1993/1993 2153/2153/2153
f 2154/2154/2154 1965/1965/1965 2131/2131/2131 1967/1967/1967
f 1967/1967/1967 2029/2029/2029 1943/1943/1943 2154/2154/2154
f 2029/2029/2029 2007/2007/2007 2155/2155/2155 1943/1943/1943
f 1970/1970/1970 1997/1997/1997 2047/2047/2047 2039/2039/2039
f 2129/2129/2129 2064/2064/2064 2065/2065/2065 2156/2156/2156
f 2157/2157/2157 2130/2130/2130 2129/2129/2129 2156/2156/2156
f 2005/2005/2005 2003/2003/2003 2002/2002/2002 2041/2041/2041
f 2043/2043/2043 1984/1984/1984 2138/2138/2138 2018/2018/2018
f 1993/1993/1993 1965/1965/1965 2154/2154/2154 2153/2153/2153
f 2013/2013/2013 2011/2011/2011 2152/2152/2152 2012/2012/2012
f 2047/2047/2047 1997/1997/1997 1937/1937/1937 2158/2158/2158
f 2158/2158/2158 1937/1937/1937 1973/1973/1973 2094/2094/2094
f 2040/2040/2040 1976/1976/1976 1947/1947/1947 2159/2159/2159
f 2159/2159/2159 1947/1947/1947 1982/1982/1982 2160/2160/2160
f 2002/2002/2002 2003/2003/2003 2040/2040/2040 2159/2159/2159
f 2065/2065/2065 2064/2064/2064 1964/1964/1964 2161/2161/2161
f 1964/1964/1964 2139/2139/2139 2066/2066/2066 2161/2161/2161
f 2143/2143/2143 2128/2128/2128 2147/2147/2147 2091/2091/2091
f 2126/2126/2126 1970/1970/1970 2039/2039/2039 1974/1974/1974
f 1973/1973/1973 1999/1999/1999 2162/2162/2162 2094/2094/2094
f 2162/2162/2162 1999/1999/1999 1998/1998/1998 2143/2143/2143
f 2032/2032/2032 2031/2031/2031 1974/1974/1974 1946/1946/1946
f 1982/1982/1982 1979/1979/1979 2063/2063/2063 2160/2160/2160
f 2063/2063/2063 1979/1979/1979 2009/2009/2009 2054/2054/2054
f 2151/2151/2151 1984/1984/1984 2043/2043/2043 2044/2044/2044
f 2154/2154/2154 1943/1943/1943 2025/2025/2025 2153/2153/2153
f 2155/2155/2155 2007/2007/2007 2004/2004/2004 2026/2026/2026
f 2025/2025/2025 1943/1943/1943 2155/2155/2155 2026/2026/2026
f 2005/2005/2005 2041/2041/2041 2006/2006/2006 2004/2004/2004
f 2054/2054/2054 2009/2009/2009 2008/2008/2008 1981/1981/1981
f 2138/2138/2138 2045/2045/2045 2055/2055/2055 2018/2018/2018
f 2027/2027/2027 2163/2163/2163 2023/2023/2023
f 1966/1966/1966 2023/2023/2023 2163/2163/2163 2022/2022/2022
f 2140/2140/2140 2022/2022/2022 2163/2163/2163 1942/1942/1942
f 2045/2045/2045 2017/2017/2017 2141/2141/2141 2164/2164/2164
f 2141/2141/2141 2036/2036/2036 2150/2150/2150 2164/2164/2164
f 2142/2142/2142 2144/2144/2144 2165/2165/2165 1961/1961/1961
f 1981/1981/1981 2008/2008/2008 2148/2148/2148 1938/1938/1938
f 2038/2038/2038 2130/2130/2130 2157/2157/2157 2048/2048/2048
f 1939/1939/1939 2152/2152/2152 2151/2151/2151 2044/2044/2044
f 1987/1987/1987 1938/1938/1938 1956/1956/1956 2168/2168/2168
f 2168/2168/2168 1956/1956/1956 2145/2145/2145 1985/1985/1985
f 2145/2145/2145 1957/1957/1957 2169/2169/2169 1985/1985/1985
f 2169/2169/2169 1957/1957/1957 1960/1960/1960 1988/1988/1988
f 1960/1960/1960 1961/1961/1961 2165/2165/2165 1988/1988/1988
f 2144/2144/2144 2012/2012/2012 2014/2014/2014 2165/2165/2165
f 2066/2066/2066 1942/1942/1942 2069/2069/2069 2170/2170/2170
f 2171/2171/2171 2035/2035/2035 2149/2149/2149 2089/2089/2089
f 2089/2089/2089 2149/2149/2149 2032/2032/2032 2095/2095/2095
f 2157/2157/2157 2156/2156/2156 2037/2037/2037 2048/2048/2048
f 2037/2037/2037 2156/2156/2156 2065/2065/2065 2071/2071/2071
f 2039/2039/2039 2047/2047/2047 2172/2172/2172 1946/1946/1946
f 2041/2041/2041 2002/2002/2002 2010/2010/2010 2173/2173/2173
f 2023/2023/2023 2153/2153/2153 2024/2024/2024 2027/2027/2027
f 2150/2150/2150 2035/2035/2035 2088/2088/2088 2092/2092/2092
f 2095/2095/2095 2032/2032/2032 1946/1946/1946 2172/2172/2172
f 2010/2010/2010 2002/2002/2002 2159/2159/2159 2160/2160/2160
f 2012/2012/2012 2152/2152/2152 1939/1939/1939 2014/2014/2014
f 1942/1942/1942 2163/2163/2163 2027/2027/2027 2069/2069/2069
f 2069/2069/2069 2027/2027/2027 2024/2024/2024 2174/2174/2174
f 2055/2055/2055 2045/2045/2045 2164/2164/2164 2175/2175/2175
f 2164/2164/2164 2150/2150/2150 2092/2092/2092 2175/2175/2175
f 2143/2143/2143 2091/2091/2091 2094/2094/2094 2162/2162/2162
f 2024/2024/2024 2153/2153/2153 2025/2025/2025 2046/2046/2046
f 2046/2046/2046 2025/2025/2025 2026/2026/2026 2058/2058/2058
f 2026/2026/2026 2004/2004/2004 2056/2056/2056 2058/2058/2058
f 2056/2056/2056 2004/2004/2004 2006/2006/2006 2176/2176/2176
f 2088/2088/2088 2035/2035/2035 2171/2171/2171 2177/2177/2177
f 2172/2172/2172 2047/2047/2047 2158/2158/2158 2033/2033/2033
f 2033/2033/2033 2158/2158/2158 2094/2094/2094 2091/2091/2091
f 2147/2147/2147 2166/2166/2166 2072/2072/2072 2091/2091/2091
f 2010/2010/2010 2160/2160/2160 2063/2063/2063 2173/2173/2173
f 2063/2063/2063 2054/2054/2054 2178/2178/2178 2173/2173/2173
f 2054/2054/2054 1981/1981/1981 2179/2179/2179 2178/2178/2178
f 1981/1981/1981 1938/1938/1938 1987/1987/1987 2179/2179/2179
f 2071/2071/2071 2065/2065/2065 2161/2161/2161 2068/2068/2068
f 2161/2161/2161 2066/2066/2066 2170/2170/2170 2068/2068/2068
f 2043/2043/2043 2167/2167/2167 2180/2180/2180 2044/2044/2044
f 2171/2171/2171 2089/2089/2089 2090/2090/2090 2177/2177/2177
f 2090/2090/2090 2089/2089/2089 2095/2095/2095 1936/1936/1936
f 2041/2041/2041 2173/2173/2173 2062/2062/2062 2006/2006/2006
f 2070/2070/2070 2170/2170/2170 2069/2069/2069 2174/2174/2174
f 2146/2146/2146 2038/2038/2038 2048/2048/2048 2181/2181/2181
f 2181/2181/2181 2166/2166/2166 2147/2147/2147 2146/2146/2146
f 2181/2181/2181 2048/2048/2048 2037/2037/2037 2166/2166/2166
f 2037/2037/2037 2071/2071/2071 2067/2067/2067 2166/2166/2166
f 2055/2055/2055 2175/2175/2175 2182/2182/2182 2018/2018/2018
f 2018/2018/2018 2182/2182/2182 2167/2167/2167 2043/2043/2043
f 1939/1939/1939 2044/2044/2044 2183/2183/2183 2049/2049/2049
f 2184/2184/2184 1987/1987/1987 2168/2168/2168 2019/2019/2019
f 2019/2019/2019 2168/2168/2168 1985/1985/1985 1986/1986/1986
f 1986/1986/1986 1985/1985/1985 2169/2169/2169 1988/1988/1988
f 2165/2165/2165 2014/2014/2014 1989/1989/1989 1988/1988/1988
f 2092/2092/2092 2088/2088/2088 2185/2185/2185 2051/2051/2051
f 2014/2014/2014 1939/1939/1939 2049/2049/2049 1989/1989/1989
f 2182/2182/2182 2175/2175/2175 2092/2092/2092 2051/2051/2051
f 2095/2095/2095 2172/2172/2172 2033/2033/2033 1936/1936/1936
f 2033/2033/2033 2091/2091/2091 2072/2072/2072 1936/1936/1936
f 2176/2176/2176 2006/2006/2006 2062/2062/2062 2052/2052/2052
f 2174/2174/2174 2024/2024/2024 2046/2046/2046 2073/2073/2073
f 1986/1986/1986 1988/1988/1988 1989/1989/1989 2021/2021/2021
f 2046/2046/2046 2058/2058/2058 2059/2059/2059 2073/2073/2073
f 2183/2183/2183 2044/2044/2044 2180/2180/2180 2186/2186/2186
f 2062/2062/2062 2173/2173/2173 2178/2178/2178 2187/2187/2187
f 2178/2178/2178 2179/2179/2179 2188/2188/2188 2187/2187/2187
f 2179/2179/2179 1987/1987/1987 2184/2184/2184 2188/2188/2188
f 2058/2058/2058 2056/2056/2056 2189/2189/2189 2059/2059/2059
f 2170/2170/2170 2070/2070/2070 2190/2190/2190 2068/2068/2068
f 2071/2071/2071 2068/2068/2068 2191/2191/2191 2067/2067/2067
f 2166/2166/2166 2067/2067/2067 2192/2192/2192 2072/2072/2072
f 2056/2056/2056 2176/2176/2176 2057/2057/2057 2189/2189/2189
f 2185/2185/2185 2088/2088/2088 2177/2177/2177 2093/2093/2093
f 2177/2177/2177 2090/2090/2090 2084/2084/2084 2093/2093/2093
f 2084/2084/2084 2090/2090/2090 1936/1936/1936 2072/2072/2072
f 2077/2077/2077 2070/2070/2070 2174/2174/2174 2073/2073/2073
f 2053/2053/2053 2019/2019/2019 1986/1986/1986 2021/2021/2021
f 2184/2184/2184 2019/2019/2019 2053/2053/2053 2188/2188/2188
f 2086/2086/2086 2051/2051/2051 2185/2185/2185 2193/2193/2193
f 2180/2180/2180 2167/2167/2167 2195/2195/2195 2194/2194/2194
f 2049/2049/2049 2183/2183/2183 2050/2050/2050 2020/2020/2020
f 2021/2021/2021 1989/1989/1989 2049/2049/2049 2020/2020/2020
f 2187/2187/2187 2188/2188/2188 2053/2053/2053 2196/2196/2196
f 2062/2062/2062 2187/2187/2187 2196/2196/2196 2052/2052/2052
f 2196/2196/2196 2053/2053/2053 2021/2021/2021 2020/2020/2020
f 2183/2183/2183 2186/2186/2186 2074/2074/2074 2050/2050/2050
f 2182/2182/2182 2051/2051/2051 2195/2195/2195 2167/2167/2167
f 2195/2195/2195 2051/2051/2051 2086/2086/2086 2194/2194/2194
f 2057/2057/2057 2176/2176/2176 2052/2052/2052 2061/2061/2061
f 2070/2070/2070 2077/2077/2077 2081/2081/2081 2190/2190/2190
f 2193/2193/2193 2185/2185/2185 2093/2093/2093 2082/2082/2082
f 2093/2093/2093 2084/2084/2084 2085/2085/2085 2082/2082/2082
f 2084/2084/2084 2072/2072/2072 2192/2192/2192 2085/2085/2085
f 2191/2191/2191 2068/2068/2068 2190/2190/2190 2197/2197/2197
f 2192/2192/2192 2067/2067/2067 2191/2191/2191 2085/2085/2085
f 2186/2186/2186 2180/2180/2180 2194/2194/2194 2198/2198/2198
f 2087/2087/2087 2020/2020/2020 2050/2050/2050 2075/2075/2075
f 2199/2199/2199 2059/2059/2059 2189/2189/2189 2060/2060/2060
f 2060/2060/2060 2189/2189/2189 2057/2057/2057 2061/2061/2061
f 2078/2078/2078 2073/2073/2073 2059/2059/2059 2199/2199/2199
f 2077/2077/2077 2073/2073/2073 2078/2078/2078 2080/2080/2080
f 2086/2086/2086 2193/2193/2193 2083/2083/2083 2200/2200/2200
f 2196/2196/2196 2020/2020/2020 2087/2087/2087 2052/2052/2052
f 2194/2194/2194 2086/2086/2086 2200/2200/2200 2198/2198/2198
f 2075/2075/2075 2050/2050/2050 2074/2074/2074 2201/2201/2201
f 2074/2074/2074 2186/2186/2186 2198/2198/2198 2201/2201/2201
f 2197/2197/2197 2190/2190/2190 2081/2081/2081 2082/2082/2082
f 2193/2193/2193 2082/2082/2082 2081/2081/2081 2083/2083/2083
f 2083/2083/2083 2081/2081/2081 2077/2077/2077 2080/2080/2080
f 2197/2197/2197 2082/2082/2082 2085/2085/2085 2191/2191/2191
f 2080/2080/2080 2078/2078/2078 2199/2199/2199 2079/2079/2079
f 2199/2199/2199 2060/2060/2060 2076/2076/2076 2079/2079/2079
f 2060/2060/2060 2061/2061/2061 2202/2202/2202 2076/2076/2076
f 2061/2061/2061 2052/2052/2052 2087/2087/2087 2202/2202/2202
f 2200/2200/2200 2083/2083/2083 2080/2080/2080 2079/2079/2079
f 2201/2201/2201 2198/2198/2198 2200/2200/2200 2079/2079/2079
f 2201/2201/2201 2079/2079/2079 2076/2076/2076 2075/2075/2075
f 2075/2075/2075 2076/2076/2076 2202/2202/2202 2087/2087/2087
s 1
usemtl FABRIC_1_FRONT_1947
f 2537/2537/2537 2292/2292/2292 2273/2273/2273
f 2264/2264/2264 2203/2203/2203 2479/2479/2479 2274/2274/2274
f 2263/2263/2263 2264/2264/2264 2274/2274/2274 2480/2480/2480
f 2262/2262/2262 2263/2263/2263 2480/2480/2480 2481/2481/2481
f 2261/2261/2261 2262/2262/2262 2481/2481/2481 2482/2482/2482
f 2483/2483/2483 2204/2204/2204 2205/2205/2205 2484/2484/2484
f 2205/2205/2205 2206/2206/2206 2485/2485/2485 2484/2484/2484
f 2486/2486/2486 2207/2207/2207 2208/2208/2208 2338/2338/2338
f 2338/2338/2338 2208/2208/2208 2209/2209/2209 2362/2362/2362
f 2362/2362/2362 2209/2209/2209 2210/2210/2210 2487/2487/2487
f 2210/2210/2210 2211/2211/2211 2488/2488/2488 2487/2487/2487
f 2212/2212/2212 2213/2213/2213 2368/2368/2368 2364/2364/2364
f 2368/2368/2368 2213/2213/2213 2214/2214/2214 2342/2342/2342
f 2342/2342/2342 2214/2214/2214 2215/2215/2215 2340/2340/2340
f 2489/2489/2489 2216/2216/2216 2217/2217/2217 2490/2490/2490
f 2218/2218/2218 2219/2219/2219 2491/2491/2491 2400/2400/2400
f 2219/2219/2219 2220/2220/2220 2281/2281/2281 2491/2491/2491
f 2281/2281/2281 2220/2220/2220 2221/2221/2221 2492/2492/2492
f 2222/2222/2222 2223/2223/2223 2280/2280/2280 2493/2493/2493
f 2494/2494/2494 2224/2224/2224 2225/2225/2225 2328/2328/2328
f 2328/2328/2328 2225/2225/2225 2226/2226/2226 2495/2495/2495
f 2275/2275/2275 2228/2228/2228 2229/2229/2229 2496/2496/2496
f 2229/2229/2229 2230/2230/2230 2497/2497/2497 2496/2496/2496
f 2231/2231/2231 2232/2232/2232 2285/2285/2285 2498/2498/2498
f 2232/2232/2232 2233/2233/2233 2499/2499/2499 2285/2285/2285
f 2499/2499/2499 2233/2233/2233 2234/2234/2234 2286/2286/2286
f 2286/2286/2286 2234/2234/2234 2235/2235/2235 2500/2500/2500
f 2500/2500/2500 2235/2235/2235 2236/2236/2236 2501/2501/2501
f 2501/2501/2501 2236/2236/2236 2237/2237/2237 2502/2502/2502
f 2237/2237/2237 2238/2238/2238 2320/2320/2320 2502/2502/2502
f 2335/2335/2335 2238/2238/2238 2239/2239/2239 2336/2336/2336
f 2336/2336/2336 2239/2239/2239 2240/2240/2240 2296/2296/2296
f 2296/2296/2296 2240/2240/2240 2241/2241/2241 2503/2503/2503
f 2241/2241/2241 2242/2242/2242 2504/2504/2504 2503/2503/2503
f 2242/2242/2242 2243/2243/2243 2505/2505/2505 2504/2504/2504
f 2243/2243/2243 2244/2244/2244 2277/2277/2277 2505/2505/2505
f 2277/2277/2277 2244/2244/2244 2245/2245/2245 2278/2278/2278
f 2278/2278/2278 2245/2245/2245 2246/2246/2246 2506/2506/2506
f 2508/2508/2508 2247/2247/2247 2248/2248/2248 2507/2507/2507
f 2507/2507/2507 2248/2248/2248 2249/2249/2249 2316/2316/2316
f 2250/2250/2250 2251/2251/2251 2293/2293/2293 2509/2509/2509
f 2251/2251/2251 2252/2252/2252 2298/2298/2298 2293/2293/2293
f 2252/2252/2252 2253/2253/2253 2510/2510/2510 2298/2298/2298
f 2253/2253/2253 2254/2254/2254 2511/2511/2511 2510/2510/2510
f 2513/2513/2513 2255/2255/2255 2256/2256/2256 2512/2512/2512
f 2290/2290/2290 2515/2515/2515 2282/2282/2282
f 2514/2514/2514 2257/2257/2257 2258/2258/2258 2515/2515/2515
f 2259/2259/2259 2260/2260/2260 2283/2283/2283 2282/2282/2282
f 2488/2488/2488 2211/2211/2211 2212/2212/2212 2364/2364/2364
f 2217/2217/2217 2218/2218/2218 2400/2400/2400 2490/2490/2490
f 2515/2515/2515 2258/2258/2258 2259/2259/2259 2282/2282/2282
f 2260/2260/2260 2261/2261/2261 2482/2482/2482 2283/2283/2283
f 2320/2320/2320 2238/2238/2238 2335/2335/2335 2516/2516/2516
f 2204/2204/2204 2483/2483/2483 2350/2350/2350 2203/2203/2203
f 2207/2207/2207 2486/2486/2486 2337/2337/2337 2206/2206/2206
f 2216/2216/2216 2489/2489/2489 2340/2340/2340 2215/2215/2215
f 2221/2221/2221 2222/2222/2222 2493/2493/2493 2492/2492/2492
f 2224/2224/2224 2494/2494/2494 2289/2289/2289 2223/2223/2223
f 2227/2227/2227 2228/2228/2228 2275/2275/2275 2325/2325/2325
f 2230/2230/2230 2231/2231/2231 2498/2498/2498 2497/2497/2497
f 2247/2247/2247 2508/2508/2508 2506/2506/2506 2246/2246/2246
f 2250/2250/2250 2509/2509/2509 2316/2316/2316 2249/2249/2249
f 2255/2255/2255 2513/2513/2513 2295/2295/2295 2254/2254/2254
f 2257/2257/2257 2514/2514/2514 2512/2512/2512 2256/2256/2256
f 2280/2280/2280 2223/2223/2223 2289/2289/2289 2517/2517/2517
f 2485/2485/2485 2206/2206/2206 2337/2337/2337 2518/2518/2518
f 2484/2484/2484 2485/2485/2485 2518/2518/2518 2381/2381/2381
f 2352/2352/2352 2483/2483/2483 2484/2484/2484 2381/2381/2381
f 2479/2479/2479 2203/2203/2203 2350/2350/2350 2519/2519/2519
f 2493/2493/2493 2280/2280/2280 2517/2517/2517 2322/2322/2322
f 2495/2495/2495 2226/2226/2226 2227/2227/2227 2325/2325/2325
f 2521/2521/2521 2496/2496/2496 2497/2497/2497 2520/2520/2520
f 2275/2275/2275 2496/2496/2496 2521/2521/2521 2311/2311/2311
f 2523/2523/2523 2278/2278/2278 2506/2506/2506 2522/2522/2522
f 2277/2277/2277 2278/2278/2278 2523/2523/2523 2524/2524/2524
f 2505/2505/2505 2277/2277/2277 2524/2524/2524 2271/2271/2271
f 2504/2504/2504 2505/2505/2505 2271/2271/2271 2503/2503/2503
f 2305/2305/2305 2508/2508/2508 2507/2507/2507 2332/2332/2332
f 2511/2511/2511 2254/2254/2254 2295/2295/2295 2525/2525/2525
f 2510/2510/2510 2511/2511/2511 2525/2525/2525 2526/2526/2526
f 2298/2298/2298 2510/2510/2510 2526/2526/2526 2527/2527/2527
f 2293/2293/2293 2298/2298/2298 2527/2527/2527 2426/2426/2426
f 2314/2314/2314 2509/2509/2509 2293/2293/2293 2426/2426/2426
f 2513/2513/2513 2512/2512/2512 2528/2528/2528 2419/2419/2419
f 2269/2269/2269 2498/2498/2498 2285/2285/2285 2307/2307/2307
f 2285/2285/2285 2499/2499/2499 2276/2276/2276 2307/2307/2307
f 2499/2499/2499 2286/2286/2286 2270/2270/2270 2276/2276/2276
f 2270/2270/2270 2286/2286/2286 2500/2500/2500 2529/2529/2529
f 2529/2529/2529 2500/2500/2500 2501/2501/2501 2287/2287/2287
f 2287/2287/2287 2501/2501/2501 2502/2502/2502 2530/2530/2530
f 2502/2502/2502 2320/2320/2320 2531/2531/2531 2530/2530/2530
f 2532/2532/2532 2514/2514/2514 2515/2515/2515 2290/2290/2290
f 2296/2296/2296 2503/2503/2503 2288/2288/2288 2301/2301/2301
f 2336/2336/2336 2296/2296/2296 2301/2301/2301 2302/2302/2302
f 2335/2335/2335 2336/2336/2336 2302/2302/2302 2334/2334/2334
f 2533/2533/2533 2494/2494/2494 2328/2328/2328 2534/2534/2534
f 2328/2328/2328 2495/2495/2495 2327/2327/2327 2534/2534/2534
f 2481/2481/2481 2480/2480/2480 2536/2536/2536 2535/2535/2535
f 2480/2480/2480 2274/2274/2274 2317/2317/2317 2536/2536/2536
f 2482/2482/2482 2481/2481/2481 2535/2535/2535 2292/2292/2292
f 2282/2282/2282 2283/2283/2283 2537/2537/2537 2290/2290/2290
f 2491/2491/2491 2281/2281/2281 2323/2323/2323 2377/2377/2377
f 2281/2281/2281 2492/2492/2492 2279/2279/2279 2323/2323/2323
f 2400/2400/2400 2491/2491/2491 2377/2377/2377 2344/2344/2344
f 2538/2538/2538 2338/2338/2338 2362/2362/2362 2366/2366/2366
f 2366/2366/2366 2362/2362/2362 2487/2487/2487 2339/2339/2339
f 2339/2339/2339 2487/2487/2487 2488/2488/2488 2364/2364/2364
f 2363/2363/2363 2486/2486/2486 2338/2338/2338 2538/2538/2538
f 2341/2341/2341 2489/2489/2489 2490/2490/2490 2371/2371/2371
f 2365/2365/2365 2364/2364/2364 2368/2368/2368 2370/2370/2370
f 2370/2370/2370 2368/2368/2368 2342/2342/2342 2566/2566/2566
f 2490/2490/2490 2400/2400/2400 2344/2344/2344 2371/2371/2371
f 2283/2283/2283 2482/2482/2482 2292/2292/2292 2537/2537/2537
f 2497/2497/2497 2498/2498/2498 2269/2269/2269 2520/2520/2520
f 2528/2528/2528 2512/2512/2512 2514/2514/2514 2532/2532/2532
f 2279/2279/2279 2492/2492/2492 2493/2493/2493 2322/2322/2322
f 2522/2522/2522 2506/2506/2506 2508/2508/2508 2305/2305/2305
f 2275/2275/2275 2311/2311/2311 2539/2539/2539 2325/2325/2325
f 2288/2288/2288 2503/2503/2503 2271/2271/2271 2540/2540/2540
f 2495/2495/2495 2325/2325/2325 2541/2541/2541 2327/2327/2327
f 2509/2509/2509 2314/2314/2314 2315/2315/2315 2316/2316/2316
f 2516/2516/2516 2335/2335/2335 2334/2334/2334 2542/2542/2542
f 2339/2339/2339 2364/2364/2364 2365/2365/2365 2543/2543/2543
f 2350/2350/2350 2483/2483/2483 2352/2352/2352 2544/2544/2544
f 2486/2486/2486 2363/2363/2363 2545/2545/2545 2337/2337/2337
f 2489/2489/2489 2341/2341/2341 2393/2393/2393 2340/2340/2340
f 2295/2295/2295 2513/2513/2513 2419/2419/2419 2284/2284/2284
f 2531/2531/2531 2320/2320/2320 2516/2516/2516 2464/2464/2464
f 2317/2317/2317 2274/2274/2274 2479/2479/2479 2546/2546/2546
f 2546/2546/2546 2479/2479/2479 2519/2519/2519 2349/2349/2349
f 2519/2519/2519 2350/2350/2350 2544/2544/2544 2349/2349/2349
f 2540/2540/2540 2271/2271/2271 2524/2524/2524 2267/2267/2267
f 2524/2524/2524 2523/2523/2523 2522/2522/2522 2267/2267/2267
f 2494/2494/2494 2533/2533/2533 2547/2547/2547 2289/2289/2289
f 2517/2517/2517 2289/2289/2289 2547/2547/2547 2312/2312/2312
f 2322/2322/2322 2517/2517/2517 2312/2312/2312 2548/2548/2548
f 2549/2549/2549 2323/2323/2323 2279/2279/2279 2322/2322/2322
f 2299/2299/2299 2301/2301/2301 2288/2288/2288 2540/2540/2540
f 2525/2525/2525 2295/2295/2295 2284/2284/2284 2294/2294/2294
f 2550/2550/2550 2302/2302/2302 2301/2301/2301 2299/2299/2299
f 2551/2551/2551 2334/2334/2334 2302/2302/2302 2550/2550/2550
f 2552/2552/2552 2377/2377/2377 2323/2323/2323 2549/2549/2549
f 2366/2366/2366 2339/2339/2339 2543/2543/2543 2553/2553/2553
f 2344/2344/2344 2377/2377/2377 2552/2552/2552 2348/2348/2348
f 2393/2393/2393 2566/2566/2566 2342/2342/2342 2340/2340/2340
f 2518/2518/2518 2337/2337/2337 2545/2545/2545 2379/2379/2379
f 2381/2381/2381 2518/2518/2518 2379/2379/2379 2384/2384/2384
f 2352/2352/2352 2381/2381/2381 2384/2384/2384 2544/2544/2544
f 2526/2526/2526 2525/2525/2525 2294/2294/2294 2360/2360/2360
f 2332/2332/2332 2507/2507/2507 2316/2316/2316 2315/2315/2315
f 2527/2527/2527 2526/2526/2526 2360/2360/2360 2425/2425/2425
f 2426/2426/2426 2527/2527/2527 2425/2425/2425 2361/2361/2361
f 2554/2554/2554 2314/2314/2314 2426/2426/2426 2361/2361/2361
f 2307/2307/2307 2276/2276/2276 2555/2555/2555 2266/2266/2266
f 2555/2555/2555 2276/2276/2276 2270/2270/2270 2556/2556/2556
f 2556/2556/2556 2270/2270/2270 2529/2529/2529 2310/2310/2310
f 2310/2310/2310 2529/2529/2529 2287/2287/2287 2530/2530/2530
f 2309/2309/2309 2311/2311/2311 2521/2521/2521 2520/2520/2520
f 2557/2557/2557 2532/2532/2532 2290/2290/2290 2329/2329/2329
f 2329/2329/2329 2290/2290/2290 2537/2537/2537 2273/2273/2273
f 2558/2558/2558 2419/2419/2419 2528/2528/2528 2532/2532/2532
f 2463/2463/2463 2530/2530/2530 2531/2531/2531 2467/2467/2467
f 2533/2533/2533 2534/2534/2534 2375/2375/2375 2354/2354/2354
f 2534/2534/2534 2327/2327/2327 2559/2559/2559 2375/2375/2375
f 2319/2319/2319 2305/2305/2305 2332/2332/2332 2560/2560/2560
f 2341/2341/2341 2371/2371/2371 2395/2395/2395 2561/2561/2561
f 2365/2365/2365 2370/2370/2370 2369/2369/2369 2321/2321/2321
f 2370/2370/2370 2566/2566/2566 2394/2394/2394 2369/2369/2369
f 2535/2535/2535 2536/2536/2536 2297/2297/2297 2300/2300/2300
f 2536/2536/2536 2317/2317/2317 2355/2355/2355 2297/2297/2297
f 2292/2292/2292 2535/2535/2535 2300/2300/2300 2273/2273/2273
f 2563/2563/2563 2363/2363/2363 2538/2538/2538 2562/2562/2562
f 2562/2562/2562 2538/2538/2538 2366/2366/2366 2553/2553/2553
f 2371/2371/2371 2344/2344/2344 2348/2348/2348 2395/2395/2395
f 2541/2541/2541 2325/2325/2325 2539/2539/2539 2268/2268/2268
f 2269/2269/2269 2307/2307/2307 2309/2309/2309 2520/2520/2520
f 2530/2530/2530 2463/2463/2463 2579/2579/2579 2310/2310/2310
f 2547/2547/2547 2533/2533/2533 2354/2354/2354 2272/2272/2272
f 2284/2284/2284 2419/2419/2419 2558/2558/2558 2313/2313/2313
f 2522/2522/2522 2305/2305/2305 2319/2319/2319 2267/2267/2267
f 2549/2549/2549 2322/2322/2322 2548/2548/2548 2564/2564/2564
f 2311/2311/2311 2309/2309/2309 2308/2308/2308 2539/2539/2539
f 2560/2560/2560 2332/2332/2332 2315/2315/2315 2565/2565/2565
f 2565/2565/2565 2315/2315/2315 2314/2314/2314 2554/2554/2554
f 2464/2464/2464 2516/2516/2516 2542/2542/2542 2470/2470/2470
f 2543/2543/2543 2365/2365/2365 2321/2321/2321 2553/2553/2553
f 2393/2393/2393 2341/2341/2341 2561/2561/2561 2566/2566/2566
f 2467/2467/2467 2531/2531/2531 2464/2464/2464 2567/2567/2567
f 2540/2540/2540 2267/2267/2267 2318/2318/2318 2299/2299/2299
f 2559/2559/2559 2327/2327/2327 2541/2541/2541 2353/2353/2353
f 2355/2355/2355 2317/2317/2317 2546/2546/2546 2306/2306/2306
f 2546/2546/2546 2349/2349/2349 2568/2568/2568 2306/2306/2306
f 2544/2544/2544 2384/2384/2384 2569/2569/2569 2349/2349/2349
f 2334/2334/2334 2551/2551/2551 2570/2570/2570 2542/2542/2542
f 2558/2558/2558 2532/2532/2532 2557/2557/2557 2291/2291/2291
f 2291/2291/2291 2557/2557/2557 2329/2329/2329 2580/2580/2580
f 2329/2329/2329 2273/2273/2273 2300/2300/2300 2580/2580/2580
f 2545/2545/2545 2363/2363/2363 2563/2563/2563 2382/2382/2382
f 2331/2331/2331 2294/2294/2294 2284/2284/2284 2313/2313/2313
f 2360/2360/2360 2294/2294/2294 2331/2331/2331 2571/2571/2571
f 2552/2552/2552 2549/2549/2549 2564/2564/2564 2572/2572/2572
f 2348/2348/2348 2552/2552/2552 2572/2572/2572 2573/2573/2573
f 2379/2379/2379 2545/2545/2545 2382/2382/2382 2384/2384/2384
f 2574/2574/2574 2312/2312/2312 2547/2547/2547 2272/2272/2272
f 2548/2548/2548 2312/2312/2312 2574/2574/2574 2575/2575/2575
f 2576/2576/2576 2550/2550/2550 2299/2299/2299 2318/2318/2318
f 2551/2551/2551 2550/2550/2550 2576/2576/2576 2577/2577/2577
f 2556/2556/2556 2310/2310/2310 2579/2579/2579 2578/2578/2578
f 2586/2586/2586 2578/2578/2578 2579/2579/2579 2463/2463/2463
f 2555/2555/2555 2556/2556/2556 2578/2578/2578 2266/2266/2266
f 2309/2309/2309 2307/2307/2307 2266/2266/2266 2465/2465/2465
f 2300/2300/2300 2297/2297/2297 2356/2356/2356 2580/2580/2580
f 2356/2356/2356 2297/2297/2297 2355/2355/2355 2390/2390/2390
f 2581/2581/2581 2319/2319/2319 2560/2560/2560 2333/2333/2333
f 2354/2354/2354 2375/2375/2375 2373/2373/2373 2372/2372/2372
f 2373/2373/2373 2375/2375/2375 2559/2559/2559 2353/2353/2353
f 2424/2424/2424 2361/2361/2361 2425/2425/2425 2582/2582/2582
f 2562/2562/2562 2553/2553/2553 2388/2388/2388 2367/2367/2367
f 2563/2563/2563 2562/2562/2562 2367/2367/2367 2383/2383/2383
f 2583/2583/2583 2321/2321/2321 2369/2369/2369 2398/2398/2398
f 2369/2369/2369 2394/2394/2394 2304/2304/2304 2398/2398/2398
f 2396/2396/2396 2561/2561/2561 2395/2395/2395 2596/2596/2596
f 2554/2554/2554 2361/2361/2361 2585/2585/2585 2584/2584/2584
f 2586/2586/2586 2463/2463/2463 2467/2467/2467 2472/2472/2472
f 2267/2267/2267 2319/2319/2319 2581/2581/2581 2318/2318/2318
f 2425/2425/2425 2360/2360/2360 2571/2571/2571 2582/2582/2582
f 2465/2465/2465 2266/2266/2266 2578/2578/2578 2586/2586/2586
f 2395/2395/2395 2348/2348/2348 2573/2573/2573 2596/2596/2596
f 2388/2388/2388 2553/2553/2553 2321/2321/2321 2583/2583/2583
f 2390/2390/2390 2355/2355/2355 2306/2306/2306 2378/2378/2378
f 2308/2308/2308 2309/2309/2309 2465/2465/2465 2587/2587/2587
f 2268/2268/2268 2539/2539/2539 2308/2308/2308 2588/2588/2588
f 2333/2333/2333 2560/2560/2560 2565/2565/2565 2589/2589/2589
f 2565/2565/2565 2554/2554/2554 2584/2584/2584 2589/2589/2589
f 2563/2563/2563 2383/2383/2383 2380/2380/2380 2382/2382/2382
f 2569/2569/2569 2384/2384/2384 2382/2382/2382 2380/2380/2380
f 2568/2568/2568 2349/2349/2349 2569/2569/2569 2590/2590/2590
f 2378/2378/2378 2306/2306/2306 2568/2568/2568 2351/2351/2351
f 2272/2272/2272 2354/2354/2354 2372/2372/2372 2376/2376/2376
f 2574/2574/2574 2272/2272/2272 2376/2376/2376 2575/2575/2575
f 2585/2585/2585 2361/2361/2361 2424/2424/2424 2423/2423/2423
f 2467/2467/2467 2567/2567/2567 2591/2591/2591 2472/2472/2472
f 2567/2567/2567 2464/2464/2464 2470/2470/2470 2592/2592/2592
f 2353/2353/2353 2541/2541/2541 2268/2268/2268 2471/2471/2471
f 2542/2542/2542 2570/2570/2570 2466/2466/2466 2470/2470/2470
f 2313/2313/2313 2558/2558/2558 2291/2291/2291 2358/2358/2358
f 2291/2291/2291 2580/2580/2580 2357/2357/2357 2358/2358/2358
f 2561/2561/2561 2396/2396/2396 2394/2394/2394 2566/2566/2566
f 2564/2564/2564 2548/2548/2548 2575/2575/2575 2593/2593/2593
f 2551/2551/2551 2577/2577/2577 2473/2473/2473 2570/2570/2570
f 2581/2581/2581 2333/2333/2333 2459/2459/2459 2318/2318/2318
f 2465/2465/2465 2586/2586/2586 2472/2472/2472 2587/2587/2587
f 2576/2576/2576 2318/2318/2318 2459/2459/2459 2577/2577/2577
f 2304/2304/2304 2394/2394/2394 2396/2396/2396 2594/2594/2594
f 2396/2396/2396 2596/2596/2596 2595/2595/2595 2594/2594/2594
f 2345/2345/2345 2572/2572/2572 2564/2564/2564 2593/2593/2593
f 2346/2346/2346 2573/2573/2573 2572/2572/2572 2345/2345/2345
f 2373/2373/2373 2353/2353/2353 2471/2471/2471 2326/2326/2326
f 2597/2597/2597 2372/2372/2372 2373/2373/2373 2326/2326/2326
f 2440/2440/2440 2424/2424/2424 2582/2582/2582 2441/2441/2441
f 2330/2330/2330 2356/2356/2356 2390/2390/2390 2389/2389/2389
f 2357/2357/2357 2580/2580/2580 2356/2356/2356 2330/2330/2330
f 2571/2571/2571 2331/2331/2331 2478/2478/2478 2477/2477/2477
f 2331/2331/2331 2313/2313/2313 2359/2359/2359 2478/2478/2478
f 2598/2598/2598 2584/2584/2584 2585/2585/2585 2599/2599/2599
f 2367/2367/2367 2388/2388/2388 2386/2386/2386 2385/2385/2385
f 2383/2383/2383 2367/2367/2367 2385/2385/2385 2303/2303/2303
f 2600/2600/2600 2583/2583/2583 2398/2398/2398 2399/2399/2399
f 2399/2399/2399 2398/2398/2398 2304/2304/2304 2594/2594/2594
f 2582/2582/2582 2571/2571/2571 2477/2477/2477 2441/2441/2441
f 2386/2386/2386 2388/2388/2388 2583/2583/2583 2600/2600/2600
f 2389/2389/2389 2390/2390/2390 2378/2378/2378 2402/2402/2402
f 2473/2473/2473 2577/2577/2577 2459/2459/2459 2458/2458/2458
f 2459/2459/2459 2333/2333/2333 2589/2589/2589 2458/2458/2458
f 2589/2589/2589 2584/2584/2584 2598/2598/2598 2458/2458/2458
f 2359/2359/2359 2313/2313/2313 2358/2358/2358 2601/2601/2601
f 2601/2601/2601 2358/2358/2358 2357/2357/2357 2602/2602/2602
f 2573/2573/2573 2346/2346/2346 2603/2603/2603 2596/2596/2596
f 2602/2602/2602 2357/2357/2357 2330/2330/2330 2604/2604/2604
f 2378/2378/2378 2351/2351/2351 2324/2324/2324 2402/2402/2402
f 2351/2351/2351 2568/2568/2568 2590/2590/2590 2387/2387/2387
f 2380/2380/2380 2383/2383/2383 2303/2303/2303 2605/2605/2605
f 2590/2590/2590 2569/2569/2569 2380/2380/2380 2605/2605/2605
f 2604/2604/2604 2330/2330/2330 2389/2389/2389 2404/2404/2404
f 2471/2471/2471 2268/2268/2268 2588/2588/2588 2420/2420/2420
f 2599/2599/2599 2585/2585/2585 2423/2423/2423 2454/2454/2454
f 2423/2423/2423 2424/2424/2424 2440/2440/2440 2606/2606/2606
f 2591/2591/2591 2567/2567/2567 2592/2592/2592 2468/2468/2468
f 2588/2588/2588 2308/2308/2308 2587/2587/2587 2469/2469/2469
f 2470/2470/2470 2466/2466/2466 2607/2607/2607 2592/2592/2592
f 2570/2570/2570 2473/2473/2473 2461/2461/2461 2466/2466/2466
f 2587/2587/2587 2472/2472/2472 2591/2591/2591 2468/2468/2468
f 2598/2598/2598 2599/2599/2599 2460/2460/2460 2458/2458/2458
f 2326/2326/2326 2471/2471/2471 2420/2420/2420 2608/2608/2608
f 2597/2597/2597 2326/2326/2326 2608/2608/2608 2445/2445/2445
f 2372/2372/2372 2597/2597/2597 2609/2609/2609 2376/2376/2376
f 2575/2575/2575 2376/2376/2376 2476/2476/2476 2593/2593/2593
f 2345/2345/2345 2593/2593/2593 2416/2416/2416 2343/2343/2343
f 2346/2346/2346 2345/2345/2345 2343/2343/2343 2347/2347/2347
f 2303/2303/2303 2385/2385/2385 2475/2475/2475 2474/2474/2474
f 2475/2475/2475 2385/2385/2385 2386/2386/2386 2600/2600/2600
f 2600/2600/2600 2399/2399/2399 2401/2401/2401 2475/2475/2475
f 2401/2401/2401 2399/2399/2399 2594/2594/2594 2595/2595/2595
f 2478/2478/2478 2359/2359/2359 2406/2406/2406 2422/2422/2422
f 2421/2421/2421 2477/2477/2477 2478/2478/2478 2422/2422/2422
f 2440/2440/2440 2441/2441/2441 2436/2436/2436 2610/2610/2610
f 2473/2473/2473 2458/2458/2458 2460/2460/2460 2461/2461/2461
f 2303/2303/2303 2474/2474/2474 2611/2611/2611 2605/2605/2605
f 2603/2603/2603 2346/2346/2346 2347/2347/2347 2612/2612/2612
f 2475/2475/2475 2401/2401/2401 2625/2625/2625 2474/2474/2474
f 2324/2324/2324 2351/2351/2351 2387/2387/2387 2613/2613/2613
f 2416/2416/2416 2593/2593/2593 2476/2476/2476 2414/2414/2414
f 2476/2476/2476 2376/2376/2376 2609/2609/2609 2374/2374/2374
f 2609/2609/2609 2597/2597/2597 2445/2445/2445 2374/2374/2374
f 2590/2590/2590 2605/2605/2605 2427/2427/2427 2387/2387/2387
f 2404/2404/2404 2389/2389/2389 2402/2402/2402 2614/2614/2614
f 2614/2614/2614 2402/2402/2402 2324/2324/2324 2613/2613/2613
f 2441/2441/2441 2477/2477/2477 2421/2421/2421 2615/2615/2615
f 2421/2421/2421 2422/2422/2422 2616/2616/2616 2615/2615/2615
f 2422/2422/2422 2406/2406/2406 2617/2617/2617 2616/2616/2616
f 2440/2440/2440 2610/2610/2610 2618/2618/2618 2606/2606/2606
f 2469/2469/2469 2587/2587/2587 2468/2468/2468 2456/2456/2456
f 2468/2468/2468 2592/2592/2592 2607/2607/2607 2456/2456/2456
f 2466/2466/2466 2461/2461/2461 2462/2462/2462 2607/2607/2607
f 2420/2420/2420 2588/2588/2588 2469/2469/2469 2619/2619/2619
f 2460/2460/2460 2599/2599/2599 2454/2454/2454 2620/2620/2620
f 2406/2406/2406 2359/2359/2359 2601/2601/2601 2621/2621/2621
f 2621/2621/2621 2601/2601/2601 2602/2602/2602 2265/2265/2265
f 2265/2265/2265 2602/2602/2602 2604/2604/2604 2391/2391/2391
f 2391/2391/2391 2604/2604/2604 2404/2404/2404 2429/2429/2429
f 2596/2596/2596 2603/2603/2603 2397/2397/2397 2595/2595/2595
f 2454/2454/2454 2423/2423/2423 2606/2606/2606 2438/2438/2438
f 2436/2436/2436 2441/2441/2441 2615/2615/2615 2622/2622/2622
f 2608/2608/2608 2420/2420/2420 2619/2619/2619 2623/2623/2623
f 2445/2445/2445 2608/2608/2608 2623/2623/2623 2624/2624/2624
f 2401/2401/2401 2595/2595/2595 2397/2397/2397 2625/2625/2625
f 2347/2347/2347 2343/2343/2343 2626/2626/2626 2410/2410/2410
f 2343/2343/2343 2416/2416/2416 2415/2415/2415 2626/2626/2626
f 2610/2610/2610 2436/2436/2436 2392/2392/2392 2437/2437/2437
f 2612/2612/2612 2347/2347/2347 2410/2410/2410 2409/2409/2409
f 2627/2627/2627 2428/2428/2428 2614/2614/2614 2613/2613/2613
f 2397/2397/2397 2603/2603/2603 2612/2612/2612 2625/2625/2625
f 2406/2406/2406 2621/2621/2621 2408/2408/2408 2617/2617/2617
f 2414/2414/2414 2476/2476/2476 2374/2374/2374 2628/2628/2628
f 2374/2374/2374 2445/2445/2445 2624/2624/2624 2628/2628/2628
f 2408/2408/2408 2621/2621/2621 2265/2265/2265 2629/2629/2629
f 2629/2629/2629 2265/2265/2265 2391/2391/2391 2407/2407/2407
f 2407/2407/2407 2391/2391/2391 2429/2429/2429 2443/2443/2443
f 2404/2404/2404 2614/2614/2614 2630/2630/2630 2429/2429/2429
f 2630/2630/2630 2614/2614/2614 2428/2428/2428 2417/2417/2417
f 2415/2415/2415 2416/2416/2416 2414/2414/2414 2447/2447/2447
f 2622/2622/2622 2615/2615/2615 2616/2616/2616 2435/2435/2435
f 2616/2616/2616 2617/2617/2617 2631/2631/2631 2435/2435/2435
f 2427/2427/2427 2605/2605/2605 2611/2611/2611 2632/2632/2632
f 2607/2607/2607 2462/2462/2462 2448/2448/2448 2456/2456/2456
f 2461/2461/2461 2460/2460/2460 2620/2620/2620 2462/2462/2462
f 2469/2469/2469 2456/2456/2456 2455/2455/2455 2619/2619/2619
f 2618/2618/2618 2610/2610/2610 2437/2437/2437 2633/2633/2633
f 2438/2438/2438 2606/2606/2606 2618/2618/2618 2633/2633/2633
f 2620/2620/2620 2454/2454/2454 2438/2438/2438 2457/2457/2457
f 2387/2387/2387 2427/2427/2427 2627/2627/2627 2613/2613/2613
f 2392/2392/2392 2436/2436/2436 2622/2622/2622 2435/2435/2435
f 2452/2452/2452 2623/2623/2623 2619/2619/2619 2455/2455/2455
f 2624/2624/2624 2623/2623/2623 2452/2452/2452 2634/2634/2634
f 2412/2412/2412 2410/2410/2410 2626/2626/2626 2413/2413/2413
f 2413/2413/2413 2626/2626/2626 2415/2415/2415 2447/2447/2447
f 2409/2409/2409 2474/2474/2474 2625/2625/2625 2612/2612/2612
f 2611/2611/2611 2474/2474/2474 2409/2409/2409 2635/2635/2635
f 2437/2437/2437 2392/2392/2392 2636/2636/2636 2449/2449/2449
f 2409/2409/2409 2410/2410/2410 2412/2412/2412 2635/2635/2635
f 2462/2462/2462 2620/2620/2620 2457/2457/2457 2448/2448/2448
f 2447/2447/2447 2414/2414/2414 2628/2628/2628 2446/2446/2446
f 2628/2628/2628 2624/2624/2624 2634/2634/2634 2446/2446/2446
f 2636/2636/2636 2392/2392/2392 2435/2435/2435 2434/2434/2434
f 2443/2443/2443 2429/2429/2429 2630/2630/2630 2430/2430/2430
f 2430/2430/2430 2630/2630/2630 2417/2417/2417 2403/2403/2403
f 2631/2631/2631 2617/2617/2617 2408/2408/2408 2629/2629/2629
f 2627/2627/2627 2427/2427/2427 2632/2632/2632 2428/2428/2428
f 2435/2435/2435 2631/2631/2631 2433/2433/2433 2434/2434/2434
f 2633/2633/2633 2437/2437/2437 2449/2449/2449 2637/2637/2637
f 2457/2457/2457 2438/2438/2438 2633/2633/2633 2637/2637/2637
f 2455/2455/2455 2456/2456/2456 2448/2448/2448 2453/2453/2453
f 2631/2631/2631 2629/2629/2629 2407/2407/2407 2433/2433/2433
f 2433/2433/2433 2407/2407/2407 2443/2443/2443 2432/2432/2432
f 2632/2632/2632 2611/2611/2611 2635/2635/2635 2405/2405/2405
f 2411/2411/2411 2413/2413/2413 2447/2447/2447 2446/2446/2446
f 2638/2638/2638 2412/2412/2412 2413/2413/2413 2411/2411/2411
f 2417/2417/2417 2428/2428/2428 2632/2632/2632 2405/2405/2405
f 2451/2451/2451 2452/2452/2452 2455/2455/2455 2453/2453/2453
f 2444/2444/2444 2634/2634/2634 2452/2452/2452 2451/2451/2451
f 2449/2449/2449 2636/2636/2636 2639/2639/2639 2450/2450/2450
f 2635/2635/2635 2412/2412/2412 2638/2638/2638 2405/2405/2405
f 2403/2403/2403 2417/2417/2417 2405/2405/2405 2638/2638/2638
f 2448/2448/2448 2457/2457/2457 2637/2637/2637 2453/2453/2453
f 2637/2637/2637 2449/2449/2449 2450/2450/2450 2453/2453/2453
f 2638/2638/2638 2411/2411/2411 2418/2418/2418 2403/2403/2403
f 2411/2411/2411 2446/2446/2446 2640/2640/2640 2418/2418/2418
f 2640/2640/2640 2446/2446/2446 2634/2634/2634 2444/2444/2444
f 2432/2432/2432 2443/2443/2443 2430/2430/2430 2431/2431/2431
f 2431/2431/2431 2430/2430/2430 2403/2403/2403 2418/2418/2418
f 2433/2433/2433 2432/2432/2432 2641/2641/2641 2434/2434/2434
f 2639/2639/2639 2636/2636/2636 2434/2434/2434 2442/2442/2442
f 2451/2451/2451 2453/2453/2453 2450/2450/2450 2642/2642/2642
f 2439/2439/2439 2444/2444/2444 2451/2451/2451 2642/2642/2642
f 2642/2642/2642 2450/2450/2450 2639/2639/2639 2442/2442/2442
f 2641/2641/2641 2432/2432/2432 2431/2431/2431 2643/2643/2643
f 2643/2643/2643 2431/2431/2431 2418/2418/2418 2640/2640/2640
f 2640/2640/2640 2444/2444/2444 2439/2439/2439 2643/2643/2643
f 2442/2442/2442 2434/2434/2434 2641/2641/2641 2644/2644/2644
f 2644/2644/2644 2439/2439/2439 2642/2642/2642 2442/2442/2442
f 2643/2643/2643 2439/2439/2439 2644/2644/2644 2641/2641/2641
s 1
usemtl FABRIC_1_FRONT_1947
f 2787/2787/2787 2759/2759/2759 3000/3000/3000
f 2836/2836/2836 2824/2824/2824 2999/2999/2999
f 2957/2957/2957 2712/2712/2712 2645/2645/2645 2958/2958/2958
f 2646/2646/2646 2647/2647/2647 2791/2791/2791 2959/2959/2959
f 2647/2647/2647 2648/2648/2648 2960/2960/2960 2791/2791/2791
f 2961/2961/2961 2649/2649/2649 2650/2650/2650 2962/2962/2962
f 2651/2651/2651 2652/2652/2652 2835/2835/2835 2963/2963/2963
f 2652/2652/2652 2653/2653/2653 2806/2806/2806 2835/2835/2835
f 2653/2653/2653 2654/2654/2654 2778/2778/2778 2806/2806/2806
f 2778/2778/2778 2654/2654/2654 2655/2655/2655 2777/2777/2777
f 2777/2777/2777 2655/2655/2655 2656/2656/2656 2964/2964/2964
f 2964/2964/2964 2656/2656/2656 2657/2657/2657 2965/2965/2965
f 2658/2658/2658 2659/2659/2659 2784/2784/2784 2966/2966/2966
f 2659/2659/2659 2660/2660/2660 2785/2785/2785 2784/2784/2784
f 2660/2660/2660 2661/2661/2661 2967/2967/2967 2785/2785/2785
f 2662/2662/2662 2663/2663/2663 2968/2968/2968 2736/2736/2736
f 2726/2726/2726 3031/3031/3031 2737/2737/2737
f 2969/2969/2969 2665/2665/2665 2666/2666/2666 2758/2758/2758
f 2758/2758/2758 2666/2666/2666 2667/2667/2667 2779/2779/2779
f 2667/2667/2667 2668/2668/2668 2780/2780/2780 2779/2779/2779
f 2668/2668/2668 2669/2669/2669 2781/2781/2781 2780/2780/2780
f 2669/2669/2669 2670/2670/2670 2782/2782/2782 2781/2781/2781
f 2672/2672/2672 2673/2673/2673 2971/2971/2971 2970/2970/2970
f 2674/2674/2674 2675/2675/2675 2972/2972/2972 2973/2973/2973
f 2679/2679/2679 2680/2680/2680 2826/2826/2826 2975/2975/2975
f 2680/2680/2680 2681/2681/2681 2802/2802/2802 2826/2826/2826
f 2802/2802/2802 2681/2681/2681 2682/2682/2682 2976/2976/2976
f 2976/2976/2976 2682/2682/2682 2683/2683/2683 2977/2977/2977
f 2977/2977/2977 2683/2683/2683 2684/2684/2684 2764/2764/2764
f 2764/2764/2764 2684/2684/2684 2685/2685/2685 2978/2978/2978
f 2978/2978/2978 2685/2685/2685 2686/2686/2686 2979/2979/2979
f 2979/2979/2979 2686/2686/2686 2687/2687/2687 2980/2980/2980
f 2688/2688/2688 2689/2689/2689 2982/2982/2982 2981/2981/2981
f 2689/2689/2689 2690/2690/2690 2983/2983/2983 2982/2982/2982
f 2691/2691/2691 2692/2692/2692 2805/2805/2805 2984/2984/2984
f 2692/2692/2692 2693/2693/2693 2771/2771/2771 2805/2805/2805
f 2693/2693/2693 2694/2694/2694 2985/2985/2985 2771/2771/2771
f 2985/2985/2985 2694/2694/2694 2695/2695/2695 2767/2767/2767
f 2767/2767/2767 2695/2695/2695 2696/2696/2696 2769/2769/2769
f 2986/2986/2986 2697/2697/2697 2698/2698/2698 2745/2745/2745
f 2745/2745/2745 2698/2698/2698 2699/2699/2699 2744/2744/2744
f 2699/2699/2699 2700/2700/2700 2987/2987/2987 2744/2744/2744
f 2988/2988/2988 2702/2702/2702 2703/2703/2703 2725/2725/2725
f 2725/2725/2725 2703/2703/2703 2704/2704/2704 2722/2722/2722
f 2722/2722/2722 2704/2704/2704 2705/2705/2705 2989/2989/2989
f 2721/2721/2721 2706/2706/2706 2707/2707/2707 2720/2720/2720
f 2990/2990/2990 2708/2708/2708 2709/2709/2709 2991/2991/2991
f 2991/2991/2991 2709/2709/2709 2710/2710/2710 2992/2992/2992
f 2992/2992/2992 2710/2710/2710 2711/2711/2711 2993/2993/2993
f 2645/2645/2645 2646/2646/2646 2959/2959/2959 2958/2958/2958
f 2661/2661/2661 2662/2662/2662 2736/2736/2736 2967/2967/2967
f 2690/2690/2690 2691/2691/2691 2984/2984/2984 2983/2983/2983
f 2769/2769/2769 2696/2696/2696 2697/2697/2697 2986/2986/2986
f 2989/2989/2989 2705/2705/2705 2706/2706/2706 2721/2721/2721
f 2675/2675/2675 2676/2676/2676 2790/2790/2790 2972/2972/2972
f 2712/2712/2712 2957/2957/2957 2993/2993/2993 2711/2711/2711
f 2649/2649/2649 2961/2961/2961 2792/2792/2792 2648/2648/2648
f 2651/2651/2651 2963/2963/2963 2962/2962/2962 2650/2650/2650
f 2657/2657/2657 2658/2658/2658 2966/2966/2966 2965/2965/2965
f 2665/2665/2665 2969/2969/2969 2756/2756/2756 2664/2664/2664
f 2672/2672/2672 2970/2970/2970 2818/2818/2818 2671/2671/2671
f 2674/2674/2674 2973/2973/2973 2789/2789/2789 2673/2673/2673
f 2677/2677/2677 2974/2974/2974 2797/2797/2797 2676/2676/2676
f 2678/2678/2678 2679/2679/2679 2975/2975/2975 3004/3004/3004
f 2687/2687/2687 2688/2688/2688 2981/2981/2981 2980/2980/2980
f 2702/2702/2702 2988/2988/2988 2730/2730/2730 2701/2701/2701
f 2707/2707/2707 2708/2708/2708 2990/2990/2990 2720/2720/2720
f 2719/2719/2719 2987/2987/2987 2700/2700/2700 2701/2701/2701
f 2995/2995/2995 2670/2670/2670 2671/2671/2671 2818/2818/2818
f 2960/2960/2960 2648/2648/2648 2792/2792/2792 2996/2996/2996
f 2791/2791/2791 2960/2960/2960 2996/2996/2996 2997/2997/2997
f 2959/2959/2959 2791/2791/2791 2997/2997/2997 2998/2998/2998
f 2760/2760/2760 2961/2961/2961 2962/2962/2962 2999/2999/2999
f 3001/3001/3001 2964/2964/2964 2965/2965/2965 3000/3000/3000
f 2820/2820/2820 2777/2777/2777 2964/2964/2964 3001/3001/3001
f 2834/2834/2834 2778/2778/2778 2777/2777/2777 2820/2820/2820
f 2806/2806/2806 2778/2778/2778 2834/2834/2834 2850/2850/2850
f 2835/2835/2835 2806/2806/2806 2850/2850/2850 2761/2761/2761
f 2963/2963/2963 2835/2835/2835 2761/2761/2761 2836/2836/2836
f 2756/2756/2756 2968/2968/2968 2663/2663/2663 2664/2664/2664
f 2971/2971/2971 2673/2673/2673 2789/2789/2789 3002/3002/3002
f 2970/2970/2970 2971/2971/2971 3002/3002/3002 3003/3003/3003
f 2678/2678/2678 3004/3004/3004 2974/2974/2974 2677/2677/2677
f 3006/3006/3006 2979/2979/2979 2980/2980/2980 3005/3005/3005
f 2798/2798/2798 2978/2978/2978 2979/2979/2979 3006/3006/3006
f 2801/2801/2801 2764/2764/2764 2978/2978/2978 2798/2798/2798
f 3007/3007/3007 2977/2977/2977 2764/2764/2764 2801/2801/2801
f 2900/2900/2900 2976/2976/2976 2977/2977/2977 3007/3007/3007
f 2802/2802/2802 2976/2976/2976 2900/2900/2900 2899/2899/2899
f 2826/2826/2826 2802/2802/2802 2899/2899/2899 2763/2763/2763
f 2975/2975/2975 2826/2826/2826 2763/2763/2763 2825/2825/2825
f 3009/3009/3009 2992/2992/2992 2993/2993/2993 3008/3008/3008
f 3010/3010/3010 2991/2991/2991 2992/2992/2992 3009/3009/3009
f 2990/2990/2990 2991/2991/2991 3010/3010/3010 2723/2723/2723
f 2715/2715/2715 2988/2988/2988 2725/2725/2725 2724/2724/2724
f 2724/2724/2724 2725/2725/2725 2722/2722/2722 3011/3011/3011
f 3011/3011/3011 2722/2722/2722 2989/2989/2989 2716/2716/2716
f 3012/3012/3012 2957/2957/2957 2958/2958/2958 3013/3013/3013
f 3014/3014/3014 2744/2744/2744 2987/2987/2987 2731/2731/2731
f 2737/2737/2737 2969/2969/2969 2758/2758/2758 2786/2786/2786
f 2786/2786/2786 2758/2758/2758 2779/2779/2779 3015/3015/3015
f 2779/2779/2779 2780/2780/2780 3016/3016/3016 3015/3015/3015
f 2780/2780/2780 2781/2781/2781 3017/3017/3017 3016/3016/3016
f 2781/2781/2781 2782/2782/2782 3018/3018/3018 3017/3017/3017
f 2782/2782/2782 2670/2670/2670 2995/2995/2995 2837/2837/2837
f 3019/3019/3019 2985/2985/2985 2767/2767/2767 2768/2768/2768
f 2768/2768/2768 2767/2767/2767 2769/2769/2769 2746/2746/2746
f 2771/2771/2771 2985/2985/2985 3019/3019/3019 2804/2804/2804
f 2805/2805/2805 2771/2771/2771 2804/2804/2804 3020/3020/3020
f 2984/2984/2984 2805/2805/2805 3020/3020/3020 2828/2828/2828
f 2745/2745/2745 2744/2744/2744 3021/3021/3021 3022/3022/3022
f 3023/3023/3023 2986/2986/2986 2745/2745/2745 3022/3022/3022
f 2785/2785/2785 2967/2967/2967 3024/3024/3024 2819/2819/2819
f 2784/2784/2784 2785/2785/2785 2819/2819/2819 3025/3025/3025
f 2966/2966/2966 2784/2784/2784 3025/3025/3025 2787/2787/2787
f 2981/2981/2981 2982/2982/2982 3026/3026/3026 2766/2766/2766
f 2982/2982/2982 2983/2983/2983 3027/3027/3027 3026/3026/3026
f 2973/2973/2973 2972/2972/2972 2823/2823/2823 2822/2822/2822
f 2736/2736/2736 2968/2968/2968 2726/2726/2726 2757/2757/2757
f 2958/2958/2958 2959/2959/2959 2998/2998/2998 3013/3013/3013
f 2967/2967/2967 2736/2736/2736 2757/2757/2757 3024/3024/3024
f 2983/2983/2983 2984/2984/2984 2828/2828/2828 3027/3027/3027
f 3008/3008/3008 2993/2993/2993 2957/2957/2957 3012/3012/3012
f 2965/2965/2965 2966/2966/2966 2787/2787/2787 3000/3000/3000
f 2818/2818/2818 2970/2970/2970 3003/3003/3003 2995/2995/2995
f 2980/2980/2980 2981/2981/2981 2766/2766/2766 3005/3005/3005
f 2769/2769/2769 2986/2986/2986 3023/3023/3023 2746/2746/2746
f 2989/2989/2989 2721/2721/2721 2994/2994/2994 2716/2716/2716
f 2790/2790/2790 2676/2676/2676 2797/2797/2797 3028/3028/3028
f 2823/2823/2823 2972/2972/2972 2790/2790/2790 3028/3028/3028
f 2730/2730/2730 2988/2988/2988 2715/2715/2715 2754/2754/2754
f 3018/3018/3018 2782/2782/2782 2837/2837/2837 3029/3029/3029
f 2961/2961/2961 2760/2760/2760 3030/3030/3030 2792/2792/2792
f 2963/2963/2963 2836/2836/2836 2999/2999/2999 2962/2962/2962
f 2969/2969/2969 2737/2737/2737 3031/3031/3031 2756/2756/2756
f 3031/3031/3031 2726/2726/2726 2968/2968/2968 2756/2756/2756
f 2789/2789/2789 2973/2973/2973 2822/2822/2822 2821/2821/2821
f 2975/2975/2975 2825/2825/2825 3032/3032/3032 3004/3004/3004
f 2987/2987/2987 2719/2719/2719 2717/2717/2717 2731/2731/2731
f 2990/2990/2990 2723/2723/2723 2718/2718/2718 2720/2720/2720
f 2719/2719/2719 2701/2701/2701 2730/2730/2730 2717/2717/2717
f 3021/3021/3021 2744/2744/2744 3014/3014/3014 3033/3033/3033
f 3034/3034/3034 3002/3002/3002 2789/2789/2789 2821/2821/2821
f 3003/3003/3003 3002/3002/3002 3034/3034/3034 2852/2852/2852
f 2994/2994/2994 2721/2721/2721 2720/2720/2720 2718/2718/2718
f 2996/2996/2996 2792/2792/2792 3030/3030/3030 2795/2795/2795
f 2997/2997/2997 2996/2996/2996 2795/2795/2795 2794/2794/2794
f 2998/2998/2998 2997/2997/2997 2794/2794/2794 2743/2743/2743
f 2715/2715/2715 2724/2724/2724 3035/3035/3035 2755/2755/2755
f 3035/3035/3035 2724/2724/2724 3011/3011/3011 2735/2735/2735
f 2735/2735/2735 3011/3011/3011 2716/2716/2716 2732/2732/2732
f 2723/2723/2723 3010/3010/3010 3036/3036/3036 2752/2752/2752
f 3010/3010/3010 3009/3009/3009 2910/2910/2910 3036/3036/3036
f 3037/3037/3037 2907/2907/2907 2909/2909/2909
f 2910/2910/2910 3009/3009/3009 3008/3008/3008 3037/3037/3037
f 2757/2757/2757 2726/2726/2726 2924/2924/2924 3038/3038/3038
f 3014/3014/3014 2731/2731/2731 2879/2879/2879 2747/2747/2747
f 2737/2737/2737 2786/2786/2786 2924/2924/2924 2726/2726/2726
f 2770/2770/2770 3019/3019/3019 2768/2768/2768 3039/3039/3039
f 3039/3039/3039 2768/2768/2768 2746/2746/2746 2749/2749/2749
f 2804/2804/2804 3019/3019/3019 2770/2770/2770 2772/2772/2772
f 3020/3020/3020 2804/2804/2804 2772/2772/2772 2829/2829/2829
f 2828/2828/2828 3020/3020/3020 2829/2829/2829 2833/2833/2833
f 2749/2749/2749 3022/3022/3022 3021/3021/3021 3040/3040/3040
f 3023/3023/3023 3022/3022/3022 2749/2749/2749 2746/2746/2746
f 3041/3041/3041 2834/2834/2834 2820/2820/2820 2788/2788/2788
f 2788/2788/2788 2820/2820/2820 3001/3001/3001 3042/3042/3042
f 3042/3042/3042 3001/3001/3001 3000/3000/3000 2759/2759/2759
f 2848/2848/2848 2850/2850/2850 2834/2834/2834 3041/3041/3041
f 2851/2851/2851 2761/2761/2761 2850/2850/2850 2848/2848/2848
f 2836/2836/2836 2761/2761/2761 2851/2851/2851 2824/2824/2824
f 2808/2808/2808 3015/3015/3015 3016/3016/3016 2807/2807/2807
f 2786/2786/2786 3015/3015/3015 2808/2808/2808 2924/2924/2924
f 2807/2807/2807 3016/3016/3016 3017/3017/3017 2838/2838/2838
f 2838/2838/2838 3017/3017/3017 3018/3018/3018 3029/3029/3029
f 2819/2819/2819 3024/3024/3024 2783/2783/2783 2738/2738/2738
f 3025/3025/3025 2819/2819/2819 2738/2738/2738 2927/2927/2927
f 2787/2787/2787 3025/3025/3025 2927/2927/2927 2759/2759/2759
f 2825/2825/2825 2763/2763/2763 2897/2897/2897 2740/2740/2740
f 2763/2763/2763 2899/2899/2899 2898/2898/2898 2897/2897/2897
f 2899/2899/2899 2900/2900/2900 2902/2902/2902 2898/2898/2898
f 2902/2902/2902 2900/2900/2900 3007/3007/3007 2904/2904/2904
f 2904/2904/2904 3007/3007/3007 2801/2801/2801 2741/2741/2741
f 2741/2741/2741 2801/2801/2801 2798/2798/2798 2943/2943/2943
f 2798/2798/2798 3006/3006/3006 2765/2765/2765 2943/2943/2943
f 2765/2765/2765 3006/3006/3006 3005/3005/3005 2799/2799/2799
f 2766/2766/2766 3026/3026/3026 2832/2832/2832 2800/2800/2800
f 3026/3026/3026 3027/3027/3027 3043/3043/3043 2832/2832/2832
f 2846/2846/2846 3044/3044/3044 2852/2852/2852
f 2837/2837/2837 2995/2995/2995 3044/3044/3044 2839/2839/2839
f 2844/2844/2844 2822/2822/2822 2823/2823/2823 2845/2845/2845
f 2907/2907/2907 3012/3012/3012 3013/3013/3013 2908/2908/2908
f 3045/3045/3045 2797/2797/2797 2974/2974/2974 2762/2762/2762
f 3046/3046/3046 2760/2760/2760 2999/2999/2999 2824/2824/2824
f 3037/3037/3037 3008/3008/3008 3012/3012/3012 2907/2907/2907
f 3013/3013/3013 2998/2998/2998 2743/2743/2743 2908/2908/2908
f 3005/3005/3005 2766/2766/2766 2800/2800/2800 2799/2799/2799
f 3044/3044/3044 2995/2995/2995 3003/3003/3003 2852/2852/2852
f 3024/3024/3024 2757/2757/2757 3038/3038/3038 2783/2783/2783
f 3027/3027/3027 2828/2828/2828 2833/2833/2833 3043/3043/3043
f 2731/2731/2731 2717/2717/2717 2878/2878/2878 2879/2879/2879
f 2717/2717/2717 2730/2730/2730 2754/2754/2754 2878/2878/2878
f 2723/2723/2723 2752/2752/2752 2732/2732/2732 2718/2718/2718
f 2994/2994/2994 2718/2718/2718 2732/2732/2732 2716/2716/2716
f 2754/2754/2754 2715/2715/2715 2755/2755/2755 2734/2734/2734
f 3040/3040/3040 3021/3021/3021 3033/3033/3033 2750/2750/2750
f 2749/2749/2749 3040/3040/3040 2748/2748/2748 3039/3039/3039
f 3033/3033/3033 3014/3014/3014 2747/2747/2747 2750/2750/2750
f 2759/2759/2759 2927/2927/2927 3047/3047/3047 3042/3042/3042
f 2927/2927/2927 2738/2738/2738 2926/2926/2926 3047/3047/3047
f 2738/2738/2738 2783/2783/2783 2923/2923/2923 2926/2926/2926
f 2845/2845/2845 2823/2823/2823 3028/3028/3028 2855/2855/2855
f 3028/3028/3028 2797/2797/2797 3045/3045/3045 2855/2855/2855
f 3038/3038/3038 2924/2924/2924 2808/2808/2808 2922/2922/2922
f 2822/2822/2822 2844/2844/2844 3048/3048/3048 2821/2821/2821
f 3029/3029/3029 2837/2837/2837 2839/2839/2839 2840/2840/2840
f 3034/3034/3034 2821/2821/2821 2846/2846/2846 2852/2852/2852
f 2974/2974/2974 3004/3004/3004 3032/3032/3032 2762/2762/2762
f 3032/3032/3032 2825/2825/2825 2740/2740/2740 2762/2762/2762
f 3030/3030/3030 2760/2760/2760 3046/3046/3046 2796/2796/2796
f 2838/2838/2838 3029/3029/3029 2840/2840/2840 3049/3049/3049
f 2809/2809/2809 2807/2807/2807 2838/2838/2838 3049/3049/3049
f 2922/2922/2922 2808/2808/2808 2807/2807/2807 2809/2809/2809
f 2795/2795/2795 3030/3030/3030 2796/2796/2796 2793/2793/2793
f 2914/2914/2914 2794/2794/2794 2795/2795/2795 2793/2793/2793
f 2743/2743/2743 2794/2794/2794 2914/2914/2914 2915/2915/2915
f 2729/2729/2729 2770/2770/2770 3039/3039/3039 2748/2748/2748
f 2772/2772/2772 2770/2770/2770 2729/2729/2729 2830/2830/2830
f 2829/2829/2829 2772/2772/2772 2830/2830/2830 2803/2803/2803
f 2833/2833/2833 3050/3050/3050 3043/3043/3043
f 3050/3050/3050 2833/2833/2833 2829/2829/2829 2803/2803/2803
f 3051/3051/3051 2735/2735/2735 2732/2732/2732 2752/2752/2752
f 2751/2751/2751 3035/3035/3035 2735/2735/2735 3051/3051/3051
f 2755/2755/2755 3035/3035/3035 2751/2751/2751 2714/2714/2714
f 2773/2773/2773 3036/3036/3036 2910/2910/2910 2774/2774/2774
f 2774/2774/2774 2910/2910/2910 3037/3037/3037 2909/2909/2909
f 2753/2753/2753 2752/2752/2752 3036/3036/3036 2773/2773/2773
f 2847/2847/2847 2848/2848/2848 3041/3041/3041 2815/2815/2815
f 2815/2815/2815 3041/3041/3041 2788/2788/2788 2925/2925/2925
f 2925/2925/2925 2788/2788/2788 3042/3042/3042 3047/3047/3047
f 2849/2849/2849 2851/2851/2851 2848/2848/2848 2847/2847/2847
f 2739/2739/2739 2824/2824/2824 2851/2851/2851 2849/2849/2849
f 3046/3046/3046 2824/2824/2824 2739/2739/2739 2796/2796/2796
f 2942/2942/2942 2904/2904/2904 2741/2741/2741 2941/2941/2941
f 2941/2941/2941 2741/2741/2741 2943/2943/2943 2944/2944/2944
f 2944/2944/2944 2943/2943/2943 2765/2765/2765 2799/2799/2799
f 2903/2903/2903 2902/2902/2902 2904/2904/2904 2942/2942/2942
f 2898/2898/2898 2902/2902/2902 2903/2903/2903 3052/3052/3052
f 2897/2897/2897 2898/2898/2898 3052/3052/3052 3053/3053/3053
f 2859/2859/2859 2740/2740/2740 2897/2897/2897 3053/3053/3053
f 2875/2875/2875 2747/2747/2747 2879/2879/2879 2886/2886/2886
f 2827/2827/2827 3045/3045/3045 2762/2762/2762 2740/2740/2740
f 2742/2742/2742 2800/2800/2800 2832/2832/2832 2831/2831/2831
f 2832/2832/2832 3043/3043/3043 3050/3050/3050 2831/2831/2831
f 3054/3054/3054 2839/2839/2839 3044/3044/3044 2846/2846/2846
f 3055/3055/3055 2844/2844/2844 2845/2845/2845 2856/2856/2856
f 2909/2909/2909 2907/2907/2907 2908/2908/2908 2920/2920/2920
f 2908/2908/2908 2743/2743/2743 2915/2915/2915 2920/2920/2920
f 2783/2783/2783 3038/3038/3038 2922/2922/2922 2923/2923/2923
f 2734/2734/2734 2755/2755/2755 2714/2714/2714 2930/2930/2930
f 2878/2878/2878 2754/2754/2754 2734/2734/2734 3056/3056/3056
f 2879/2879/2879 2878/2878/2878 3056/3056/3056 2886/2886/2886
f 2799/2799/2799 2800/2800/2800 2742/2742/2742 2944/2944/2944
f 2747/2747/2747 2875/2875/2875 2872/2872/2872 2750/2750/2750
f 2923/2923/2923 2922/2922/2922 2809/2809/2809 2810/2810/2810
f 2810/2810/2810 2809/2809/2809 3049/3049/3049 2812/2812/2812
f 3049/3049/3049 2840/2840/2840 2811/2811/2811 2812/2812/2812
f 2840/2840/2840 2839/2839/2839 3054/3054/3054 2811/2811/2811
f 2831/2831/2831 3050/3050/3050 2803/2803/2803 2893/2893/2893
f 2846/2846/2846 2821/2821/2821 3048/3048/3048 3057/3057/3057
f 3048/3048/3048 2844/2844/2844 3055/3055/3055 3057/3057/3057
f 2856/2856/2856 2845/2845/2845 2855/2855/2855 3058/3058/3058
f 3058/3058/3058 2855/2855/2855 3045/3045/3045 2827/2827/2827
f 2925/2925/2925 3047/3047/3047 2926/2926/2926 2814/2814/2814
f 2814/2814/2814 2926/2926/2926 2923/2923/2923 2810/2810/2810
f 3040/3040/3040 2750/2750/2750 2873/2873/2873 2748/2748/2748
f 2742/2742/2742 2831/2831/2831 2893/2893/2893 2944/2944/2944
f 3059/3059/3059 2729/2729/2729 2748/2748/2748 2873/2873/2873
f 2830/2830/2830 2729/2729/2729 3059/3059/3059 2901/2901/2901
f 2803/2803/2803 2830/2830/2830 2901/2901/2901 2893/2893/2893
f 2815/2815/2815 2925/2925/2925 2814/2814/2814 2813/2813/2813
f 2816/2816/2816 2847/2847/2847 2815/2815/2815 2813/2813/2813
f 3060/3060/3060 2849/2849/2849 2847/2847/2847 2816/2816/2816
f 2739/2739/2739 2849/2849/2849 3060/3060/3060 2912/2912/2912
f 2793/2793/2793 2796/2796/2796 2739/2739/2739 2912/2912/2912
f 3061/3061/3061 2914/2914/2914 2793/2793/2793 2912/2912/2912
f 3062/3062/3062 2915/2915/2915 2914/2914/2914 3061/3061/3061
f 2895/2895/2895 2941/2941/2941 2944/2944/2944 2893/2893/2893
f 3063/3063/3063 2942/2942/2942 2941/2941/2941 2895/2895/2895
f 2905/2905/2905 2903/2903/2903 2942/2942/2942 3063/3063/3063
f 3052/3052/3052 2903/2903/2903 2905/2905/2905 2906/2906/2906
f 3053/3053/3053 3052/3052/3052 2906/2906/2906 2894/2894/2894
f 2858/2858/2858 2859/2859/2859 3053/3053/3053 2894/2894/2894
f 2827/2827/2827 2740/2740/2740 2859/2859/2859 3064/3064/3064
f 2714/2714/2714 2751/2751/2751 3065/3065/3065 3066/3066/3066
f 2751/2751/2751 3051/3051/3051 2733/2733/2733 3065/3065/3065
f 3051/3051/3051 2752/2752/2752 2753/2753/2753 2733/2733/2733
f 2950/2950/2950 2753/2753/2753 2773/2773/2773 2776/2776/2776
f 2776/2776/2776 2773/2773/2773 2774/2774/2774 3067/3067/3067
f 3067/3067/3067 2774/2774/2774 2909/2909/2909 2920/2920/2920
f 3054/3054/3054 2846/2846/2846 2842/2842/2842 2841/2841/2841
f 3069/3069/3069 3055/3055/3055 2856/2856/2856 2857/2857/2857
f 2871/2871/2871 2875/2875/2875 2886/2886/2886 3070/3070/3070
f 2813/2813/2813 2814/2814/2814 2810/2810/2810 2812/2812/2812
f 3068/3068/3068 2920/2920/2920 2915/2915/2915 3062/3062/3062
f 2733/2733/2733 2753/2753/2753 2950/2950/2950 3071/3071/3071
f 2856/2856/2856 3058/3058/3058 2861/2861/2861 2857/2857/2857
f 3058/3058/3058 2827/2827/2827 3064/3064/3064 2861/2861/2861
f 3054/3054/3054 2841/2841/2841 2843/2843/2843 2811/2811/2811
f 3055/3055/3055 3069/3069/3069 3072/3072/3072 3057/3057/3057
f 2842/2842/2842 2846/2846/2846 3057/3057/3057 3072/3072/3072
f 2859/2859/2859 2858/2858/2858 2854/2854/2854 3064/3064/3064
f 2873/2873/2873 2750/2750/2750 2872/2872/2872 3073/3073/3073
f 3070/3070/3070 2886/2886/2886 3056/3056/3056 2928/2928/2928
f 3056/3056/3056 2734/2734/2734 2930/2930/2930 2928/2928/2928
f 2895/2895/2895 2893/2893/2893 2901/2901/2901 2880/2880/2880
f 2880/2880/2880 2901/2901/2901 3059/3059/3059 2888/2888/2888
f 2888/2888/2888 3059/3059/3059 2873/2873/2873 3073/3073/3073
f 2875/2875/2875 2871/2871/2871 2870/2870/2870 2872/2872/2872
f 2714/2714/2714 3066/3066/3066 2929/2929/2929 2930/2930/2930
f 3063/3063/3063 2895/2895/2895 2880/2880/2880 2890/2890/2890
f 2905/2905/2905 3063/3063/3063 2890/2890/2890 2891/2891/2891
f 3065/3065/3065 2733/2733/2733 3071/3071/3071 2949/2949/2949
f 2950/2950/2950 2776/2776/2776 2775/2775/2775 3071/3071/3071
f 2776/2776/2776 3067/3067/3067 2945/2945/2945 2775/2775/2775
f 3067/3067/3067 2920/2920/2920 3068/3068/3068 2945/2945/2945
f 3074/3074/3074 3066/3066/3066 3065/3065/3065 2949/2949/2949
f 2817/2817/2817 2816/2816/2816 2813/2813/2813 2812/2812/2812
f 2812/2812/2812 2811/2811/2811 3075/3075/3075 2817/2817/2817
f 2906/2906/2906 2905/2905/2905 2891/2891/2891 2896/2896/2896
f 2894/2894/2894 2906/2906/2906 2896/2896/2896 3076/3076/3076
f 2913/2913/2913 3060/3060/3060 2816/2816/2816 2817/2817/2817
f 2916/2916/2916 2912/2912/2912 3060/3060/3060 2913/2913/2913
f 3061/3061/3061 2912/2912/2912 2916/2916/2916 2911/2911/2911
f 2918/2918/2918 3062/3062/3062 3061/3061/3061 2911/2911/2911
f 2858/2858/2858 2894/2894/2894 3076/3076/3076 2728/2728/2728
f 2841/2841/2841 2842/2842/2842 2853/2853/2853 2727/2727/2727
f 3077/3077/3077 3069/3069/3069 2857/2857/2857 2864/2864/2864
f 2868/2868/2868 2871/2871/2871 3070/3070/3070 2887/2887/2887
f 2843/2843/2843 2841/2841/2841 2727/2727/2727 3078/3078/3078
f 2854/2854/2854 2858/2858/2858 2728/2728/2728 2866/2866/2866
f 3075/3075/3075 2811/2811/2811 2843/2843/2843 3078/3078/3078
f 2853/2853/2853 2842/2842/2842 3072/3072/3072 2884/2884/2884
f 2884/2884/2884 3072/3072/3072 3069/3069/3069 3077/3077/3077
f 2861/2861/2861 3064/3064/3064 2854/2854/2854 2866/2866/2866
f 2857/2857/2857 2861/2861/2861 2866/2866/2866 2864/2864/2864
f 2871/2871/2871 2868/2868/2868 2869/2869/2869 2870/2870/2870
f 2890/2890/2890 2880/2880/2880 2888/2888/2888 2889/2889/2889
f 2872/2872/2872 2870/2870/2870 3079/3079/3079 3073/3073/3073
f 2889/2889/2889 2888/2888/2888 3073/3073/3073 3079/3079/3079
f 2817/2817/2817 3075/3075/3075 3080/3080/3080 2913/2913/2913
f 3062/3062/3062 2918/2918/2918 2955/2955/2955 3068/3068/3068
f 2930/2930/2930 2929/2929/2929 3081/3081/3081 2928/2928/2928
f 2887/2887/2887 3070/3070/3070 2928/2928/2928 3081/3081/3081
f 3066/3066/3066 3074/3074/3074 2952/2952/2952 2929/2929/2929
f 3071/3071/3071 2775/2775/2775 2953/2953/2953 2949/2949/2949
f 2775/2775/2775 2945/2945/2945 2946/2946/2946 2953/2953/2953
f 2945/2945/2945 3068/3068/3068 2955/2955/2955 2946/2946/2946
f 2892/2892/2892 2891/2891/2891 2890/2890/2890 2889/2889/2889
f 2896/2896/2896 2891/2891/2891 2892/2892/2892 2860/2860/2860
f 2867/2867/2867 3076/3076/3076 2896/2896/2896 2860/2860/2860
f 2728/2728/2728 3076/3076/3076 2867/2867/2867 3082/3082/3082
f 2727/2727/2727 2853/2853/2853 2883/2883/2883 3083/3083/3083
f 3077/3077/3077 2864/2864/2864 2862/2862/2862 2863/2863/2863
f 3084/3084/3084 2868/2868/2868 2887/2887/2887 2932/2932/2932
f 3085/3085/3085 2911/2911/2911 2916/2916/2916 2919/2919/2919
f 2919/2919/2919 2916/2916/2916 2913/2913/2913 3080/3080/3080
f 2917/2917/2917 2918/2918/2918 2911/2911/2911 3085/3085/3085
f 3074/3074/3074 2949/2949/2949 3086/3086/3086 2921/2921/2921
f 2866/2866/2866 2728/2728/2728 3082/3082/3082 2864/2864/2864
f 2883/2883/2883 2853/2853/2853 2884/2884/2884 2934/2934/2934
f 2934/2934/2934 2884/2884/2884 3077/3077/3077 2863/2863/2863
f 3079/3079/3079 2870/2870/2870 2869/2869/2869 2860/2860/2860
f 2892/2892/2892 2889/2889/2889 3079/3079/3079 2860/2860/2860
f 2932/2932/2932 2887/2887/2887 3081/3081/3081 2865/2865/2865
f 2865/2865/2865 3081/3081/3081 2929/2929/2929 2952/2952/2952
f 2952/2952/2952 3074/3074/3074 2921/2921/2921 3087/3087/3087
f 3086/3086/3086 2949/2949/2949 2953/2953/2953 2951/2951/2951
f 2951/2951/2951 2953/2953/2953 2946/2946/2946 2947/2947/2947
f 2947/2947/2947 2946/2946/2946 2955/2955/2955 2939/2939/2939
f 2939/2939/2939 2955/2955/2955 2918/2918/2918 2917/2917/2917
f 3080/3080/3080 3075/3075/3075 3078/3078/3078 3088/3088/3088
f 3078/3078/3078 2727/2727/2727 3083/3083/3083 3088/3088/3088
f 2868/2868/2868 3084/3084/3084 3089/3089/3089 2869/2869/2869
f 2867/2867/2867 2860/2860/2860 2869/2869/2869 3089/3089/3089
f 2862/2862/2862 2864/2864/2864 3082/3082/3082 2877/2877/2877
f 3082/3082/3082 2867/2867/2867 3089/3089/3089 2877/2877/2877
f 2863/2863/2863 2862/2862/2862 2881/2881/2881 3090/3090/3090
f 2874/2874/2874 3084/3084/3084 2932/2932/2932 2882/2882/2882
f 3091/3091/3091 3083/3083/3083 2883/2883/2883 2940/2940/2940
f 3092/3092/3092 2917/2917/2917 3085/3085/3085 2937/2937/2937
f 2931/2931/2931 2921/2921/2921 3086/3086/3086 2948/2948/2948
f 2877/2877/2877 3089/3089/3089 3084/3084/3084 2874/2874/2874
f 2881/2881/2881 2862/2862/2862 2877/2877/2877 2874/2874/2874
f 2882/2882/2882 2932/2932/2932 2865/2865/2865 2885/2885/2885
f 2865/2865/2865 2952/2952/2952 3087/3087/3087 2885/2885/2885
f 2881/2881/2881 2874/2874/2874 2882/2882/2882 3090/3090/3090
f 2940/2940/2940 2883/2883/2883 2934/2934/2934 2935/2935/2935
f 2935/2935/2935 2934/2934/2934 2863/2863/2863 3090/3090/3090
f 2937/2937/2937 3085/3085/3085 2919/2919/2919 3093/3093/3093
f 2919/2919/2919 3080/3080/3080 3088/3088/3088 3093/3093/3093
f 3088/3088/3088 3083/3083/3083 3091/3091/3091 3093/3093/3093
f 3091/3091/3091 2940/2940/2940 3094/3094/3094 3093/3093/3093
f 3087/3087/3087 2921/2921/2921 2931/2931/2931 2933/2933/2933
f 2948/2948/2948 3086/3086/3086 2951/2951/2951 2956/2956/2956
f 2956/2956/2956 2951/2951/2951 2947/2947/2947 2936/2936/2936
f 2936/2936/2936 2947/2947/2947 2939/2939/2939 3095/3095/3095
f 2939/2939/2939 2917/2917/2917 3092/3092/3092 3095/3095/3095
f 3092/3092/3092 2937/2937/2937 3096/3096/3096 3095/3095/3095
f 2931/2931/2931 2948/2948/2948 2713/2713/2713 2933/2933/2933
f 3096/3096/3096 2937/2937/2937 3093/3093/3093 3094/3094/3094
f 2882/2882/2882 2885/2885/2885 2876/2876/2876 3090/3090/3090
f 2885/2885/2885 3087/3087/3087 2933/2933/2933 2876/2876/2876
f 2940/2940/2940 2935/2935/2935 2954/2954/2954 3094/3094/3094
f 2935/2935/2935 3090/3090/3090 2876/2876/2876 2954/2954/2954
f 3095/3095/3095 3096/3096/3096 2938/2938/2938 2936/2936/2936
f 2713/2713/2713 2948/2948/2948 2956/2956/2956 3097/3097/3097
f 2956/2956/2956 2936/2936/2936 2938/2938/2938 3097/3097/3097
f 2876/2876/2876 2933/2933/2933 2713/2713/2713 2954/2954/2954
f 2954/2954/2954 2713/2713/2713 3097/3097/3097 3094/3094/3094
f 2938/2938/2938 3096/3096/3096 3094/3094/3094 3097/3097/3097
s 1
usemtl FABRIC_1_FRONT_1947
f 3347/3347/3347 3182/3182/3182 3181/3181/3181
f 3326/3326/3326 3115/3115/3115 3114/3114/3114 3113/3113/3113
f 3113/3113/3113 3112/3112/3112 3212/3212/3212 3326/3326/3326
f 3112/3112/3112 3111/3111/3111 3327/3327/3327 3212/3212/3212
f 3111/3111/3111 3110/3110/3110 3328/3328/3328 3327/3327/3327
f 3329/3329/3329 3116/3116/3116 3115/3115/3115 3326/3326/3326
f 3099/3099/3099 3098/3098/3098 3174/3174/3174 3186/3186/3186
f 3218/3218/3218 3100/3100/3100 3099/3099/3099 3186/3186/3186
f 3330/3330/3330 3101/3101/3101 3100/3100/3100 3218/3218/3218
f 3253/3253/3253 3102/3102/3102 3101/3101/3101 3330/3330/3330
f 3331/3331/3331 3103/3103/3103 3102/3102/3102 3253/3253/3253
f 3252/3252/3252 3105/3105/3105 3104/3104/3104 3254/3254/3254
f 3332/3332/3332 3106/3106/3106 3105/3105/3105 3252/3252/3252
f 3333/3333/3333 3107/3107/3107 3106/3106/3106 3332/3332/3332
f 3109/3109/3109 3108/3108/3108 3334/3334/3334 3335/3335/3335
f 3118/3118/3118 3117/3117/3117 3336/3336/3336 3216/3216/3216
f 3119/3119/3119 3118/3118/3118 3216/3216/3216 3176/3176/3176
f 3120/3120/3120 3119/3119/3119 3176/3176/3176 3190/3190/3190
f 3173/3173/3173 3121/3121/3121 3120/3120/3120 3190/3190/3190
f 3122/3122/3122 3121/3121/3121 3173/3173/3173 3185/3185/3185
f 3337/3337/3337 3123/3123/3123 3122/3122/3122 3185/3185/3185
f 3125/3125/3125 3124/3124/3124 3338/3338/3338 3339/3339/3339
f 3126/3126/3126 3125/3125/3125 3339/3339/3339 3172/3172/3172
f 3340/3340/3340 3127/3127/3127 3126/3126/3126 3172/3172/3172
f 3130/3130/3130 3129/3129/3129 3169/3169/3169 3341/3341/3341
f 3131/3131/3131 3130/3130/3130 3341/3341/3341 3342/3342/3342
f 3171/3171/3171 3133/3133/3133 3132/3132/3132 3343/3343/3343
f 3344/3344/3344 3134/3134/3134 3133/3133/3133 3171/3171/3171
f 3345/3345/3345 3135/3135/3135 3134/3134/3134 3344/3344/3344
f 3179/3179/3179 3136/3136/3136 3135/3135/3135 3345/3345/3345
f 3346/3346/3346 3139/3139/3139 3138/3138/3138 3168/3168/3168
f 3180/3180/3180 3140/3140/3140 3139/3139/3139 3346/3346/3346
f 3141/3141/3141 3140/3140/3140 3180/3180/3180 3347/3347/3347
f 3143/3143/3143 3142/3142/3142 3181/3181/3181 3348/3348/3348
f 3144/3144/3144 3143/3143/3143 3348/3348/3348 3183/3183/3183
f 3145/3145/3145 3144/3144/3144 3183/3183/3183 3231/3231/3231
f 3167/3167/3167 3146/3146/3146 3145/3145/3145 3231/3231/3231
f 3349/3349/3349 3147/3147/3147 3146/3146/3146 3167/3167/3167
f 3149/3149/3149 3148/3148/3148 3351/3351/3351 3350/3350/3350
f 3352/3352/3352 3151/3151/3151 3150/3150/3150 3353/3353/3353
f 3187/3187/3187 3153/3153/3153 3152/3152/3152 3189/3189/3189
f 3154/3154/3154 3153/3153/3153 3187/3187/3187 3354/3354/3354
f 3155/3155/3155 3154/3154/3154 3354/3354/3354 3355/3355/3355
f 3156/3156/3156 3155/3155/3155 3355/3355/3355 3356/3356/3356
f 3254/3254/3254 3104/3104/3104 3103/3103/3103 3331/3331/3331
f 3124/3124/3124 3123/3123/3123 3337/3337/3337 3338/3338/3338
f 3142/3142/3142 3141/3141/3141 3347/3347/3347 3181/3181/3181
f 3189/3189/3189 3152/3152/3152 3151/3151/3151 3352/3352/3352
f 3136/3136/3136 3179/3179/3179 3357/3357/3357 3137/3137/3137
f 3138/3138/3138 3137/3137/3137 3357/3357/3357 3168/3168/3168
f 3326/3326/3326 3212/3212/3212 3255/3255/3255 3329/3329/3329
f 3108/3108/3108 3107/3107/3107 3333/3333/3333 3334/3334/3334
f 3110/3110/3110 3109/3109/3109 3335/3335/3335 3328/3328/3328
f 3127/3127/3127 3340/3340/3340 3170/3170/3170 3128/3128/3128
f 3132/3132/3132 3131/3131/3131 3342/3342/3342 3343/3343/3343
f 3147/3147/3147 3349/3349/3349 3177/3177/3177 3148/3148/3148
f 3150/3150/3150 3149/3149/3149 3350/3350/3350 3353/3353/3353
f 3098/3098/3098 3156/3156/3156 3356/3356/3356 3174/3174/3174
f 3327/3327/3327 3328/3328/3328 3358/3358/3358 3238/3238/3238
f 3212/3212/3212 3327/3327/3327 3238/3238/3238 3255/3255/3255
f 3236/3236/3236 3335/3335/3335 3334/3334/3334 3359/3359/3359
f 3360/3360/3360 3336/3336/3336 3117/3117/3117 3116/3116/3116
f 3361/3361/3361 3216/3216/3216 3336/3336/3336 3360/3360/3360
f 3363/3363/3363 3128/3128/3128 3170/3170/3170 3362/3362/3362
f 3363/3363/3363 3169/3169/3169 3129/3129/3129 3128/3128/3128
f 3171/3171/3171 3343/3343/3343 3364/3364/3364 3240/3240/3240
f 3195/3195/3195 3344/3344/3344 3171/3171/3171 3240/3240/3240
f 3365/3365/3365 3345/3345/3345 3344/3344/3344 3195/3195/3195
f 3178/3178/3178 3179/3179/3179 3345/3345/3345 3365/3365/3365
f 3351/3351/3351 3148/3148/3148 3177/3177/3177 3366/3366/3366
f 3350/3350/3350 3351/3351/3351 3366/3366/3366 3367/3367/3367
f 3352/3352/3352 3353/3353/3353 3368/3368/3368 3321/3321/3321
f 3167/3167/3167 3231/3231/3231 3300/3300/3300 3210/3210/3210
f 3166/3166/3166 3349/3349/3349 3167/3167/3167 3210/3210/3210
f 3342/3342/3342 3341/3341/3341 3226/3226/3226 3239/3239/3239
f 3341/3341/3341 3169/3169/3169 3369/3369/3369 3226/3226/3226
f 3193/3193/3193 3180/3180/3180 3346/3346/3346 3191/3191/3191
f 3191/3191/3191 3346/3346/3346 3168/3168/3168 3161/3161/3161
f 3182/3182/3182 3347/3347/3347 3180/3180/3180 3193/3193/3193
f 3183/3183/3183 3348/3348/3348 3370/3370/3370 3230/3230/3230
f 3348/3348/3348 3181/3181/3181 3182/3182/3182 3370/3370/3370
f 3231/3231/3231 3183/3183/3183 3230/3230/3230 3229/3229/3229
f 3172/3172/3172 3339/3339/3339 3163/3163/3163 3241/3241/3241
f 3339/3339/3339 3338/3338/3338 3201/3201/3201 3163/3163/3163
f 3214/3214/3214 3340/3340/3340 3172/3172/3172 3241/3241/3241
f 3185/3185/3185 3173/3173/3173 3371/3371/3371 3217/3217/3217
f 3173/3173/3173 3190/3190/3190 3244/3244/3244 3371/3371/3371
f 3190/3190/3190 3176/3176/3176 3165/3165/3165 3244/3244/3244
f 3176/3176/3176 3216/3216/3216 3361/3361/3361 3165/3165/3165
f 3202/3202/3202 3337/3337/3337 3185/3185/3185 3217/3217/3217
f 3355/3355/3355 3354/3354/3354 3175/3175/3175 3372/3372/3372
f 3175/3175/3175 3354/3354/3354 3187/3187/3187 3196/3196/3196
f 3196/3196/3196 3187/3187/3187 3189/3189/3189 3199/3199/3199
f 3356/3356/3356 3355/3355/3355 3372/3372/3372 3188/3188/3188
f 3324/3324/3324 3218/3218/3218 3186/3186/3186 3382/3382/3382
f 3323/3323/3323 3330/3330/3330 3218/3218/3218 3324/3324/3324
f 3242/3242/3242 3253/3253/3253 3330/3330/3330 3323/3323/3323
f 3251/3251/3251 3331/3331/3331 3253/3253/3253 3242/3242/3242
f 3333/3333/3333 3332/3332/3332 3373/3373/3373 3237/3237/3237
f 3373/3373/3373 3332/3332/3332 3252/3252/3252 3301/3301/3301
f 3301/3301/3301 3252/3252/3252 3254/3254/3254 3235/3235/3235
f 3364/3364/3364 3343/3343/3343 3342/3342/3342 3239/3239/3239
f 3201/3201/3201 3338/3338/3338 3337/3337/3337 3202/3202/3202
f 3199/3199/3199 3189/3189/3189 3352/3352/3352 3321/3321/3321
f 3235/3235/3235 3254/3254/3254 3331/3331/3331 3251/3251/3251
f 3334/3334/3334 3333/3333/3333 3237/3237/3237 3359/3359/3359
f 3358/3358/3358 3328/3328/3328 3335/3335/3335 3236/3236/3236
f 3368/3368/3368 3353/3353/3353 3350/3350/3350 3367/3367/3367
f 3360/3360/3360 3116/3116/3116 3329/3329/3329 3374/3374/3374
f 3357/3357/3357 3179/3179/3179 3178/3178/3178 3168/3168/3168
f 3370/3370/3370 3182/3182/3182 3193/3193/3193 3225/3225/3225
f 3225/3225/3225 3193/3193/3193 3191/3191/3191 3192/3192/3192
f 3192/3192/3192 3191/3191/3191 3161/3161/3161 3375/3375/3375
f 3374/3374/3374 3329/3329/3329 3255/3255/3255 3376/3376/3376
f 3300/3300/3300 3231/3231/3231 3229/3229/3229 3377/3377/3377
f 3376/3376/3376 3255/3255/3255 3238/3238/3238 3302/3302/3302
f 3302/3302/3302 3238/3238/3238 3358/3358/3358 3236/3236/3236
f 3340/3340/3340 3214/3214/3214 3362/3362/3362 3170/3170/3170
f 3349/3349/3349 3166/3166/3166 3200/3200/3200 3177/3177/3177
f 3356/3356/3356 3188/3188/3188 3381/3381/3381 3174/3174/3174
f 3161/3161/3161 3168/3168/3168 3178/3178/3178 3378/3378/3378
f 3378/3378/3378 3178/3178/3178 3365/3365/3365 3222/3222/3222
f 3222/3222/3222 3365/3365/3365 3195/3195/3195 3162/3162/3162
f 3162/3162/3162 3195/3195/3195 3240/3240/3240 3379/3379/3379
f 3379/3379/3379 3240/3240/3240 3364/3364/3364 3239/3239/3239
f 3239/3239/3239 3226/3226/3226 3380/3380/3380 3379/3379/3379
f 3226/3226/3226 3369/3369/3369 3194/3194/3194 3380/3380/3380
f 3230/3230/3230 3370/3370/3370 3225/3225/3225 3250/3250/3250
f 3186/3186/3186 3174/3174/3174 3381/3381/3381 3382/3382/3382
f 3383/3383/3383 3229/3229/3229 3230/3230/3230 3250/3250/3250
f 3184/3184/3184 3363/3363/3363 3362/3362/3362 3401/3401/3401
f 3366/3366/3366 3177/3177/3177 3200/3200/3200 3384/3384/3384
f 3385/3385/3385 3367/3367/3367 3366/3366/3366 3384/3384/3384
f 3322/3322/3322 3321/3321/3321 3368/3368/3368 3367/3367/3367
f 3184/3184/3184 3369/3369/3369 3169/3169/3169 3363/3363/3363
f 3210/3210/3210 3300/3300/3300 3158/3158/3158 3208/3208/3208
f 3166/3166/3166 3210/3210/3210 3208/3208/3208 3233/3233/3233
f 3386/3386/3386 3241/3241/3241 3163/3163/3163 3387/3387/3387
f 3387/3387/3387 3163/3163/3163 3201/3201/3201 3388/3388/3388
f 3371/3371/3371 3244/3244/3244 3220/3220/3220 3389/3389/3389
f 3244/3244/3244 3165/3165/3165 3256/3256/3256 3220/3220/3220
f 3390/3390/3390 3217/3217/3217 3371/3371/3371 3389/3389/3389
f 3202/3202/3202 3217/3217/3217 3269/3269/3269 3288/3288/3288
f 3198/3198/3198 3175/3175/3175 3196/3196/3196 3391/3391/3391
f 3391/3391/3391 3196/3196/3196 3199/3199/3199 3207/3207/3207
f 3372/3372/3372 3175/3175/3175 3198/3198/3198 3197/3197/3197
f 3188/3188/3188 3372/3372/3372 3197/3197/3197 3164/3164/3164
f 3214/3214/3214 3241/3241/3241 3213/3213/3213 3392/3392/3392
f 3324/3324/3324 3382/3382/3382 3203/3203/3203 3219/3219/3219
f 3325/3325/3325 3323/3323/3323 3324/3324/3324 3219/3219/3219
f 3393/3393/3393 3242/3242/3242 3323/3323/3323 3325/3325/3325
f 3394/3394/3394 3251/3251/3251 3242/3242/3242 3393/3393/3393
f 3395/3395/3395 3301/3301/3301 3235/3235/3235 3318/3318/3318
f 3315/3315/3315 3373/3373/3373 3301/3301/3301 3395/3395/3395
f 3316/3316/3316 3237/3237/3237 3373/3373/3373 3315/3315/3315
f 3361/3361/3361 3360/3360/3360 3160/3160/3160 3215/3215/3215
f 3165/3165/3165 3361/3361/3361 3215/3215/3215 3256/3256/3256
f 3207/3207/3207 3199/3199/3199 3321/3321/3321 3322/3322/3322
f 3201/3201/3201 3202/3202/3202 3288/3288/3288 3388/3388/3388
f 3318/3318/3318 3235/3235/3235 3251/3251/3251 3394/3394/3394
f 3381/3381/3381 3188/3188/3188 3164/3164/3164 3382/3382/3382
f 3250/3250/3250 3225/3225/3225 3192/3192/3192 3286/3286/3286
f 3166/3166/3166 3233/3233/3233 3411/3411/3411 3200/3200/3200
f 3236/3236/3236 3359/3359/3359 3303/3303/3303 3302/3302/3302
f 3359/3359/3359 3237/3237/3237 3316/3316/3316 3397/3397/3397
f 3158/3158/3158 3300/3300/3300 3377/3377/3377 3398/3398/3398
f 3316/3316/3316 3315/3315/3315 3314/3314/3314 3397/3397/3397
f 3314/3314/3314 3315/3315/3315 3395/3395/3395 3317/3317/3317
f 3160/3160/3160 3360/3360/3360 3374/3374/3374 3399/3399/3399
f 3399/3399/3399 3374/3374/3374 3376/3376/3376 3400/3400/3400
f 3400/3400/3400 3376/3376/3376 3302/3302/3302 3303/3303/3303
f 3369/3369/3369 3184/3184/3184 3401/3401/3401 3194/3194/3194
f 3286/3286/3286 3192/3192/3192 3375/3375/3375 3159/3159/3159
f 3375/3375/3375 3161/3161/3161 3378/3378/3378 3221/3221/3221
f 3221/3221/3221 3378/3378/3378 3222/3222/3222 3224/3224/3224
f 3224/3224/3224 3222/3222/3222 3162/3162/3162 3223/3223/3223
f 3223/3223/3223 3162/3162/3162 3379/3379/3379 3380/3380/3380
f 3229/3229/3229 3383/3383/3383 3402/3402/3402 3377/3377/3377
f 3322/3322/3322 3367/3367/3367 3385/3385/3385 3209/3209/3209
f 3213/3213/3213 3241/3241/3241 3386/3386/3386 3403/3403/3403
f 3386/3386/3386 3387/3387/3387 3404/3404/3404 3403/3403/3403
f 3387/3387/3387 3388/3388/3388 3247/3247/3247 3404/3404/3404
f 3269/3269/3269 3217/3217/3217 3390/3390/3390 3405/3405/3405
f 3214/3214/3214 3392/3392/3392 3401/3401/3401 3362/3362/3362
f 3317/3317/3317 3395/3395/3395 3318/3318/3318 3211/3211/3211
f 3243/3243/3243 3215/3215/3215 3160/3160/3160 3399/3399/3399
f 3256/3256/3256 3215/3215/3215 3243/3243/3243 3406/3406/3406
f 3203/3203/3203 3382/3382/3382 3164/3164/3164 3204/3204/3204
f 3204/3204/3204 3164/3164/3164 3197/3197/3197 3248/3248/3248
f 3248/3248/3248 3197/3197/3197 3198/3198/3198 3407/3407/3407
f 3407/3407/3407 3198/3198/3198 3391/3391/3391 3408/3408/3408
f 3408/3408/3408 3391/3391/3391 3207/3207/3207 3205/3205/3205
f 3220/3220/3220 3256/3256/3256 3406/3406/3406 3409/3409/3409
f 3389/3389/3389 3220/3220/3220 3409/3409/3409 3268/3268/3268
f 3390/3390/3390 3389/3389/3389 3268/3268/3268 3405/3405/3405
f 3384/3384/3384 3200/3200/3200 3411/3411/3411 3410/3410/3410
f 3396/3396/3396 3410/3410/3410 3411/3411/3411 3233/3233/3233
f 3384/3384/3384 3410/3410/3410 3206/3206/3206 3385/3385/3385
f 3208/3208/3208 3158/3158/3158 3424/3424/3424 3234/3234/3234
f 3232/3232/3232 3233/3233/3233 3208/3208/3208 3234/3234/3234
f 3392/3392/3392 3213/3213/3213 3413/3413/3413 3283/3283/3283
f 3219/3219/3219 3203/3203/3203 3414/3414/3414 3313/3313/3313
f 3415/3415/3415 3325/3325/3325 3219/3219/3219 3313/3313/3313
f 3319/3319/3319 3393/3393/3393 3325/3325/3325 3415/3415/3415
f 3394/3394/3394 3393/3393/3393 3319/3319/3319 3320/3320/3320
f 3383/3383/3383 3250/3250/3250 3287/3287/3287 3289/3289/3289
f 3288/3288/3288 3269/3269/3269 3267/3267/3267 3416/3416/3416
f 3388/3388/3388 3288/3288/3288 3416/3416/3416 3247/3247/3247
f 3207/3207/3207 3322/3322/3322 3209/3209/3209 3205/3205/3205
f 3211/3211/3211 3318/3318/3318 3394/3394/3394 3320/3320/3320
f 3413/3413/3413 3213/3213/3213 3403/3403/3403 3417/3417/3417
f 3403/3403/3403 3404/3404/3404 3261/3261/3261 3417/3417/3417
f 3206/3206/3206 3410/3410/3410 3396/3396/3396 3249/3249/3249
f 3414/3414/3414 3203/3203/3203 3204/3204/3204 3418/3418/3418
f 3418/3418/3418 3204/3204/3204 3248/3248/3248 3293/3293/3293
f 3396/3396/3396 3233/3233/3233 3232/3232/3232 3419/3419/3419
f 3287/3287/3287 3250/3250/3250 3286/3286/3286 3420/3420/3420
f 3420/3420/3420 3286/3286/3286 3159/3159/3159 3246/3246/3246
f 3159/3159/3159 3375/3375/3375 3221/3221/3221 3224/3224/3224
f 3243/3243/3243 3399/3399/3399 3400/3400/3400 3157/3157/3157
f 3398/3398/3398 3377/3377/3377 3402/3402/3402 3421/3421/3421
f 3402/3402/3402 3383/3383/3383 3289/3289/3289 3421/3421/3421
f 3209/3209/3209 3385/3385/3385 3206/3206/3206 3249/3249/3249
f 3401/3401/3401 3392/3392/3392 3283/3283/3283 3194/3194/3194
f 3303/3303/3303 3359/3359/3359 3397/3397/3397 3305/3305/3305
f 3305/3305/3305 3397/3397/3397 3314/3314/3314 3304/3304/3304
f 3400/3400/3400 3303/3303/3303 3305/3305/3305 3157/3157/3157
f 3304/3304/3304 3314/3314/3314 3317/3317/3317 3312/3312/3312
f 3312/3312/3312 3317/3317/3317 3211/3211/3211 3422/3422/3422
f 3424/3424/3424 3158/3158/3158 3398/3398/3398 3423/3423/3423
f 3424/3424/3424 3423/3423/3423 3412/3412/3412 3234/3234/3234
f 3269/3269/3269 3405/3405/3405 3425/3425/3425 3267/3267/3267
f 3293/3293/3293 3248/3248/3248 3407/3407/3407 3228/3228/3228
f 3228/3228/3228 3407/3407/3407 3408/3408/3408 3426/3426/3426
f 3426/3426/3426 3408/3408/3408 3205/3205/3205 3427/3427/3427
f 3405/3405/3405 3268/3268/3268 3279/3279/3279 3425/3425/3425
f 3245/3245/3245 3380/3380/3380 3194/3194/3194 3283/3283/3283
f 3245/3245/3245 3283/3283/3283 3413/3413/3413 3428/3428/3428
f 3223/3223/3223 3380/3380/3380 3245/3245/3245 3246/3246/3246
f 3224/3224/3224 3223/3223/3223 3246/3246/3246 3159/3159/3159
f 3423/3423/3423 3398/3398/3398 3421/3421/3421 3290/3290/3290
f 3412/3412/3412 3423/3423/3423 3290/3290/3290 3429/3429/3429
f 3234/3234/3234 3412/3412/3412 3266/3266/3266 3232/3232/3232
f 3257/3257/3257 3268/3268/3268 3409/3409/3409 3258/3258/3258
f 3258/3258/3258 3409/3409/3409 3406/3406/3406 3430/3430/3430
f 3406/3406/3406 3243/3243/3243 3157/3157/3157 3430/3430/3430
f 3313/3313/3313 3414/3414/3414 3298/3298/3298 3309/3309/3309
f 3415/3415/3415 3313/3313/3313 3309/3309/3309 3431/3431/3431
f 3319/3319/3319 3415/3415/3415 3431/3431/3431 3320/3320/3320
f 3416/3416/3416 3267/3267/3267 3227/3227/3227 3432/3432/3432
f 3289/3289/3289 3287/3287/3287 3434/3434/3434 3433/3433/3433
f 3404/3404/3404 3247/3247/3247 3263/3263/3263 3261/3261/3261
f 3205/3205/3205 3209/3209/3209 3249/3249/3249 3427/3427/3427
f 3211/3211/3211 3320/3320/3320 3431/3431/3431 3422/3422/3422
f 3247/3247/3247 3416/3416/3416 3432/3432/3432 3263/3263/3263
f 3157/3157/3157 3305/3305/3305 3304/3304/3304 3430/3430/3430
f 3249/3249/3249 3396/3396/3396 3419/3419/3419 3427/3427/3427
f 3421/3421/3421 3289/3289/3289 3433/3433/3433 3290/3290/3290
f 3232/3232/3232 3266/3266/3266 3274/3274/3274 3419/3419/3419
f 3246/3246/3246 3245/3245/3245 3428/3428/3428 3420/3420/3420
f 3428/3428/3428 3413/3413/3413 3417/3417/3417 3259/3259/3259
f 3279/3279/3279 3268/3268/3268 3257/3257/3257 3435/3435/3435
f 3412/3412/3412 3429/3429/3429 3265/3265/3265 3266/3266/3266
f 3267/3267/3267 3425/3425/3425 3277/3277/3277 3227/3227/3227
f 3425/3425/3425 3279/3279/3279 3281/3281/3281 3277/3277/3277
f 3298/3298/3298 3414/3414/3414 3418/3418/3418 3294/3294/3294
f 3294/3294/3294 3418/3418/3418 3293/3293/3293 3295/3295/3295
f 3295/3295/3295 3293/3293/3293 3228/3228/3228 3292/3292/3292
f 3292/3292/3292 3228/3228/3228 3426/3426/3426 3427/3427/3427
f 3304/3304/3304 3312/3312/3312 3310/3310/3310 3430/3430/3430
f 3312/3312/3312 3422/3422/3422 3307/3307/3307 3310/3310/3310
f 3258/3258/3258 3430/3430/3430 3310/3310/3310 3436/3436/3436
f 3257/3257/3257 3258/3258/3258 3436/3436/3436 3311/3311/3311
f 3429/3429/3429 3290/3290/3290 3433/3433/3433 3285/3285/3285
f 3285/3285/3285 3433/3433/3433 3434/3434/3434 3284/3284/3284
f 3434/3434/3434 3287/3287/3287 3420/3420/3420 3284/3284/3284
f 3261/3261/3261 3263/3263/3263 3264/3264/3264 3438/3438/3438
f 3432/3432/3432 3227/3227/3227 3272/3272/3272 3270/3270/3270
f 3309/3309/3309 3298/3298/3298 3297/3297/3297 3437/3437/3437
f 3431/3431/3431 3309/3309/3309 3437/3437/3437 3422/3422/3422
f 3263/3263/3263 3432/3432/3432 3270/3270/3270 3264/3264/3264
f 3284/3284/3284 3420/3420/3420 3428/3428/3428 3259/3259/3259
f 3227/3227/3227 3277/3277/3277 3276/3276/3276 3272/3272/3272
f 3419/3419/3419 3274/3274/3274 3299/3299/3299 3427/3427/3427
f 3435/3435/3435 3257/3257/3257 3311/3311/3311 3282/3282/3282
f 3417/3417/3417 3261/3261/3261 3438/3438/3438 3259/3259/3259
f 3266/3266/3266 3265/3265/3265 3439/3439/3439 3274/3274/3274
f 3276/3276/3276 3277/3277/3277 3281/3281/3281 3440/3440/3440
f 3298/3298/3298 3294/3294/3294 3296/3296/3296 3297/3297/3297
f 3294/3294/3294 3295/3295/3295 3441/3441/3441 3296/3296/3296
f 3295/3295/3295 3292/3292/3292 3442/3442/3442 3441/3441/3441
f 3292/3292/3292 3427/3427/3427 3299/3299/3299 3442/3442/3442
f 3307/3307/3307 3422/3422/3422 3437/3437/3437 3308/3308/3308
f 3308/3308/3308 3437/3437/3437 3297/3297/3297 3306/3306/3306
f 3436/3436/3436 3310/3310/3310 3307/3307/3307 3308/3308/3308
f 3265/3265/3265 3429/3429/3429 3285/3285/3285 3260/3260/3260
f 3260/3260/3260 3285/3285/3285 3284/3284/3284 3259/3259/3259
f 3281/3281/3281 3279/3279/3279 3435/3435/3435 3440/3440/3440
f 3311/3311/3311 3436/3436/3436 3308/3308/3308 3306/3306/3306
f 3262/3262/3262 3438/3438/3438 3264/3264/3264 3291/3291/3291
f 3273/3273/3273 3270/3270/3270 3272/3272/3272 3275/3275/3275
f 3291/3291/3291 3264/3264/3264 3270/3270/3270 3273/3273/3273
f 3260/3260/3260 3259/3259/3259 3438/3438/3438 3262/3262/3262
f 3265/3265/3265 3260/3260/3260 3262/3262/3262 3439/3439/3439
f 3274/3274/3274 3439/3439/3439 3443/3443/3443 3299/3299/3299
f 3262/3262/3262 3291/3291/3291 3443/3443/3443 3439/3439/3439
f 3272/3272/3272 3276/3276/3276 3278/3278/3278 3275/3275/3275
f 3440/3440/3440 3435/3435/3435 3282/3282/3282 3444/3444/3444
f 3276/3276/3276 3440/3440/3440 3444/3444/3444 3278/3278/3278
f 3297/3297/3297 3296/3296/3296 3280/3280/3280 3306/3306/3306
f 3282/3282/3282 3311/3311/3311 3306/3306/3306 3280/3280/3280
f 3296/3296/3296 3441/3441/3441 3271/3271/3271 3280/3280/3280
f 3271/3271/3271 3441/3441/3441 3442/3442/3442 3275/3275/3275
f 3442/3442/3442 3299/3299/3299 3273/3273/3273 3275/3275/3275
f 3443/3443/3443 3291/3291/3291 3273/3273/3273 3299/3299/3299
f 3444/3444/3444 3282/3282/3282 3280/3280/3280 3271/3271/3271
f 3271/3271/3271 3275/3275/3275 3278/3278/3278 3444/3444/3444
s 1
usemtl FABRIC_1_FRONT_1947
f 3588/3588/3588 3561/3561/3561 3797/3797/3797
f 3637/3637/3637 3625/3625/3625 3796/3796/3796
f 3690/3690/3690 3689/3689/3689 3874/3874/3874
f 3754/3754/3754 3512/3512/3512 3445/3445/3445 3755/3755/3755
f 3446/3446/3446 3447/3447/3447 3592/3592/3592 3756/3756/3756
f 3447/3447/3447 3448/3448/3448 3757/3757/3757 3592/3592/3592
f 3758/3758/3758 3449/3449/3449 3450/3450/3450 3759/3759/3759
f 3451/3451/3451 3452/3452/3452 3636/3636/3636 3760/3760/3760
f 3452/3452/3452 3453/3453/3453 3607/3607/3607 3636/3636/3636
f 3453/3453/3453 3454/3454/3454 3579/3579/3579 3607/3607/3607
f 3579/3579/3579 3454/3454/3454 3455/3455/3455 3578/3578/3578
f 3578/3578/3578 3455/3455/3455 3456/3456/3456 3761/3761/3761
f 3761/3761/3761 3456/3456/3456 3457/3457/3457 3762/3762/3762
f 3458/3458/3458 3459/3459/3459 3585/3585/3585 3763/3763/3763
f 3459/3459/3459 3460/3460/3460 3586/3586/3586 3585/3585/3585
f 3460/3460/3460 3461/3461/3461 3764/3764/3764 3586/3586/3586
f 3462/3462/3462 3463/3463/3463 3765/3765/3765 3538/3538/3538
f 3526/3526/3526 3828/3828/3828 3539/3539/3539
f 3766/3766/3766 3465/3465/3465 3466/3466/3466 3560/3560/3560
f 3560/3560/3560 3466/3466/3466 3467/3467/3467 3580/3580/3580
f 3467/3467/3467 3468/3468/3468 3581/3581/3581 3580/3580/3580
f 3468/3468/3468 3469/3469/3469 3582/3582/3582 3581/3581/3581
f 3469/3469/3469 3470/3470/3470 3583/3583/3583 3582/3582/3582
f 3472/3472/3472 3473/3473/3473 3768/3768/3768 3767/3767/3767
f 3474/3474/3474 3475/3475/3475 3769/3769/3769 3770/3770/3770
f 3479/3479/3479 3480/3480/3480 3627/3627/3627 3772/3772/3772
f 3480/3480/3480 3481/3481/3481 3603/3603/3603 3627/3627/3627
f 3603/3603/3603 3481/3481/3481 3482/3482/3482 3773/3773/3773
f 3773/3773/3773 3482/3482/3482 3483/3483/3483 3774/3774/3774
f 3774/3774/3774 3483/3483/3483 3484/3484/3484 3566/3566/3566
f 3566/3566/3566 3484/3484/3484 3485/3485/3485 3775/3775/3775
f 3775/3775/3775 3485/3485/3485 3486/3486/3486 3776/3776/3776
f 3776/3776/3776 3486/3486/3486 3487/3487/3487 3777/3777/3777
f 3488/3488/3488 3489/3489/3489 3779/3779/3779 3778/3778/3778
f 3489/3489/3489 3490/3490/3490 3780/3780/3780 3779/3779/3779
f 3491/3491/3491 3492/3492/3492 3606/3606/3606 3781/3781/3781
f 3492/3492/3492 3493/3493/3493 3573/3573/3573 3606/3606/3606
f 3493/3493/3493 3494/3494/3494 3782/3782/3782 3573/3573/3573
f 3782/3782/3782 3494/3494/3494 3495/3495/3495 3569/3569/3569
f 3569/3569/3569 3495/3495/3495 3496/3496/3496 3571/3571/3571
f 3783/3783/3783 3497/3497/3497 3498/3498/3498 3547/3547/3547
f 3547/3547/3547 3498/3498/3498 3499/3499/3499 3546/3546/3546
f 3499/3499/3499 3500/3500/3500 3784/3784/3784 3546/3546/3546
f 3785/3785/3785 3502/3502/3502 3503/3503/3503 3525/3525/3525
f 3525/3525/3525 3503/3503/3503 3504/3504/3504 3522/3522/3522
f 3522/3522/3522 3504/3504/3504 3505/3505/3505 3786/3786/3786
f 3521/3521/3521 3506/3506/3506 3507/3507/3507 3520/3520/3520
f 3787/3787/3787 3508/3508/3508 3509/3509/3509 3788/3788/3788
f 3788/3788/3788 3509/3509/3509 3510/3510/3510 3789/3789/3789
f 3789/3789/3789 3510/3510/3510 3511/3511/3511 3790/3790/3790
f 3445/3445/3445 3446/3446/3446 3756/3756/3756 3755/3755/3755
f 3461/3461/3461 3462/3462/3462 3538/3538/3538 3764/3764/3764
f 3490/3490/3490 3491/3491/3491 3781/3781/3781 3780/3780/3780
f 3571/3571/3571 3496/3496/3496 3497/3497/3497 3783/3783/3783
f 3786/3786/3786 3505/3505/3505 3506/3506/3506 3521/3521/3521
f 3475/3475/3475 3476/3476/3476 3591/3591/3591 3769/3769/3769
f 3512/3512/3512 3754/3754/3754 3790/3790/3790 3511/3511/3511
f 3449/3449/3449 3758/3758/3758 3593/3593/3593 3448/3448/3448
f 3451/3451/3451 3760/3760/3760 3759/3759/3759 3450/3450/3450
f 3457/3457/3457 3458/3458/3458 3763/3763/3763 3762/3762/3762
f 3465/3465/3465 3766/3766/3766 3558/3558/3558 3464/3464/3464
f 3472/3472/3472 3767/3767/3767 3619/3619/3619 3471/3471/3471
f 3474/3474/3474 3770/3770/3770 3590/3590/3590 3473/3473/3473
f 3477/3477/3477 3771/3771/3771 3598/3598/3598 3476/3476/3476
f 3478/3478/3478 3479/3479/3479 3772/3772/3772 3801/3801/3801
f 3487/3487/3487 3488/3488/3488 3778/3778/3778 3777/3777/3777
f 3502/3502/3502 3785/3785/3785 3530/3530/3530 3501/3501/3501
f 3508/3508/3508 3787/3787/3787 3520/3520/3520 3507/3507/3507
f 3519/3519/3519 3784/3784/3784 3500/3500/3500 3501/3501/3501
f 3792/3792/3792 3470/3470/3470 3471/3471/3471 3619/3619/3619
f 3757/3757/3757 3448/3448/3448 3593/3593/3593 3793/3793/3793
f 3592/3592/3592 3757/3757/3757 3793/3793/3793 3794/3794/3794
f 3756/3756/3756 3592/3592/3592 3794/3794/3794 3795/3795/3795
f 3562/3562/3562 3758/3758/3758 3759/3759/3759 3796/3796/3796
f 3798/3798/3798 3761/3761/3761 3762/3762/3762 3797/3797/3797
f 3621/3621/3621 3578/3578/3578 3761/3761/3761 3798/3798/3798
f 3635/3635/3635 3579/3579/3579 3578/3578/3578 3621/3621/3621
f 3607/3607/3607 3579/3579/3579 3635/3635/3635 3652/3652/3652
f 3636/3636/3636 3607/3607/3607 3652/3652/3652 3563/3563/3563
f 3760/3760/3760 3636/3636/3636 3563/3563/3563 3637/3637/3637
f 3558/3558/3558 3765/3765/3765 3463/3463/3463 3464/3464/3464
f 3768/3768/3768 3473/3473/3473 3590/3590/3590 3799/3799/3799
f 3767/3767/3767 3768/3768/3768 3799/3799/3799 3800/3800/3800
f 3478/3478/3478 3801/3801/3801 3771/3771/3771 3477/3477/3477
f 3803/3803/3803 3776/3776/3776 3777/3777/3777 3802/3802/3802
f 3599/3599/3599 3775/3775/3775 3776/3776/3776 3803/3803/3803
f 3602/3602/3602 3566/3566/3566 3775/3775/3775 3599/3599/3599
f 3804/3804/3804 3774/3774/3774 3566/3566/3566 3602/3602/3602
f 3701/3701/3701 3773/3773/3773 3774/3774/3774 3804/3804/3804
f 3603/3603/3603 3773/3773/3773 3701/3701/3701 3700/3700/3700
f 3627/3627/3627 3603/3603/3603 3700/3700/3700 3565/3565/3565
f 3772/3772/3772 3627/3627/3627 3565/3565/3565 3626/3626/3626
f 3806/3806/3806 3789/3789/3789 3790/3790/3790 3805/3805/3805
f 3807/3807/3807 3788/3788/3788 3789/3789/3789 3806/3806/3806
f 3523/3523/3523 3787/3787/3787 3788/3788/3788 3807/3807/3807
f 3515/3515/3515 3785/3785/3785 3525/3525/3525 3524/3524/3524
f 3524/3524/3524 3525/3525/3525 3522/3522/3522 3808/3808/3808
f 3808/3808/3808 3522/3522/3522 3786/3786/3786 3516/3516/3516
f 3754/3754/3754 3755/3755/3755 3810/3810/3810 3809/3809/3809
f 3811/3811/3811 3546/3546/3546 3784/3784/3784 3531/3531/3531
f 3539/3539/3539 3766/3766/3766 3560/3560/3560 3587/3587/3587
f 3587/3587/3587 3560/3560/3560 3580/3580/3580 3812/3812/3812
f 3580/3580/3580 3581/3581/3581 3813/3813/3813 3812/3812/3812
f 3581/3581/3581 3582/3582/3582 3814/3814/3814 3813/3813/3813
f 3582/3582/3582 3583/3583/3583 3815/3815/3815 3814/3814/3814
f 3583/3583/3583 3470/3470/3470 3792/3792/3792 3638/3638/3638
f 3816/3816/3816 3782/3782/3782 3569/3569/3569 3570/3570/3570
f 3570/3570/3570 3569/3569/3569 3571/3571/3571 3548/3548/3548
f 3573/3573/3573 3782/3782/3782 3816/3816/3816 3605/3605/3605
f 3606/3606/3606 3573/3573/3573 3605/3605/3605 3817/3817/3817
f 3781/3781/3781 3606/3606/3606 3817/3817/3817 3629/3629/3629
f 3547/3547/3547 3546/3546/3546 3818/3818/3818 3819/3819/3819
f 3820/3820/3820 3783/3783/3783 3547/3547/3547 3819/3819/3819
f 3586/3586/3586 3764/3764/3764 3821/3821/3821 3620/3620/3620
f 3585/3585/3585 3586/3586/3586 3620/3620/3620 3822/3822/3822
f 3763/3763/3763 3585/3585/3585 3822/3822/3822 3588/3588/3588
f 3778/3778/3778 3779/3779/3779 3823/3823/3823 3568/3568/3568
f 3779/3779/3779 3780/3780/3780 3824/3824/3824 3823/3823/3823
f 3770/3770/3770 3769/3769/3769 3624/3624/3624 3623/3623/3623
f 3538/3538/3538 3765/3765/3765 3526/3526/3526 3559/3559/3559
f 3755/3755/3755 3756/3756/3756 3795/3795/3795 3810/3810/3810
f 3764/3764/3764 3538/3538/3538 3559/3559/3559 3821/3821/3821
f 3780/3780/3780 3781/3781/3781 3629/3629/3629 3824/3824/3824
f 3805/3805/3805 3790/3790/3790 3754/3754/3754 3809/3809/3809
f 3762/3762/3762 3763/3763/3763 3588/3588/3588 3797/3797/3797
f 3619/3619/3619 3767/3767/3767 3800/3800/3800 3792/3792/3792
f 3777/3777/3777 3778/3778/3778 3568/3568/3568 3802/3802/3802
f 3571/3571/3571 3783/3783/3783 3820/3820/3820 3548/3548/3548
f 3786/3786/3786 3521/3521/3521 3791/3791/3791 3516/3516/3516
f 3591/3591/3591 3476/3476/3476 3598/3598/3598 3825/3825/3825
f 3624/3624/3624 3769/3769/3769 3591/3591/3591 3825/3825/3825
f 3530/3530/3530 3785/3785/3785 3515/3515/3515 3556/3556/3556
f 3815/3815/3815 3583/3583/3583 3638/3638/3638 3826/3826/3826
f 3758/3758/3758 3562/3562/3562 3827/3827/3827 3593/3593/3593
f 3760/3760/3760 3637/3637/3637 3796/3796/3796 3759/3759/3759
f 3766/3766/3766 3539/3539/3539 3828/3828/3828 3558/3558/3558
f 3828/3828/3828 3526/3526/3526 3765/3765/3765 3558/3558/3558
f 3590/3590/3590 3770/3770/3770 3623/3623/3623 3622/3622/3622
f 3772/3772/3772 3626/3626/3626 3829/3829/3829 3801/3801/3801
f 3784/3784/3784 3519/3519/3519 3517/3517/3517 3531/3531/3531
f 3787/3787/3787 3523/3523/3523 3518/3518/3518 3520/3520/3520
f 3519/3519/3519 3501/3501/3501 3530/3530/3530 3517/3517/3517
f 3818/3818/3818 3546/3546/3546 3811/3811/3811 3830/3830/3830
f 3831/3831/3831 3799/3799/3799 3590/3590/3590 3622/3622/3622
f 3800/3800/3800 3799/3799/3799 3831/3831/3831 3654/3654/3654
f 3791/3791/3791 3521/3521/3521 3520/3520/3520 3518/3518/3518
f 3793/3793/3793 3593/3593/3593 3827/3827/3827 3596/3596/3596
f 3794/3794/3794 3793/3793/3793 3596/3596/3596 3595/3595/3595
f 3795/3795/3795 3794/3794/3794 3595/3595/3595 3545/3545/3545
f 3515/3515/3515 3524/3524/3524 3832/3832/3832 3557/3557/3557
f 3524/3524/3524 3808/3808/3808 3537/3537/3537 3832/3832/3832
f 3808/3808/3808 3516/3516/3516 3534/3534/3534 3537/3537/3537
f 3807/3807/3807 3806/3806/3806 3532/3532/3532 3833/3833/3833
f 3532/3532/3532 3806/3806/3806 3805/3805/3805 3834/3834/3834
f 3523/3523/3523 3807/3807/3807 3833/3833/3833 3553/3553/3553
f 3559/3559/3559 3526/3526/3526 3725/3725/3725 3835/3835/3835
f 3811/3811/3811 3531/3531/3531 3681/3681/3681 3549/3549/3549
f 3539/3539/3539 3587/3587/3587 3725/3725/3725 3526/3526/3526
f 3572/3572/3572 3816/3816/3816 3570/3570/3570 3836/3836/3836
f 3836/3836/3836 3570/3570/3570 3548/3548/3548 3551/3551/3551
f 3605/3605/3605 3816/3816/3816 3572/3572/3572 3574/3574/3574
f 3817/3817/3817 3605/3605/3605 3574/3574/3574 3630/3630/3630
f 3629/3629/3629 3817/3817/3817 3630/3630/3630 3634/3634/3634
f 3551/3551/3551 3819/3819/3819 3818/3818/3818 3837/3837/3837
f 3820/3820/3820 3819/3819/3819 3551/3551/3551 3548/3548/3548
f 3838/3838/3838 3635/3635/3635 3621/3621/3621 3589/3589/3589
f 3589/3589/3589 3621/3621/3621 3798/3798/3798 3839/3839/3839
f 3839/3839/3839 3798/3798/3798 3797/3797/3797 3561/3561/3561
f 3650/3650/3650 3652/3652/3652 3635/3635/3635 3838/3838/3838
f 3563/3563/3563 3652/3652/3652 3650/3650/3650 3653/3653/3653
f 3637/3637/3637 3563/3563/3563 3653/3653/3653 3625/3625/3625
f 3609/3609/3609 3812/3812/3812 3813/3813/3813 3608/3608/3608
f 3587/3587/3587 3812/3812/3812 3609/3609/3609 3725/3725/3725
f 3608/3608/3608 3813/3813/3813 3814/3814/3814 3639/3639/3639
f 3639/3639/3639 3814/3814/3814 3815/3815/3815 3826/3826/3826
f 3620/3620/3620 3821/3821/3821 3584/3584/3584 3540/3540/3540
f 3822/3822/3822 3620/3620/3620 3540/3540/3540 3728/3728/3728
f 3588/3588/3588 3822/3822/3822 3728/3728/3728 3561/3561/3561
f 3626/3626/3626 3565/3565/3565 3698/3698/3698 3542/3542/3542
f 3565/3565/3565 3700/3700/3700 3699/3699/3699 3698/3698/3698
f 3700/3700/3700 3701/3701/3701 3703/3703/3703 3699/3699/3699
f 3703/3703/3703 3701/3701/3701 3804/3804/3804 3705/3705/3705
f 3705/3705/3705 3804/3804/3804 3602/3602/3602 3543/3543/3543
f 3543/3543/3543 3602/3602/3602 3599/3599/3599 3746/3746/3746
f 3599/3599/3599 3803/3803/3803 3567/3567/3567 3746/3746/3746
f 3567/3567/3567 3803/3803/3803 3802/3802/3802 3600/3600/3600
f 3568/3568/3568 3823/3823/3823 3633/3633/3633 3601/3601/3601
f 3823/3823/3823 3824/3824/3824 3840/3840/3840 3633/3633/3633
f 3648/3648/3648 3841/3841/3841 3654/3654/3654
f 3638/3638/3638 3792/3792/3792 3841/3841/3841 3640/3640/3640
f 3646/3646/3646 3623/3623/3623 3624/3624/3624 3647/3647/3647
f 3809/3809/3809 3810/3810/3810 3709/3709/3709 3708/3708/3708
f 3842/3842/3842 3598/3598/3598 3771/3771/3771 3564/3564/3564
f 3843/3843/3843 3562/3562/3562 3796/3796/3796 3625/3625/3625
f 3834/3834/3834 3805/3805/3805 3809/3809/3809 3708/3708/3708
f 3810/3810/3810 3795/3795/3795 3545/3545/3545 3709/3709/3709
f 3802/3802/3802 3568/3568/3568 3601/3601/3601 3600/3600/3600
f 3841/3841/3841 3792/3792/3792 3800/3800/3800 3654/3654/3654
f 3821/3821/3821 3559/3559/3559 3835/3835/3835 3584/3584/3584
f 3824/3824/3824 3629/3629/3629 3634/3634/3634 3840/3840/3840
f 3531/3531/3531 3517/3517/3517 3680/3680/3680 3681/3681/3681
f 3517/3517/3517 3530/3530/3530 3556/3556/3556 3680/3680/3680
f 3523/3523/3523 3553/3553/3553 3844/3844/3844 3518/3518/3518
f 3556/3556/3556 3515/3515/3515 3557/3557/3557 3536/3536/3536
f 3837/3837/3837 3818/3818/3818 3830/3830/3830 3552/3552/3552
f 3551/3551/3551 3837/3837/3837 3550/3550/3550 3836/3836/3836
f 3830/3830/3830 3811/3811/3811 3549/3549/3549 3552/3552/3552
f 3561/3561/3561 3728/3728/3728 3845/3845/3845 3839/3839/3839
f 3728/3728/3728 3540/3540/3540 3727/3727/3727 3845/3845/3845
f 3540/3540/3540 3584/3584/3584 3724/3724/3724 3727/3727/3727
f 3647/3647/3647 3624/3624/3624 3825/3825/3825 3657/3657/3657
f 3825/3825/3825 3598/3598/3598 3842/3842/3842 3657/3657/3657
f 3835/3835/3835 3725/3725/3725 3609/3609/3609 3723/3723/3723
f 3623/3623/3623 3646/3646/3646 3846/3846/3846 3622/3622/3622
f 3826/3826/3826 3638/3638/3638 3640/3640/3640 3641/3641/3641
f 3791/3791/3791 3518/3518/3518 3844/3844/3844 3516/3516/3516
f 3831/3831/3831 3622/3622/3622 3648/3648/3648 3654/3654/3654
f 3771/3771/3771 3801/3801/3801 3829/3829/3829 3564/3564/3564
f 3829/3829/3829 3626/3626/3626 3542/3542/3542 3564/3564/3564
f 3827/3827/3827 3562/3562/3562 3843/3843/3843 3597/3597/3597
f 3534/3534/3534 3516/3516/3516 3844/3844/3844 3849/3849/3849
f 3639/3639/3639 3826/3826/3826 3641/3641/3641 3847/3847/3847
f 3610/3610/3610 3608/3608/3608 3639/3639/3639 3847/3847/3847
f 3723/3723/3723 3609/3609/3609 3608/3608/3608 3610/3610/3610
f 3596/3596/3596 3827/3827/3827 3597/3597/3597 3594/3594/3594
f 3715/3715/3715 3595/3595/3595 3596/3596/3596 3594/3594/3594
f 3716/3716/3716 3545/3545/3545 3595/3595/3595 3715/3715/3715
f 3529/3529/3529 3572/3572/3572 3836/3836/3836 3550/3550/3550
f 3574/3574/3574 3572/3572/3572 3529/3529/3529 3631/3631/3631
f 3630/3630/3630 3574/3574/3574 3631/3631/3631 3604/3604/3604
f 3634/3634/3634 3848/3848/3848 3840/3840/3840
f 3848/3848/3848 3634/3634/3634 3630/3630/3630 3604/3604/3604
f 3850/3850/3850 3537/3537/3537 3534/3534/3534 3849/3849/3849
f 3554/3554/3554 3832/3832/3832 3537/3537/3537 3850/3850/3850
f 3557/3557/3557 3832/3832/3832 3554/3554/3554 3513/3513/3513
f 3852/3852/3852 3532/3532/3532 3834/3834/3834 3851/3851/3851
f 3833/3833/3833 3532/3532/3532 3852/3852/3852 3533/3533/3533
f 3553/3553/3553 3833/3833/3833 3533/3533/3533 3555/3555/3555
f 3649/3649/3649 3650/3650/3650 3838/3838/3838 3616/3616/3616
f 3616/3616/3616 3838/3838/3838 3589/3589/3589 3726/3726/3726
f 3726/3726/3726 3589/3589/3589 3839/3839/3839 3845/3845/3845
f 3651/3651/3651 3653/3653/3653 3650/3650/3650 3649/3649/3649
f 3541/3541/3541 3625/3625/3625 3653/3653/3653 3651/3651/3651
f 3843/3843/3843 3625/3625/3625 3541/3541/3541 3597/3597/3597
f 3745/3745/3745 3705/3705/3705 3543/3543/3543 3744/3744/3744
f 3744/3744/3744 3543/3543/3543 3746/3746/3746 3747/3747/3747
f 3747/3747/3747 3746/3746/3746 3567/3567/3567 3600/3600/3600
f 3704/3704/3704 3703/3703/3703 3705/3705/3705 3745/3745/3745
f 3699/3699/3699 3703/3703/3703 3704/3704/3704 3853/3853/3853
f 3698/3698/3698 3699/3699/3699 3853/3853/3853 3854/3854/3854
f 3661/3661/3661 3542/3542/3542 3698/3698/3698 3854/3854/3854
f 3677/3677/3677 3549/3549/3549 3681/3681/3681 3687/3687/3687
f 3628/3628/3628 3842/3842/3842 3564/3564/3564 3542/3542/3542
f 3544/3544/3544 3601/3601/3601 3633/3633/3633 3632/3632/3632
f 3633/3633/3633 3840/3840/3840 3848/3848/3848 3632/3632/3632
f 3855/3855/3855 3640/3640/3640 3841/3841/3841 3648/3648/3648
f 3856/3856/3856 3646/3646/3646 3647/3647/3647 3658/3658/3658
f 3857/3857/3857 3708/3708/3708 3709/3709/3709 3711/3711/3711
f 3711/3711/3711 3709/3709/3709 3545/3545/3545 3716/3716/3716
f 3584/3584/3584 3835/3835/3835 3723/3723/3723 3724/3724/3724
f 3536/3536/3536 3557/3557/3557 3513/3513/3513 3732/3732/3732
f 3834/3834/3834 3708/3708/3708 3710/3710/3710 3851/3851/3851
f 3680/3680/3680 3556/3556/3556 3536/3536/3536 3858/3858/3858
f 3687/3687/3687 3681/3681/3681 3680/3680/3680 3858/3858/3858
f 3600/3600/3600 3601/3601/3601 3544/3544/3544 3747/3747/3747
f 3549/3549/3549 3677/3677/3677 3674/3674/3674 3552/3552/3552
f 3724/3724/3724 3723/3723/3723 3610/3610/3610 3611/3611/3611
f 3611/3611/3611 3610/3610/3610 3847/3847/3847 3613/3613/3613
f 3847/3847/3847 3641/3641/3641 3612/3612/3612 3613/3613/3613
f 3641/3641/3641 3640/3640/3640 3855/3855/3855 3612/3612/3612
f 3632/3632/3632 3848/3848/3848 3604/3604/3604 3694/3694/3694
f 3648/3648/3648 3622/3622/3622 3846/3846/3846 3859/3859/3859
f 3846/3846/3846 3646/3646/3646 3856/3856/3856 3859/3859/3859
f 3658/3658/3658 3647/3647/3647 3657/3657/3657 3860/3860/3860
f 3860/3860/3860 3657/3657/3657 3842/3842/3842 3628/3628/3628
f 3726/3726/3726 3845/3845/3845 3727/3727/3727 3615/3615/3615
f 3615/3615/3615 3727/3727/3727 3724/3724/3724 3611/3611/3611
f 3837/3837/3837 3552/3552/3552 3675/3675/3675 3550/3550/3550
f 3553/3553/3553 3555/3555/3555 3849/3849/3849 3844/3844/3844
f 3710/3710/3710 3708/3708/3708 3857/3857/3857 3576/3576/3576
f 3544/3544/3544 3632/3632/3632 3694/3694/3694 3747/3747/3747
f 3861/3861/3861 3529/3529/3529 3550/3550/3550 3675/3675/3675
f 3631/3631/3631 3529/3529/3529 3861/3861/3861 3702/3702/3702
f 3604/3604/3604 3631/3631/3631 3702/3702/3702 3694/3694/3694
f 3616/3616/3616 3726/3726/3726 3615/3615/3615 3614/3614/3614
f 3617/3617/3617 3649/3649/3649 3616/3616/3616 3614/3614/3614
f 3862/3862/3862 3651/3651/3651 3649/3649/3649 3617/3617/3617
f 3541/3541/3541 3651/3651/3651 3862/3862/3862 3713/3713/3713
f 3594/3594/3594 3597/3597/3597 3541/3541/3541 3713/3713/3713
f 3863/3863/3863 3715/3715/3715 3594/3594/3594 3713/3713/3713
f 3864/3864/3864 3716/3716/3716 3715/3715/3715 3863/3863/3863
f 3696/3696/3696 3744/3744/3744 3747/3747/3747 3694/3694/3694
f 3865/3865/3865 3745/3745/3745 3744/3744/3744 3696/3696/3696
f 3706/3706/3706 3704/3704/3704 3745/3745/3745 3865/3865/3865
f 3853/3853/3853 3704/3704/3704 3706/3706/3706 3707/3707/3707
f 3854/3854/3854 3853/3853/3853 3707/3707/3707 3695/3695/3695
f 3660/3660/3660 3661/3661/3661 3854/3854/3854 3695/3695/3695
f 3628/3628/3628 3542/3542/3542 3661/3661/3661 3866/3866/3866
f 3868/3868/3868 3513/3513/3513 3554/3554/3554 3867/3867/3867
f 3867/3867/3867 3554/3554/3554 3850/3850/3850 3535/3535/3535
f 3535/3535/3535 3850/3850/3850 3849/3849/3849 3555/3555/3555
f 3869/3869/3869 3555/3555/3555 3533/3533/3533 3575/3575/3575
f 3575/3575/3575 3533/3533/3533 3852/3852/3852 3851/3851/3851
f 3855/3855/3855 3648/3648/3648 3643/3643/3643 3642/3642/3642
f 3870/3870/3870 3856/3856/3856 3658/3658/3658 3659/3659/3659
f 3673/3673/3673 3677/3677/3677 3687/3687/3687 3871/3871/3871
f 3514/3514/3514 3857/3857/3857 3711/3711/3711 3872/3872/3872
f 3614/3614/3614 3615/3615/3615 3611/3611/3611 3613/3613/3613
f 3872/3872/3872 3711/3711/3711 3716/3716/3716 3864/3864/3864
f 3710/3710/3710 3576/3576/3576 3575/3575/3575 3851/3851/3851
f 3658/3658/3658 3860/3860/3860 3663/3663/3663 3659/3659/3659
f 3860/3860/3860 3628/3628/3628 3866/3866/3866 3663/3663/3663
f 3855/3855/3855 3642/3642/3642 3645/3645/3645 3612/3612/3612
f 3856/3856/3856 3870/3870/3870 3873/3873/3873 3859/3859/3859
f 3643/3643/3643 3648/3648/3648 3859/3859/3859 3873/3873/3873
f 3661/3661/3661 3660/3660/3660 3656/3656/3656 3866/3866/3866
f 3675/3675/3675 3552/3552/3552 3674/3674/3674 3874/3874/3874
f 3871/3871/3871 3687/3687/3687 3858/3858/3858 3729/3729/3729
f 3858/3858/3858 3536/3536/3536 3732/3732/3732 3729/3729/3729
f 3696/3696/3696 3694/3694/3694 3702/3702/3702 3682/3682/3682
f 3682/3682/3682 3702/3702/3702 3861/3861/3861 3689/3689/3689
f 3861/3861/3861 3675/3675/3675 3874/3874/3874 3689/3689/3689
f 3677/3677/3677 3673/3673/3673 3671/3671/3671 3674/3674/3674
f 3576/3576/3576 3857/3857/3857 3514/3514/3514 3577/3577/3577
f 3513/3513/3513 3868/3868/3868 3875/3875/3875 3732/3732/3732
f 3535/3535/3535 3555/3555/3555 3869/3869/3869 3751/3751/3751
f 3865/3865/3865 3696/3696/3696 3682/3682/3682 3691/3691/3691
f 3692/3692/3692 3706/3706/3706 3865/3865/3865 3691/3691/3691
f 3867/3867/3867 3535/3535/3535 3751/3751/3751 3750/3750/3750
f 3876/3876/3876 3868/3868/3868 3867/3867/3867 3750/3750/3750
f 3618/3618/3618 3617/3617/3617 3614/3614/3614 3613/3613/3613
f 3613/3613/3613 3612/3612/3612 3877/3877/3877 3618/3618/3618
f 3707/3707/3707 3706/3706/3706 3692/3692/3692 3697/3697/3697
f 3695/3695/3695 3707/3707/3707 3697/3697/3697 3878/3878/3878
f 3714/3714/3714 3862/3862/3862 3617/3617/3617 3618/3618/3618
f 3717/3717/3717 3713/3713/3713 3862/3862/3862 3714/3714/3714
f 3863/3863/3863 3713/3713/3713 3717/3717/3717 3712/3712/3712
f 3864/3864/3864 3863/3863/3863 3712/3712/3712 3718/3718/3718
f 3660/3660/3660 3695/3695/3695 3878/3878/3878 3528/3528/3528
f 3577/3577/3577 3869/3869/3869 3575/3575/3575 3576/3576/3576
f 3642/3642/3642 3643/3643/3643 3655/3655/3655 3527/3527/3527
f 3879/3879/3879 3870/3870/3870 3659/3659/3659 3666/3666/3666
f 3669/3669/3669 3673/3673/3673 3871/3871/3871 3688/3688/3688
f 3514/3514/3514 3872/3872/3872 3719/3719/3719 3748/3748/3748
f 3872/3872/3872 3864/3864/3864 3718/3718/3718 3719/3719/3719
f 3577/3577/3577 3514/3514/3514 3748/3748/3748 3880/3880/3880
f 3751/3751/3751 3869/3869/3869 3577/3577/3577 3880/3880/3880
f 3642/3642/3642 3527/3527/3527 3881/3881/3881 3645/3645/3645
f 3656/3656/3656 3660/3660/3660 3528/3528/3528 3667/3667/3667
f 3877/3877/3877 3612/3612/3612 3645/3645/3645 3644/3644/3644
f 3655/3655/3655 3643/3643/3643 3873/3873/3873 3685/3685/3685
f 3685/3685/3685 3873/3873/3873 3870/3870/3870 3879/3879/3879
f 3663/3663/3663 3866/3866/3866 3656/3656/3656 3667/3667/3667
f 3659/3659/3659 3663/3663/3663 3667/3667/3667 3666/3666/3666
f 3673/3673/3673 3669/3669/3669 3670/3670/3670 3671/3671/3671
f 3691/3691/3691 3682/3682/3682 3689/3689/3689 3690/3690/3690
f 3874/3874/3874 3674/3674/3674 3671/3671/3671 3690/3690/3690
f 3618/3618/3618 3877/3877/3877 3882/3882/3882 3714/3714/3714
f 3868/3868/3868 3876/3876/3876 3734/3734/3734 3875/3875/3875
f 3732/3732/3732 3875/3875/3875 3730/3730/3730 3729/3729/3729
f 3871/3871/3871 3729/3729/3729 3731/3731/3731 3688/3688/3688
f 3693/3693/3693 3692/3692/3692 3691/3691/3691 3690/3690/3690
f 3662/3662/3662 3697/3697/3697 3692/3692/3692 3693/3693/3693
f 3878/3878/3878 3697/3697/3697 3662/3662/3662 3668/3668/3668
f 3883/3883/3883 3528/3528/3528 3878/3878/3878 3668/3668/3668
f 3750/3750/3750 3751/3751/3751 3880/3880/3880 3753/3753/3753
f 3722/3722/3722 3876/3876/3876 3750/3750/3750 3753/3753/3753
f 3527/3527/3527 3655/3655/3655 3684/3684/3684 3884/3884/3884
f 3879/3879/3879 3666/3666/3666 3664/3664/3664 3665/3665/3665
f 3672/3672/3672 3669/3669/3669 3688/3688/3688 3676/3676/3676
f 3712/3712/3712 3717/3717/3717 3720/3720/3720 3721/3721/3721
f 3720/3720/3720 3717/3717/3717 3714/3714/3714 3882/3882/3882
f 3741/3741/3741 3718/3718/3718 3712/3712/3712 3721/3721/3721
f 3748/3748/3748 3719/3719/3719 3740/3740/3740 3752/3752/3752
f 3667/3667/3667 3528/3528/3528 3883/3883/3883 3666/3666/3666
f 3753/3753/3753 3880/3880/3880 3748/3748/3748 3752/3752/3752
f 3719/3719/3719 3718/3718/3718 3741/3741/3741 3740/3740/3740
f 3684/3684/3684 3655/3655/3655 3685/3685/3685 3736/3736/3736
f 3685/3685/3685 3879/3879/3879 3665/3665/3665 3736/3736/3736
f 3669/3669/3669 3672/3672/3672 3668/3668/3668 3670/3670/3670
f 3693/3693/3693 3690/3690/3690 3671/3671/3671 3670/3670/3670
f 3670/3670/3670 3668/3668/3668 3662/3662/3662 3693/3693/3693
f 3676/3676/3676 3688/3688/3688 3731/3731/3731 3735/3735/3735
f 3730/3730/3730 3875/3875/3875 3734/3734/3734 3733/3733/3733
f 3731/3731/3731 3729/3729/3729 3730/3730/3730 3733/3733/3733
f 3876/3876/3876 3722/3722/3722 3885/3885/3885 3734/3734/3734
f 3882/3882/3882 3877/3877/3877 3644/3644/3644 3892/3892/3892
f 3720/3720/3720 3882/3882/3882 3892/3892/3892 3721/3721/3721
f 3644/3644/3644 3645/3645/3645 3881/3881/3881 3886/3886/3886
f 3881/3881/3881 3527/3527/3527 3884/3884/3884 3886/3886/3886
f 3664/3664/3664 3666/3666/3666 3883/3883/3883 3679/3679/3679
f 3883/3883/3883 3668/3668/3668 3672/3672/3672 3679/3679/3679
f 3679/3679/3679 3672/3672/3672 3676/3676/3676 3683/3683/3683
f 3738/3738/3738 3741/3741/3741 3721/3721/3721 3892/3892/3892
f 3887/3887/3887 3722/3722/3722 3753/3753/3753 3752/3752/3752
f 3887/3887/3887 3752/3752/3752 3740/3740/3740 3742/3742/3742
f 3665/3665/3665 3664/3664/3664 3889/3889/3889 3888/3888/3888
f 3890/3890/3890 3884/3884/3884 3684/3684/3684 3743/3743/3743
f 3889/3889/3889 3664/3664/3664 3679/3679/3679 3683/3683/3683
f 3740/3740/3740 3741/3741/3741 3738/3738/3738 3742/3742/3742
f 3644/3644/3644 3886/3886/3886 3891/3891/3891 3892/3892/3892
f 3676/3676/3676 3735/3735/3735 3686/3686/3686 3683/3683/3683
f 3743/3743/3743 3684/3684/3684 3736/3736/3736 3737/3737/3737
f 3736/3736/3736 3665/3665/3665 3888/3888/3888 3737/3737/3737
f 3735/3735/3735 3731/3731/3731 3733/3733/3733 3893/3893/3893
f 3893/3893/3893 3733/3733/3733 3734/3734/3734 3885/3885/3885
f 3722/3722/3722 3887/3887/3887 3895/3895/3895 3885/3885/3885
f 3895/3895/3895 3887/3887/3887 3742/3742/3742 3749/3749/3749
f 3886/3886/3886 3884/3884/3884 3890/3890/3890 3891/3891/3891
f 3678/3678/3678 3888/3888/3888 3889/3889/3889 3683/3683/3683
f 3738/3738/3738 3892/3892/3892 3891/3891/3891 3739/3739/3739
f 3890/3890/3890 3743/3743/3743 3739/3739/3739 3891/3891/3891
f 3742/3742/3742 3738/3738/3738 3739/3739/3739 3749/3749/3749
f 3678/3678/3678 3683/3683/3683 3686/3686/3686 3894/3894/3894
f 3686/3686/3686 3735/3735/3735 3893/3893/3893 3894/3894/3894
f 3737/3737/3737 3888/3888/3888 3678/3678/3678 3749/3749/3749
f 3894/3894/3894 3893/3893/3893 3885/3885/3885 3895/3895/3895
f 3739/3739/3739 3743/3743/3743 3737/3737/3737 3749/3749/3749
f 3895/3895/3895 3749/3749/3749 3678/3678/3678 3894/3894/3894
